product_id,warehouse,stock_quantity,reorder_level,stock_status,last_updated
OFF-KLE-10000527,Singapore Warehouse ,256.0,51.0,In Stock,2026-07-20
FUR-TA-10003690,Rotterdam Warehouse,70.0,14.0,In Stock,
OFF-ELI-10001351,Singapore Warehouse,445.0,89.0,In Stock,2026-07-20
FUR-CH-10002780,Rotterdam Warehouse,,12.0,In Stock,2026-07-20
TEC-PH-10001536,Chicago Warehouse,104.0,20.0,In Stock,2026-07-20
OFF-LA-10002490,Singapore Warehouse,376.0,75.0,In Stock,2026-07-20
OFF-PA-10002219,Singapore Warehouse,329.0,65.0,In Stock,2026-07-20
OFF-LA-10002086,Singapore Warehouse,350.0,70.0,In-Stock,2026-07-20
OFF-BI-10003588,Singapore Warehouse,310.0,62.0,In Stock,2026-07-20
OFF-PA-10003790,Singapore Warehouse,265.0,53.0,In Stock,
OFF-EN-10000215,Singapore Warehouse,384.0,76.0,In Stock,20/07/2026
FUR-TA-10004722,Rotterdam Warehouse,85.0,17.0,In Stock,2026-07-20
FUR-FU-10003235,Rotterdam Warehouse,107.0,21.0,In Stock,2026-07-20
OFF-AR-10002991,Singapore Warehouse,337.0,67.0,In Stock,20/07/2026
OFF-PA-10002671,Singapore Warehouse,240.0,48.0,In Stock,2026-07-20
TEC-PH-10004404,Chicago Warehouse,143.0,28.0,In Stock,2026-07-20
OFF-ST-10002506,Singapore Warehouse,421.0,84.0,In Stock,2026-07-20
TEC-CO-10000821,Chicago Warehouse,169.0,33.0,In Stock,2026-07-20
OFF-BI-10000328,Singapore Warehouse,397.0,79.0,In Stock,2026-07-20
OFF-KRA-10002441,Singapore Warehouse,413.0,82.0,In Stock,2026-07-20
TEC-MEM-10000263,,248.0,49.0,In Stock,2026-07-20
OFF-ST-10004668,Singapore Warehouse,403.0,80.0,In Stock,2026-07-20
OFF-WIL-10003774,Singapore Warehouse,486.0,97.0,In Stock,2026-07-20
OFF-EN-10001823,Singapore Warehouse,389.0,77.0,In Stock,2026-07-20
OFF-AR-10001068,Singapore Warehouse,256.0,51.0,In Stock,2026-07-20
FUR-BO-10003549,Rotterdam Warehouse,113.0,22.0,In Stock,2026-07-20
TEC-PH-10000896,Chicago Warehouse,202.0,40.0,In Stock,2026-07-20
TEC-AC-10004269,Chicago Warehouse,113.0,22.0,In Stock,20/07/2026
OFF-PA-10002222,Singapore Warehouse,237.0,47.0,In Stock,2026-07-20
OFF-AP-10000078,Singapore Warehouse,438.0,87.0,In Stock,2026-07-20
OFF-BI-10002796,Singapore Warehouse,486.0,97.0,In Stock,2026-07-20
OFF-AP-10002413,Singapore Warehouse,457.0,91.0,In Stock,2026-07-20
TEC-AC-10001990,Chicago Warehouse,,16.0,In Stock,2026-07-20
FUR-CH-10000105,Rotterdam Warehouse,115.0,,In Stock,2026-07-20
TEC-PH-10003535,Chicago Warehouse,189.0,37.0,In Stock,2026-07-20
OFF-BI-10002594,Singapore Warehouse,259.0,51.0,In Stock,2026-07-20
OFF-EN-10002849,Singapore Warehouse,285.0,57.0,In Stock,2026-07-20
TEC-CIS-10002344,Chicago Warehouse,221.0,44.0,In Stock,2026-07-20
OFF-SU-10001165,Singapore Warehouse,329.0,65.0,In Stock,2026-07-20
OFF-SU-10001624,Singapore Warehouse,291.0,58.0,In Stock,2026-07-20
FUR-TA-10000073,Rotterdam Warehouse,64.0,12.0,In Stock,2026-07-20
OFF-AP-10000604,Singapore Warehouse,391.0,78.0,In Stock,2026-07-20
TEC-MA-10002368,Chicago Warehouse,127.0,25.0,In Stock,
OFF-PA-10001837,Singapore Warehouse,372.0,74.0,In Stock,2026-07-20
OFF-AR-10001725,Singapore Warehouse,342.0,68.0,In Stock,2026-07-20
TEC-BEL-10002178,Chicago Warehouse,241.0,48.0,In Stock,2026-07-20
FUR-ADV-10001283,Rotterdam Warehouse,147.0,29.0,In Stock,2026-07-20
OFF-PA-10000655,Singapore Warehouse,314.0,62.0,IN STOCK,2026-07-20
OFF-ROG-10002818,Singapore Warehouse,450.0,90.0,In Stock,20/07/2026
OFF-EN-10004473,Singapore Warehouse,218.0,43.0,In Stock,2026-07-20
OFF-LA-10003820,Singapore Warehouse,306.0,61.0,In Stock,2026-07-20
TEC-MA-10004626,Chicago Warehouse,89.0,17.0,In Stock,
TEC-MA-10000461,Chicago Warehouse,130.0,26.0,In Stock,2026-07-20
TEC-AC-10000633,Chicago Warehouse,196.0,39.0,In Stock,2026-07-20
TEC-CO-10000786,Chicago Warehouse,130.0,26.0,In Stock,2026-07-20
OFF-AR-10000767,Singapore Warehouse,426.0,85.0,In Stock,2026-07-20
TEC-PH-10003092,Chicago Warehouse,183.0,36.0,In Stock,2026-07-20
FUR-TA-10004416,Rotterdam Warehouse,106.0,21.0,In Stock,2026-07-20
TEC-AC-10001636,Chicago Warehouse,,23.0,,2026-07-20
TEC-CO-10003346,Chicago Warehouse,80.0,16.0,In Stock,2026-07-20
OFF-BI-10002711,Singapore Warehouse,218.0,43.0,In Stock,2026-07-20
OFF-PA-10001033,Singapore Warehouse,484.0,96.0,In Stock,2026-07-20
OFF-BI-10003925,Singapore Warehouse,241.0,48.0,In Stock,2026-07-20
FUR-DAN-10003334,Rotterdam Warehouse,54.0,10.0,In Stock,
TEC-MA-10000964,Chicago Warehouse,158.0,31.0,In Stock,2026-07-20
OFF-AP-10004227,Singapore Warehouse,218.0,43.0,In Stock,2026-07-20
OFF-GRE-10000492,Singapore Warehouse ,359.0,71.0,In Stock,2026-07-20
TEC-AC-10000140,Chicago Warehouse,155.0,31.0,In Stock,2026-07-20
OFF-PA-10002101,Singapore Warehouse,499.0,99.0,In Stock,2026-07-20
TEC-ENE-10001541,Chicago Warehouse,135.0,27.0,In Stock,2026-07-20
OFF-ACC-10001281,Singapore Warehouse,349.0,69.0,In Stock,2026-07-20
OFF-BI-10001645,Singapore Warehouse,314.0,62.0,In Stock,2026-07-20
FUR-TA-10000355,Rotterdam Warehouse,145.0,29.0,IN STOCK,2026-07-20
FUR-BO-10004679,Rotterdam Warehouse,87.0,17.0,In Stock,2026-07-20
TEC-CAN-10001256,Chicago Warehouse,128.0,25.0,In Stock,2026-07-20
TEC-AC-10003750,Chicago Warehouse,167.0,33.0,In Stock,2026-07-20
OFF-LA-10001019,Singapore Warehouse,354.0,,In Stock,2026-07-20
FUR-CH-10000336,Rotterdam Warehouse,78.0,15.0,In Stock,2026-07-20
OFF-AR-10003631,Singapore Warehouse,322.0,64.0,In Stock,2026-07-20
OFF-SU-10000926,Singapore Warehouse,376.0,75.0,In Stock,2026-07-20
TEC-PH-10003486,Chicago Warehouse,194.0,38.0,IN STOCK,2026-07-20
OFF-AR-10001672,Singapore Warehouse,299.0,59.0,In Stock,2026-07-20
OFF-ST-10004017,Singapore Warehouse,461.0,92.0,In Stock,2026-07-20
TEC-AC-10004044,Chicago Warehouse,242.0,48.0,In Stock,2026-07-20
OFF-NOV-10004671,Singapore Warehouse ,443.0,88.0,In Stock,2026-07-20
FUR-TA-10000164,Rotterdam Warehouse,114.0,22.0,In Stock,2026-07-20
FUR-TA-10000963,Rotterdam Warehouse,131.0,26.0,In Stock,2026-07-20
FUR-BO-10001872,Rotterdam Warehouse,55.0,11.0,In Stock,2026-07-20
OFF-SU-10002363,Singapore Warehouse,482.0,96.0,In Stock,2026-07-20
OFF-EN-10004507,Singapore Warehouse,476.0,95.0,In Stock,2026-07-20
FUR-FU-10003069,Rotterdam Warehouse,132.0,26.0,In Stock,2026-07-20
FUR-FU-10001086,Rotterdam Warehouse,115.0,23.0,In Stock,2026-07-20
OFF-BI-10004185,Singapore Warehouse,278.0,55.0,In Stock,2026-07-20
OFF-BI-10002627,Singapore Warehouse,418.0,83.0,In Stock,2026-07-20
FUR-TA-10001307,Rotterdam Warehouse,78.0,15.0,In Stock,2026-07-20
TEC-AC-10004510,Chicago Warehouse,204.0,40.0,In Stock,2026-07-20
OFF-AP-10003497,Singapore Warehouse,270.0,54.0,In Stock,2026-07-20
FUR-FU-10002407,Rotterdam Warehouse,51.0,10.0,In Stock,2026-07-20
OFF-AP-10004464,Singapore Warehouse,325.0,65.0,In Stock,20/07/2026
FUR-TA-10002912,Rotterdam Warehouse,53.0,10.0,In Stock,2026-07-20
OFF-STI-10001136,Singapore Warehouse,352.0,70.0,In Stock,2026-07-20
OFF-PA-10003543,Singapore Warehouse,337.0,67.0,In Stock,2026-07-20
FUR-HON-10003080,Rotterdam Warehouse,90.0,18.0,In Stock,2026-07-20
TEC-CAN-10004697,Chicago Warehouse,164.0,32.0,In Stock,2026-07-20
TEC-CO-10002759,Chicago Warehouse,85.0,17.0,,2026-07-20
OFF-ACC-10001285,Singapore Warehouse,418.0,83.0,In Stock,2026-07-20
TEC-MA-10000374,Chicago Warehouse,241.0,48.0,IN STOCK,2026-07-20
TEC-PH-10001708,Chicago Warehouse,223.0,44.0,In Stock,2026-07-20
OFF-AP-10001567,Singapore Warehouse,235.0,47.0,In Stock,2026-07-20
FUR-CH-10000665,Rotterdam Warehouse ,123.0,24.0,IN STOCK,2026-07-20
OFF-ST-10002539,,447.0,89.0,In Stock,2026-07-20
FUR-HON-10001960,Rotterdam Warehouse,116.0,23.0,In Stock,2026-07-20
OFF-PA-10001497,Singapore Warehouse,435.0,87.0,In Stock,2026-07-20
OFF-PA-10000362,Singapore Warehouse,265.0,53.0,In Stock,2026-07-20
TEC-PH-10001949,Chicago Warehouse,161.0,32.0,In Stock,2026-07-20
FUR-CH-10003822,Rotterdam Warehouse,64.0,,,2026-07-20
OFF-AR-10003897,Singapore Warehouse,285.0,57.0,IN STOCK,2026-07-20
OFF-AR-10001972,Singapore Warehouse,376.0,75.0,In Stock,2026-07-20
TEC-MA-10002629,Chicago Warehouse,170.0,34.0,In Stock,2026-07-20
TEC-MA-10003101,Chicago Warehouse,167.0,33.0,In Stock,2026-07-20
OFF-ST-10003750,Singapore Warehouse,365.0,73.0,In Stock,
OFF-FA-10000067,Singapore Warehouse,343.0,68.0,IN STOCK,2026-07-20
OFF-LA-10004745,Singapore Warehouse,296.0,59.0,In Stock,2026-07-20
OFF-ST-10000306,Singapore Warehouse,420.0,84.0,In Stock,2026-07-20
OFF-SU-10003659,Singapore Warehouse,404.0,80.0,In Stock,
FUR-FU-10003326,Rotterdam Warehouse,144.0,28.0,In Stock,2026-07-20
OFF-ROG-10002279,Singapore Warehouse,230.0,46.0,In Stock,2026-07-20
OFF-ST-10001554,Singapore Warehouse,383.0,76.0,In Stock,2026-07-20
TEC-CO-10003349,Chicago Warehouse,122.0,24.0,In Stock,2026-07-20
OFF-HAM-10004674,Singapore Warehouse,472.0,94.0,In Stock,2026-07-20
TEC-PH-10000705,Chicago Warehouse,87.0,17.0,In Stock,2026-07-20
OFF-SME-10004323,Singapore Warehouse,398.0,79.0,In Stock,2026-07-20
FUR-TA-10004175,Rotterdam Warehouse,74.0,14.0,In Stock,2026-07-20
FUR-RUB-10001094,Rotterdam Warehouse,123.0,24.0,In Stock,2026-07-20
OFF-EN-10003529,Singapore Warehouse,310.0,62.0,In Stock,20/07/2026
OFF-ST-10000287,Singapore Warehouse,382.0,76.0,In Stock,2026-07-20
OFF-PA-10002043,Singapore Warehouse,275.0,55.0,In Stock,2026-07-20
TEC-MA-10003492,Chicago Warehouse,213.0,42.0,In Stock,2026-07-20
FUR-BO-10003968,Rotterdam Warehouse,75.0,15.0,In Stock,2026-07-20
TEC-SAM-10003520,Chicago Warehouse,99.0,19.0,IN STOCK,2026-07-20
FUR-CH-10002417,Rotterdam Warehouse,,18.0,In Stock,20/07/2026
FUR-ADV-10002632,,110.0,22.0,In Stock,20/07/2026
TEC-MA-10000606,Chicago Warehouse,,46.0,In Stock,2026-07-20
OFF-ST-10004428,Singapore Warehouse,455.0,91.0,In Stock,2026-07-20
FUR-FU-10000647,Rotterdam Warehouse,57.0,11.0,In Stock,2026-07-20
FUR-FU-10001588,Rotterdam Warehouse,89.0,17.0,In Stock,2026-07-20
OFF-ACC-10004910,Singapore Warehouse,384.0,76.0,In Stock,2026-07-20
OFF-STA-10001895,Singapore Warehouse,465.0,93.0,In Stock,2026-07-20
OFF-FA-10003668,Singapore Warehouse,272.0,54.0,In Stock,2026-07-20
OFF-EN-10004012,Singapore Warehouse,,52.0,In Stock,20/07/2026
FUR-CH-10000213,Rotterdam Warehouse,144.0,28.0,In Stock,2026-07-20
TEC-AC-10000221,Chicago Warehouse,86.0,17.0,In Stock,2026-07-20
OFF-SU-10001791,Singapore Warehouse,370.0,74.0,In Stock,2026-07-20
TEC-CO-10003534,Chicago Warehouse,115.0,23.0,In Stock,2026-07-20
OFF-ELI-10000711,Singapore Warehouse,247.0,49.0,In Stock,2026-07-20
OFF-PA-10000081,Singapore Warehouse,408.0,81.0,In Stock,2026-07-20
OFF-HAR-10003659,,322.0,64.0,In Stock,2026-07-20
OFF-ST-10004191,Singapore Warehouse,284.0,56.0,In Stock,2026-07-20
OFF-FA-10001832,Singapore Warehouse,369.0,73.0,In Stock,2026-07-20
TEC-CIS-10003501,Chicago Warehouse,200.0,,In Stock,2026-07-20
TEC-EPS-10004171,Chicago Warehouse,235.0,47.0,IN STOCK,2026-07-20
OFF-EN-10000352,Singapore Warehouse,480.0,96.0,In Stock,2026-07-20
OFF-LA-10000157,Singapore Warehouse,386.0,77.0,In Stock,2026-07-20
OFF-ST-10002318,Singapore Warehouse,412.0,82.0,In Stock,2026-07-20
OFF-AR-10001683,Singapore Warehouse,204.0,40.0,In Stock,2026-07-20
TEC-AC-10003422,Chicago Warehouse,216.0,43.0,In Stock,2026-07-20
OFF-SU-10000164,Singapore Warehouse,383.0,76.0,In Stock,2026-07-20
FUR-OFF-10003703,,102.0,20.0,In Stock,2026-07-20
OFF-SU-10001406,Singapore Warehouse,451.0,90.0,In Stock,2026-07-20
OFF-BI-10002414,Singapore Warehouse,347.0,69.0,In Stock,2026-07-20
OFF-EN-10004303,Singapore Warehouse,314.0,62.0,In Stock,2026-07-20
OFF-PA-10001790,Singapore Warehouse,407.0,81.0,In Stock,2026-07-20
FUR-HON-10001847,Rotterdam Warehouse,95.0,19.0,In Stock,2026-07-20
FUR-CH-10000595,Rotterdam Warehouse,53.0,10.0,IN STOCK,2026-07-20
FUR-TA-10003771,Rotterdam Warehouse,113.0,22.0,In Stock,2026-07-20
OFF-LA-10002827,Singapore Warehouse,280.0,56.0,IN STOCK,2026-07-20
FUR-BO-10004399,Rotterdam Warehouse ,116.0,23.0,In Stock,20/07/2026
OFF-AR-10002053,Singapore Warehouse,394.0,78.0,In Stock,2026-07-20
OFF-ST-10002370,Singapore Warehouse,391.0,78.0,In Stock,2026-07-20
OFF-PA-10000418,Singapore Warehouse,306.0,61.0,In Stock,2026-07-20
TEC-CO-10001264,Chicago Warehouse,111.0,22.0,IN STOCK,2026-07-20
OFF-LA-10003337,Singapore Warehouse,341.0,68.0,In Stock,2026-07-20
OFF-AR-10004707,Singapore Warehouse,342.0,68.0,In Stock,2026-07-20
OFF-ST-10000290,Singapore Warehouse,,95.0,In Stock,2026-07-20
OFF-ST-10003282,Singapore Warehouse,457.0,91.0,In Stock,2026-07-20
OFF-ST-10000060,Singapore Warehouse,344.0,68.0,IN STOCK,
OFF-LA-10001375,Singapore Warehouse,432.0,86.0,In Stock,2026-07-20
FUR-FU-10004848,Rotterdam Warehouse,97.0,19.0,In Stock,2026-07-20
TEC-AC-10000598,Chicago Warehouse,144.0,28.0,In Stock,2026-07-20
FUR-FU-10002379,Rotterdam Warehouse,96.0,19.0,In Stock,2026-07-20
OFF-AP-10003363,Singapore Warehouse,417.0,83.0,In Stock,2026-07-20
OFF-CAR-10000687,Singapore Warehouse,392.0,78.0,In Stock,2026-07-20
OFF-PA-10003919,Singapore Warehouse,452.0,90.0,In Stock,2026-07-20
OFF-LA-10004738,Singapore Warehouse,402.0,80.0,In Stock,2026-07-20
OFF-PA-10001733,Singapore Warehouse,329.0,65.0,In Stock,2026-07-20
OFF-ACM-10000476,Singapore Warehouse,375.0,75.0,In Stock,2026-07-20
TEC-HP -10002095,Chicago Warehouse,183.0,36.0,In Stock,2026-07-20
TEC-AC-10004518,Chicago Warehouse,107.0,21.0,IN STOCK,2026-07-20
TEC-BRO-10003401,Chicago Warehouse,242.0,48.0,In Stock,2026-07-20
TEC-AC-10000865,Chicago Warehouse,145.0,29.0,In Stock,2026-07-20
OFF-BI-10001650,Singapore Warehouse,414.0,82.0,In Stock,2026-07-20
FUR-BO-10001287,Rotterdam Warehouse ,139.0,27.0,In Stock,2026-07-20
FUR-CH-10003973,Rotterdam Warehouse,,27.0,In Stock,2026-07-20
OFF-EN-10004977,Singapore Warehouse,220.0,44.0,In Stock,2026-07-20
FUR-FU-10000669,Rotterdam Warehouse,71.0,14.0,In Stock,2026-07-20
OFF-PA-10002618,Singapore Warehouse,391.0,78.0,In Stock,2026-07-20
OFF-LA-10002995,Singapore Warehouse,256.0,51.0,In Stock,2026-07-20
TEC-HP -10003248,Chicago Warehouse,112.0,22.0,In Stock,2026-07-20
OFF-LA-10000709,Singapore Warehouse,330.0,66.0,In Stock,2026-07-20
OFF-FA-10000585,Singapore Warehouse,474.0,94.0,In Stock,2026-07-20
OFF-STO-10000347,Singapore Warehouse,457.0,91.0,In Stock,2026-07-20
OFF-HAM-10003628,Singapore Warehouse,384.0,76.0,,2026-07-20
OFF-PA-10004101,Singapore Warehouse,287.0,57.0,In Stock,2026-07-20
FUR-DEF-10000349,Rotterdam Warehouse,65.0,13.0,In Stock,2026-07-20
OFF-AR-10001654,Singapore Warehouse,215.0,43.0,In Stock,2026-07-20
OFF-AR-10003466,Singapore Warehouse,299.0,59.0,In Stock,2026-07-20
OFF-FA-10002895,Singapore Warehouse,460.0,92.0,In Stock,2026-07-20
OFF-AR-10001190,Singapore Warehouse,303.0,60.0,In Stock,2026-07-20
OFF-AP-10002573,Singapore Warehouse,382.0,76.0,IN STOCK,2026-07-20
OFF-AP-10002531,Singapore Warehouse,324.0,64.0,In Stock,2026-07-20
TEC-PH-10001760,Chicago Warehouse,106.0,21.0,In Stock,2026-07-20
TEC-BRO-10000663,Chicago Warehouse,172.0,34.0,IN STOCK,2026-07-20
OFF-SU-10001407,Singapore Warehouse,388.0,77.0,In Stock,2026-07-20
OFF-BI-10000042,Singapore Warehouse,344.0,68.0,In Stock,2026-07-20
FUR-ADV-10000002,Rotterdam Warehouse,135.0,27.0,In Stock,2026-07-20
TEC-CO-10000344,Chicago Warehouse,148.0,29.0,IN STOCK,2026-07-20
FUR-TA-10004757,Rotterdam Warehouse,140.0,28.0,In Stock,2026-07-20
OFF-FA-10003529,Singapore Warehouse,363.0,72.0,In Stock,2026-07-20
OFF-PA-10001523,Singapore Warehouse,228.0,45.0,In Stock,2026-07-20
OFF-PA-10003739,Singapore Warehouse,275.0,55.0,In Stock,2026-07-20
OFF-FA-10000439,Singapore Warehouse ,246.0,49.0,In Stock,2026-07-20
OFF-BI-10003265,Singapore Warehouse,360.0,72.0,In Stock,2026-07-20
OFF-EN-10004057,Singapore Warehouse,410.0,82.0,In Stock,2026-07-20
TEC-AC-10004203,Chicago Warehouse,240.0,48.0,In Stock,2026-07-20
OFF-BI-10004632,Singapore Warehouse,393.0,78.0,In Stock,2026-07-20
FUR-FU-10001950,Rotterdam Warehouse,130.0,26.0,In Stock,2026-07-20
OFF-PA-10002248,Singapore Warehouse,257.0,51.0,,2026-07-20
OFF-ST-10002562,Singapore Warehouse,432.0,86.0,In Stock,2026-07-20
OFF-AR-10000314,Singapore Warehouse,496.0,99.0,In Stock,
OFF-PA-10004326,Singapore Warehouse,298.0,59.0,In Stock,2026-07-20
OFF-PA-10000556,Singapore Warehouse,437.0,87.0,In Stock,2026-07-20
TEC-PH-10001884,Chicago Warehouse,173.0,34.0,In Stock,2026-07-20
TEC-PH-10002652,Chicago Warehouse,173.0,34.0,In Stock,2026-07-20
OFF-PA-10003381,Singapore Warehouse,348.0,69.0,In Stock,2026-07-20
TEC-PH-10002817,Chicago Warehouse,177.0,35.0,In Stock,2026-07-20
FUR-ELD-10003802,Rotterdam Warehouse,52.0,10.0,In Stock,2026-07-20
TEC-SAM-10000765,Chicago Warehouse,181.0,36.0,In Stock,2026-07-20
TEC-MA-10003298,Chicago Warehouse,119.0,23.0,In Stock,2026-07-20
OFF-LA-10001607,Singapore Warehouse,292.0,58.0,In Stock,2026-07-20
OFF-FA-10003020,Singapore Warehouse,208.0,41.0,In Stock,2026-07-20
TEC-MA-10001148,Chicago Warehouse,159.0,31.0,In Stock,2026-07-20
TEC-AC-10001076,Chicago Warehouse,163.0,32.0,IN STOCK,2026-07-20
FUR-DEF-10001359,Rotterdam Warehouse,132.0,26.0,In Stock,2026-07-20
TEC-AC-10001948,Chicago Warehouse,85.0,17.0,In Stock,2026-07-20
OFF-CAR-10004229,Singapore Warehouse,255.0,,In Stock,2026-07-20
OFF-TEN-10001585,Singapore Warehouse,373.0,74.0,In Stock,2026-07-20
TEC-PH-10004241,Chicago Warehouse,124.0,24.0,In Stock,2026-07-20
OFF-AP-10002041,Singapore Warehouse,250.0,50.0,In Stock,2026-07-20
TEC-HEW-10004172,Chicago Warehouse,211.0,42.0,In Stock,2026-07-20
TEC-PH-10002222,Chicago Warehouse,176.0,35.0,In Stock,2026-07-20
OFF-AP-10004868,Singapore Warehouse,367.0,73.0,In Stock,2026-07-20
FUR-FU-10001718,Rotterdam Warehouse,149.0,29.0,In Stock,2026-07-20
FUR-CH-10000333,Rotterdam Warehouse,57.0,11.0,IN STOCK,2026-07-20
OFF-EN-10003560,Singapore Warehouse,426.0,85.0,In Stock,2026-07-20
FUR-FU-10001475,Rotterdam Warehouse,51.0,10.0,IN STOCK,2026-07-20
OFF-FA-10003799,Singapore Warehouse,411.0,82.0,In Stock,2026-07-20
FUR-FU-10003194,Rotterdam Warehouse,109.0,21.0,In Stock,2026-07-20
OFF-EN-10003628,Singapore Warehouse,488.0,97.0,In Stock,2026-07-20
TEC-MOT-10004345,Chicago Warehouse,154.0,30.0,In Stock,2026-07-20
OFF-AP-10002608,Singapore Warehouse,361.0,72.0,,
FUR-BO-10000170,Rotterdam Warehouse,103.0,20.0,In Stock,2026-07-20
OFF-AME-10000851,Singapore Warehouse,409.0,81.0,In Stock,2026-07-20
TEC-AC-10000397,Chicago Warehouse,170.0,34.0,In Stock,2026-07-20
FUR-FU-10002957,Rotterdam Warehouse,148.0,29.0,In Stock,2026-07-20
OFF-PA-10000061,Singapore Warehouse,223.0,44.0,In Stock,2026-07-20
FUR-TA-10004667,Rotterdam Warehouse,113.0,22.0,In Stock,2026-07-20
OFF-EN-10004190,Singapore Warehouse,394.0,78.0,In Stock,2026-07-20
OFF-PA-10003573,Singapore Warehouse,261.0,52.0,In Stock,2026-07-20
OFF-STO-10000876,Singapore Warehouse,433.0,86.0,In Stock,2026-07-20
FUR-BO-10004357,Rotterdam Warehouse,114.0,22.0,In Stock,2026-07-20
OFF-PA-10004450,Singapore Warehouse,294.0,58.0,In Stock,
TEC-PH-10000038,Chicago Warehouse,202.0,40.0,In Stock,2026-07-20
OFF-LA-10002752,Singapore Warehouse,413.0,82.0,In Stock,2026-07-20
OFF-FA-10002964,Singapore Warehouse,353.0,70.0,In Stock,2026-07-20
TEC-AC-10003063,Chicago Warehouse,123.0,24.0,In Stock,2026-07-20
OFF-LA-10002334,Singapore Warehouse,219.0,43.0,In Stock,2026-07-20
TEC-PH-10001677,Chicago Warehouse,236.0,47.0,In Stock,2026-07-20
OFF-AP-10002577,Singapore Warehouse,407.0,81.0,IN STOCK,2026-07-20
TEC-AC-10000241,Chicago Warehouse,87.0,17.0,In Stock,20/07/2026
FUR-CH-10002116,Rotterdam Warehouse,138.0,27.0,In Stock,2026-07-20
OFF-PA-10004911,Singapore Warehouse,379.0,75.0,In Stock,2026-07-20
TEC-MA-10000697,Chicago Warehouse,220.0,44.0,In Stock,2026-07-20
TEC-PH-10000342,Chicago Warehouse,88.0,17.0,In Stock,2026-07-20
FUR-OFF-10001125,Rotterdam Warehouse,80.0,16.0,In Stock,2026-07-20
TEC-CO-10001162,Chicago Warehouse,196.0,39.0,In Stock,2026-07-20
OFF-BI-10003162,Singapore Warehouse,388.0,,In Stock,20/07/2026
OFF-XER-10001746,Singapore Warehouse,293.0,58.0,In Stock,2026-07-20
OFF-LA-10004677,Singapore Warehouse,454.0,90.0,In Stock,2026-07-20
TEC-AC-10001600,Chicago Warehouse,163.0,32.0,In Stock,2026-07-20
TEC-LOG-10001434,Chicago Warehouse,224.0,44.0,In Stock,2026-07-20
OFF-AP-10003800,Singapore Warehouse,384.0,76.0,In Stock,2026-07-20
FUR-TA-10003963,Rotterdam Warehouse,58.0,11.0,In Stock,2026-07-20
FUR-TA-10004937,Rotterdam Warehouse,95.0,19.0,IN STOCK,2026-07-20
TEC-STA-10002650,Chicago Warehouse,129.0,25.0,In Stock,2026-07-20
OFF-ST-10001780,Singapore Warehouse,338.0,67.0,In Stock,2026-07-20
OFF-ST-10002471,Singapore Warehouse,425.0,85.0,In Stock,2026-07-20
FUR-BO-10002471,Rotterdam Warehouse,55.0,11.0,In Stock,2026-07-20
FUR-TA-10003055,Rotterdam Warehouse,125.0,25.0,In Stock,2026-07-20
OFF-LA-10000438,Singapore Warehouse,254.0,50.0,In Stock,2026-07-20
TEC-CO-10003318,Chicago Warehouse,121.0,24.0,In Stock,2026-07-20
OFF-PA-10002073,,408.0,81.0,In Stock,2026-07-20
FUR-CH-10001795,Rotterdam Warehouse,73.0,14.0,In Stock,2026-07-20
OFF-XER-10004012,Singapore Warehouse,380.0,76.0,In Stock,2026-07-20
FUR-BO-10001524,Rotterdam Warehouse,142.0,28.0,In Stock,2026-07-20
OFF-AR-10001988,Singapore Warehouse,466.0,93.0,In Stock,2026-07-20
OFF-SU-10001722,Singapore Warehouse,405.0,81.0,In Stock,2026-07-20
FUR-TA-10001932,Rotterdam Warehouse,65.0,13.0,In Stock,2026-07-20
OFF-BIC-10002270,Singapore Warehouse,394.0,78.0,In Stock,2026-07-20
OFF-AR-10004685,Singapore Warehouse,382.0,76.0,In Stock,2026-07-20
OFF-AR-10000729,Singapore Warehouse,242.0,48.0,In Stock,2026-07-20
TEC-AC-10000317,Chicago Warehouse,186.0,37.0,In Stock,2026-07-20
OFF-CAR-10001911,Singapore Warehouse,306.0,,In Stock,2026-07-20
OFF-AR-10001132,Singapore Warehouse,407.0,81.0,In Stock,2026-07-20
TEC-BRO-10001293,Chicago Warehouse,89.0,17.0,In Stock,2026-07-20
FUR-TA-10001100,Rotterdam Warehouse,109.0,21.0,In Stock,2026-07-20
OFF-BI-10003031,Singapore Warehouse,449.0,89.0,In Stock,2026-07-20
OFF-AP-10000577,Singapore Warehouse,290.0,58.0,In Stock,20/07/2026
FUR-BO-10000002,Rotterdam Warehouse,103.0,20.0,In Stock,2026-07-20
OFF-BI-10004562,Singapore Warehouse ,252.0,50.0,In Stock,2026-07-20
OFF-PA-10002295,Singapore Warehouse,470.0,94.0,IN STOCK,2026-07-20
FUR-FU-10000672,Rotterdam Warehouse,,18.0,In Stock,2026-07-20
TEC-CAN-10004354,Chicago Warehouse,245.0,49.0,In Stock,2026-07-20
OFF-BI-10001135,Singapore Warehouse,280.0,56.0,In Stock,2026-07-20
FUR-BO-10002545,Rotterdam Warehouse,52.0,10.0,In Stock,2026-07-20
OFF-EN-10000358,Singapore Warehouse,455.0,91.0,In Stock,2026-07-20
TEC-AC-10003499,Chicago Warehouse ,116.0,23.0,In Stock,2026-07-20
OFF-ROG-10001549,Singapore Warehouse,469.0,93.0,In Stock,2026-07-20
OFF-EN-10003689,Singapore Warehouse,225.0,45.0,In Stock,2026-07-20
OFF-ST-10002605,Singapore Warehouse,,61.0,In Stock,2026-07-20
OFF-PA-10000743,Singapore Warehouse,453.0,90.0,In Stock,2026-07-20
FUR-FU-10003970,Rotterdam Warehouse,139.0,27.0,In Stock,2026-07-20
OFF-ENE-10003066,Singapore Warehouse,237.0,47.0,In Stock,2026-07-20
FUR-CH-10001854,Rotterdam Warehouse,136.0,27.0,In Stock,2026-07-20
TEC-MA-10000776,Chicago Warehouse,215.0,43.0,In Stock,2026-07-20
TEC-AC-10000422,Chicago Warehouse,239.0,47.0,In Stock,2026-07-20
TEC-AC-10000575,Chicago Warehouse,207.0,41.0,In Stock,2026-07-20
TEC-AC-10000303,Chicago Warehouse,97.0,19.0,In Stock,2026-07-20
FUR-TA-10003238,,55.0,11.0,In Stock,2026-07-20
TEC-AC-10001552,Chicago Warehouse,,25.0,In Stock,20/07/2026
OFF-AP-10001106,Singapore Warehouse,296.0,59.0,In Stock,2026-07-20
OFF-ST-10003785,Singapore Warehouse,330.0,66.0,IN STOCK,2026-07-20
FUR-BO-10004541,Rotterdam Warehouse,86.0,17.0,In Stock,2026-07-20
FUR-BO-10004980,Rotterdam Warehouse,98.0,19.0,In Stock,2026-07-20
OFF-LA-10002875,Singapore Warehouse,409.0,81.0,In Stock,2026-07-20
OFF-BI-10000404,Singapore Warehouse,277.0,55.0,In Stock,2026-07-20
OFF-AR-10001770,Singapore Warehouse,326.0,65.0,In Stock,2026-07-20
OFF-BIC-10001682,Singapore Warehouse,327.0,65.0,In Stock,
OFF-FA-10000146,Singapore Warehouse,450.0,90.0,In Stock,2026-07-20
TEC-MA-10003589,Chicago Warehouse,183.0,36.0,In Stock,2026-07-20
OFF-ST-10001932,Singapore Warehouse,363.0,72.0,In Stock,2026-07-20
TEC-CO-10002617,Chicago Warehouse,168.0,33.0,In Stock,
TEC-CIS-10000351,Chicago Warehouse,95.0,19.0,In Stock,20/07/2026
OFF-PA-10004261,Singapore Warehouse,,80.0,In Stock,2026-07-20
OFF-BI-10001078,Singapore Warehouse,489.0,97.0,In-Stock,2026-07-20
OFF-AR-10000503,Singapore Warehouse,483.0,96.0,In Stock,2026-07-20
FUR-DAN-10001462,Rotterdam Warehouse,67.0,13.0,In Stock,2026-07-20
OFF-SU-10003357,Singapore Warehouse,319.0,63.0,In Stock,2026-07-20
FUR-BO-10002309,Rotterdam Warehouse,138.0,27.0,In Stock,2026-07-20
FUR-BO-10001598,Rotterdam Warehouse,146.0,29.0,In Stock,2026-07-20
TEC-PH-10004760,Chicago Warehouse,178.0,35.0,In Stock,20/07/2026
OFF-PA-10001835,Singapore Warehouse,366.0,73.0,In Stock,2026-07-20
TEC-OKI-10000616,Chicago Warehouse,146.0,29.0,In Stock,2026-07-20
OFF-EN-10003619,Singapore Warehouse,456.0,91.0,In Stock,2026-07-20
FUR-FU-10004018,Rotterdam Warehouse,139.0,27.0,In Stock,2026-07-20
OFF-ST-10002271,Singapore Warehouse ,,95.0,In Stock,2026-07-20
TEC-AC-10002883,Chicago Warehouse,150.0,30.0,In Stock,
OFF-AP-10000576,Singapore Warehouse,272.0,54.0,In Stock,2026-07-20
TEC-AC-10001246,Chicago Warehouse,167.0,33.0,IN STOCK,2026-07-20
OFF-HAM-10004805,Singapore Warehouse,338.0,67.0,In Stock,2026-07-20
FUR-CH-10002275,Rotterdam Warehouse,124.0,24.0,In Stock,2026-07-20
OFF-BI-10000301,,222.0,44.0,In Stock,2026-07-20
FUR-FU-10004748,Rotterdam Warehouse,147.0,29.0,In Stock,2026-07-20
OFF-ACC-10003788,Singapore Warehouse,353.0,70.0,In Stock,2026-07-20
OFF-EN-10004955,Singapore Warehouse,208.0,41.0,IN STOCK,2026-07-20
FUR-DAN-10002741,Rotterdam Warehouse ,77.0,15.0,In Stock,2026-07-20
TEC-PH-10004970,Chicago Warehouse,115.0,23.0,In Stock,2026-07-20
FUR-TA-10003596,Rotterdam Warehouse,79.0,15.0,In Stock,2026-07-20
OFF-FEL-10004016,Singapore Warehouse ,498.0,99.0,In Stock,2026-07-20
OFF-AR-10002640,Singapore Warehouse,419.0,83.0,In Stock,2026-07-20
OFF-EN-10000788,Singapore Warehouse,216.0,43.0,In Stock,2026-07-20
FUR-FU-10001098,Rotterdam Warehouse,98.0,19.0,In Stock,2026-07-20
FUR-FU-10003192,Rotterdam Warehouse,140.0,28.0,In Stock,2026-07-20
TEC-MA-10002148,Chicago Warehouse,139.0,27.0,In Stock,
OFF-BI-10004738,Singapore Warehouse,433.0,86.0,In Stock,2026-07-20
OFF-ST-10000268,Singapore Warehouse,335.0,67.0,In Stock,2026-07-20
OFF-FA-10004910,Singapore Warehouse,475.0,95.0,In Stock,2026-07-20
FUR-FU-10000628,Rotterdam Warehouse,116.0,23.0,In Stock,2026-07-20
OFF-BI-10000440,Singapore Warehouse,202.0,40.0,In Stock,2026-07-20
OFF-EN-10003512,Singapore Warehouse,413.0,82.0,In Stock,2026-07-20
OFF-SME-10001149,Singapore Warehouse,297.0,59.0,In Stock,2026-07-20
OFF-AP-10000119,Singapore Warehouse,216.0,43.0,In Stock,2026-07-20
FUR-FU-10000816,Rotterdam Warehouse,136.0,27.0,In Stock,2026-07-20
TEC-PH-10001079,Chicago Warehouse,199.0,39.0,IN STOCK,20/07/2026
FUR-TA-10000283,Rotterdam Warehouse,98.0,19.0,In Stock,2026-07-20
TEC-CO-10003678,Chicago Warehouse,222.0,44.0,In Stock,2026-07-20
TEC-CO-10000405,Chicago Warehouse,139.0,27.0,In Stock,2026-07-20
OFF-ST-10004019,Singapore Warehouse,310.0,62.0,In Stock,2026-07-20
TEC-MA-10002264,Chicago Warehouse ,177.0,35.0,In Stock,2026-07-20
OFF-AR-10002706,Singapore Warehouse,347.0,69.0,In Stock,2026-07-20
TEC-AC-10001221,Chicago Warehouse,127.0,25.0,IN STOCK,2026-07-20
TEC-AC-10001611,Chicago Warehouse,125.0,25.0,In Stock,2026-07-20
OFF-ST-10003256,Singapore Warehouse,477.0,95.0,In Stock,2026-07-20
FUR-BO-10003450,Rotterdam Warehouse,99.0,19.0,In Stock,2026-07-20
OFF-SU-10002599,Singapore Warehouse,459.0,91.0,In Stock,2026-07-20
FUR-FU-10000567,Rotterdam Warehouse,115.0,23.0,In Stock,2026-07-20
OFF-SU-10001892,Singapore Warehouse,348.0,69.0,In Stock,2026-07-20
OFF-AR-10002677,Singapore Warehouse,250.0,50.0,IN STOCK,2026-07-20
FUR-LES-10002026,Rotterdam Warehouse,125.0,25.0,In Stock,2026-07-20
FUR-CH-10000302,Rotterdam Warehouse,127.0,25.0,In Stock,2026-07-20
OFF-BI-10003124,Singapore Warehouse,418.0,83.0,In Stock,2026-07-20
OFF-BI-10004318,Singapore Warehouse,267.0,53.0,In Stock,
FUR-SAF-10002495,Rotterdam Warehouse,146.0,29.0,In Stock,2026-07-20
OFF-BI-10002727,Singapore Warehouse,371.0,74.0,In Stock,2026-07-20
OFF-EN-10003668,Singapore Warehouse,200.0,40.0,In Stock,2026-07-20
OFF-SU-10000047,Singapore Warehouse,336.0,67.0,In Stock,2026-07-20
OFF-PA-10003835,,413.0,82.0,In Stock,2026-07-20
FUR-TA-10001602,Rotterdam Warehouse,65.0,13.0,In Stock,20/07/2026
OFF-FA-10003266,Singapore Warehouse,350.0,70.0,IN STOCK,2026-07-20
FUR-SAF-10004664,Rotterdam Warehouse,65.0,13.0,In Stock,2026-07-20
TEC-MA-10003801,Chicago Warehouse,190.0,38.0,In Stock,2026-07-20
OFF-AR-10000249,Singapore Warehouse ,372.0,74.0,In Stock,2026-07-20
OFF-ST-10001719,Singapore Warehouse,495.0,99.0,In Stock,2026-07-20
OFF-SU-10003739,,346.0,69.0,In Stock,2026-07-20
TEC-MA-10002178,Chicago Warehouse,85.0,17.0,IN STOCK,2026-07-20
FUR-DEF-10003140,Rotterdam Warehouse,54.0,10.0,In Stock,2026-07-20
OFF-AP-10004825,Singapore Warehouse,438.0,87.0,IN STOCK,2026-07-20
FUR-BO-10004103,Rotterdam Warehouse,,13.0,In Stock,2026-07-20
TEC-PH-10001918,Chicago Warehouse,121.0,24.0,In Stock,2026-07-20
OFF-PA-10001952,Singapore Warehouse,206.0,41.0,IN STOCK,2026-07-20
TEC-SAM-10001013,Chicago Warehouse,107.0,21.0,IN STOCK,2026-07-20
OFF-EAT-10001933,Singapore Warehouse,383.0,76.0,In Stock,2026-07-20
OFF-ST-10002214,Singapore Warehouse,482.0,96.0,In Stock,2026-07-20
OFF-BI-10004861,Singapore Warehouse,314.0,62.0,In Stock,2026-07-20
OFF-BI-10000171,Singapore Warehouse,323.0,64.0,IN STOCK,2026-07-20
TEC-PH-10004544,Chicago Warehouse,170.0,34.0,In Stock,2026-07-20
TEC-AC-10004420,Chicago Warehouse,119.0,23.0,In Stock,2026-07-20
OFF-LA-10001538,Singapore Warehouse,242.0,48.0,In Stock,2026-07-20
FUR-FU-10002960,Rotterdam Warehouse,60.0,12.0,In Stock,2026-07-20
FUR-RUB-10004420,Rotterdam Warehouse,73.0,14.0,In Stock,2026-07-20
OFF-PA-10000062,Singapore Warehouse,365.0,73.0,In Stock,2026-07-20
FUR-CH-10000013,Rotterdam Warehouse,71.0,14.0,In Stock,2026-07-20
FUR-BO-10001358,Rotterdam Warehouse,63.0,12.0,In Stock,
FUR-BO-10001867,Rotterdam Warehouse,100.0,20.0,In Stock,2026-07-20
TEC-PH-10001470,Chicago Warehouse,144.0,28.0,In Stock,
OFF-SU-10000946,Singapore Warehouse,275.0,55.0,In Stock,2026-07-20
OFF-AP-10002082,Singapore Warehouse,363.0,72.0,In Stock,2026-07-20
OFF-SU-10000180,Singapore Warehouse,246.0,49.0,In Stock,2026-07-20
OFF-BI-10004002,Singapore Warehouse,459.0,91.0,In Stock,2026-07-20
OFF-AP-10004972,Singapore Warehouse ,307.0,61.0,In Stock,
FUR-BO-10000891,Rotterdam Warehouse,64.0,12.0,In Stock,2026-07-20
OFF-PA-10002581,Singapore Warehouse,377.0,,In Stock,2026-07-20
TEC-AC-10003659,Chicago Warehouse,246.0,49.0,IN STOCK,2026-07-20
TEC-AC-10000152,Chicago Warehouse,90.0,18.0,In Stock,2026-07-20
TEC-AC-10000873,Chicago Warehouse,196.0,39.0,In Stock,2026-07-20
TEC-ENE-10004192,Chicago Warehouse,226.0,45.0,In Stock,2026-07-20
OFF-KLE-10001699,Singapore Warehouse,386.0,77.0,In Stock,2026-07-20
OFF-EN-10003176,Singapore Warehouse,401.0,80.0,In Stock,2026-07-20
TEC-MA-10003441,Chicago Warehouse,232.0,46.0,In Stock,2026-07-20
FUR-CH-10002631,Rotterdam Warehouse,141.0,28.0,In Stock,2026-07-20
FUR-BEV-10004919,Rotterdam Warehouse,108.0,21.0,In Stock,2026-07-20
FUR-BO-10003894,Rotterdam Warehouse,103.0,20.0,In Stock,2026-07-20
OFF-SU-10004446,Singapore Warehouse,371.0,74.0,IN STOCK,2026-07-20
FUR-TA-10001433,Rotterdam Warehouse ,61.0,12.0,In Stock,2026-07-20
TEC-CO-10002284,Chicago Warehouse,117.0,23.0,In Stock,2026-07-20
OFF-BI-10001628,Singapore Warehouse,273.0,54.0,In Stock,2026-07-20
OFF-ACC-10000218,Singapore Warehouse,261.0,52.0,In Stock,2026-07-20
TEC-PH-10002641,Chicago Warehouse,185.0,,In Stock,2026-07-20
TEC-PH-10004531,Chicago Warehouse,165.0,33.0,In Stock,2026-07-20
FUR-CH-10002060,Rotterdam Warehouse,117.0,23.0,IN STOCK,2026-07-20
TEC-MA-10003176,Chicago Warehouse,86.0,17.0,In Stock,2026-07-20
OFF-AR-10002445,Singapore Warehouse,455.0,91.0,In Stock,2026-07-20
TEC-AC-10000827,Chicago Warehouse,93.0,18.0,In Stock,2026-07-20
TEC-PH-10003927,Chicago Warehouse,112.0,22.0,In Stock,2026-07-20
OFF-PA-10003232,Singapore Warehouse,210.0,42.0,In Stock,2026-07-20
TEC-MA-10003674,Chicago Warehouse,210.0,42.0,In Stock,2026-07-20
OFF-BI-10000490,Singapore Warehouse,223.0,44.0,In Stock,2026-07-20
FUR-TEN-10003900,Rotterdam Warehouse ,78.0,15.0,In Stock,2026-07-20
TEC-CO-10001093,Chicago Warehouse,135.0,27.0,In Stock,2026-07-20
TEC-CO-10002587,Chicago Warehouse,128.0,25.0,In Stock,2026-07-20
OFF-ST-10004496,Singapore Warehouse,,83.0,In Stock,2026-07-20
OFF-AP-10001266,Singapore Warehouse,426.0,85.0,In Stock,2026-07-20
OFF-EN-10004525,Singapore Warehouse,450.0,90.0,In Stock,2026-07-20
TEC-AC-10001267,Chicago Warehouse,155.0,31.0,In Stock,2026-07-20
OFF-BI-10000106,Singapore Warehouse,249.0,49.0,In Stock,2026-07-20
OFF-FA-10001621,,340.0,68.0,In Stock,2026-07-20
TEC-PH-10000169,Chicago Warehouse,248.0,49.0,In Stock,2026-07-20
OFF-PA-10003039,Singapore Warehouse,,96.0,In Stock,2026-07-20
FUR-FU-10001410,Rotterdam Warehouse,66.0,13.0,In Stock,2026-07-20
TEC-CO-10004034,Chicago Warehouse,205.0,41.0,In Stock,2026-07-20
OFF-BOS-10000557,Singapore Warehouse,345.0,69.0,In Stock,2026-07-20
TEC-AC-10002335,Chicago Warehouse,200.0,40.0,In Stock,2026-07-20
FUR-ELD-10001413,Rotterdam Warehouse,87.0,17.0,In Stock,2026-07-20
OFF-BI-10004869,Singapore Warehouse,386.0,77.0,In Stock,2026-07-20
FUR-TA-10001289,Rotterdam Warehouse,90.0,18.0,In Stock,2026-07-20
OFF-LA-10000767,Singapore Warehouse,240.0,48.0,In Stock,2026-07-20
TEC-CO-10002817,Chicago Warehouse,162.0,32.0,In Stock,2026-07-20
OFF-ST-10001172,Singapore Warehouse,305.0,61.0,In Stock,2026-07-20
OFF-AME-10002923,Singapore Warehouse,254.0,50.0,IN STOCK,2026-07-20
TEC-AC-10000284,Chicago Warehouse,190.0,38.0,In Stock,2026-07-20
OFF-AP-10004466,Singapore Warehouse,405.0,81.0,In Stock,2026-07-20
OFF-IBI-10004916,Singapore Warehouse,439.0,87.0,In Stock,2026-07-20
OFF-SU-10003511,Singapore Warehouse,,63.0,IN STOCK,2026-07-20
OFF-AVE-10002311,Singapore Warehouse,423.0,84.0,In Stock,2026-07-20
TEC-PAN-10002884,Chicago Warehouse,146.0,29.0,In Stock,2026-07-20
OFF-CAM-10001761,Singapore Warehouse,286.0,57.0,In Stock,2026-07-20
OFF-AP-10002497,Singapore Warehouse,465.0,93.0,In Stock,2026-07-20
OFF-AR-10004818,Singapore Warehouse,,,In Stock,2026-07-20
FUR-ELD-10000038,Rotterdam Warehouse,62.0,12.0,In Stock,2026-07-20
OFF-STA-10001747,Singapore Warehouse,415.0,83.0,In Stock,2026-07-20
OFF-AP-10000864,Singapore Warehouse,216.0,43.0,IN STOCK,2026-07-20
TEC-CO-10004306,Chicago Warehouse,129.0,25.0,In Stock,2026-07-20
OFF-AR-10001405,Singapore Warehouse,484.0,96.0,In Stock,2026-07-20
FUR-HON-10000224,Rotterdam Warehouse,74.0,14.0,In Stock,2026-07-20
OFF-EN-10000025,Singapore Warehouse ,386.0,77.0,In Stock,2026-07-20
OFF-AP-10003866,Singapore Warehouse,429.0,85.0,In Stock,2026-07-20
FUR-CH-10003875,Rotterdam Warehouse,111.0,22.0,In Stock,2026-07-20
OFF-LA-10004964,Singapore Warehouse,319.0,63.0,In Stock,2026-07-20
OFF-EN-10000428,Singapore Warehouse,441.0,88.0,In Stock,2026-07-20
OFF-AR-10003896,Singapore Warehouse,318.0,63.0,In Stock,2026-07-20
FUR-FU-10003247,Rotterdam Warehouse,123.0,24.0,In Stock,2026-07-20
OFF-SME-10000018,Singapore Warehouse,304.0,60.0,In Stock,2026-07-20
OFF-GRE-10003334,Singapore Warehouse ,249.0,49.0,In Stock,2026-07-20
OFF-SU-10003211,Singapore Warehouse,422.0,84.0,In Stock,2026-07-20
FUR-BO-10002325,Rotterdam Warehouse,65.0,,In Stock,
OFF-PA-10001144,Singapore Warehouse,420.0,84.0,In Stock,2026-07-20
FUR-TA-10002172,Rotterdam Warehouse,69.0,13.0,In Stock,2026-07-20
OFF-EN-10001147,Singapore Warehouse,237.0,47.0,In Stock,2026-07-20
OFF-AP-10002118,Singapore Warehouse,350.0,70.0,In Stock,2026-07-20
FUR-FU-10001764,Rotterdam Warehouse,123.0,24.0,In Stock,2026-07-20
TEC-BRO-10000773,Chicago Warehouse,138.0,27.0,IN STOCK,2026-07-20
OFF-PA-10004888,Singapore Warehouse,210.0,42.0,In Stock,2026-07-20
OFF-BI-10000390,Singapore Warehouse,251.0,50.0,In Stock,2026-07-20
FUR-CH-10000470,Rotterdam Warehouse ,88.0,17.0,In Stock,2026-07-20
OFF-CAR-10002054,Singapore Warehouse,383.0,76.0,In Stock,2026-07-20
OFF-LA-10000271,Singapore Warehouse,303.0,60.0,In Stock,2026-07-20
OFF-BIN-10000901,Singapore Warehouse,456.0,91.0,,2026-07-20
OFF-ENE-10000199,Singapore Warehouse,455.0,91.0,In Stock,
OFF-SU-10004115,Singapore Warehouse,226.0,45.0,In Stock,2026-07-20
OFF-PA-10000295,Singapore Warehouse,477.0,95.0,In Stock,2026-07-20
OFF-AR-10001598,Singapore Warehouse,230.0,46.0,In Stock,2026-07-20
TEC-AC-10000926,Chicago Warehouse,176.0,35.0,In Stock,2026-07-20
OFF-PA-10000466,Singapore Warehouse,447.0,89.0,In Stock,2026-07-20
OFF-LA-10001915,Singapore Warehouse,201.0,40.0,In Stock,2026-07-20
TEC-AC-10001405,Chicago Warehouse,125.0,25.0,In Stock,2026-07-20
TEC-MA-10001570,Chicago Warehouse,234.0,46.0,In Stock,2026-07-20
OFF-AP-10001408,Singapore Warehouse,467.0,93.0,In Stock,2026-07-20
OFF-FEL-10002837,Singapore Warehouse,234.0,46.0,In Stock,2026-07-20
OFF-ST-10004638,Singapore Warehouse,279.0,55.0,In Stock,2026-07-20
OFF-AR-10002340,Singapore Warehouse,352.0,70.0,In Stock,
FUR-CH-10003750,Rotterdam Warehouse,107.0,21.0,In Stock,2026-07-20
FUR-BO-10004032,Rotterdam Warehouse,57.0,11.0,IN STOCK,
OFF-SU-10004784,Singapore Warehouse,,47.0,In Stock,2026-07-20
OFF-SAN-10000874,Singapore Warehouse,371.0,74.0,In Stock,2026-07-20
TEC-MA-10002210,Chicago Warehouse,142.0,28.0,In Stock,2026-07-20
OFF-STI-10000388,Singapore Warehouse,369.0,73.0,In Stock,2026-07-20
TEC-SAN-10004181,Chicago Warehouse,91.0,18.0,In Stock,2026-07-20
OFF-ST-10002902,Singapore Warehouse ,404.0,80.0,In Stock,
TEC-LOG-10003079,Chicago Warehouse,149.0,29.0,,2026-07-20
OFF-AP-10001876,Singapore Warehouse,225.0,45.0,In Stock,2026-07-20
OFF-EN-10000056,Singapore Warehouse,413.0,82.0,In Stock,2026-07-20
OFF-PA-10002377,Singapore Warehouse,359.0,71.0,In Stock,2026-07-20
OFF-HAM-10003368,Singapore Warehouse,336.0,67.0,In Stock,2026-07-20
TEC-STA-10004181,Chicago Warehouse,245.0,49.0,,2026-07-20
OFF-EN-10003780,Singapore Warehouse,462.0,92.0,In Stock,2026-07-20
TEC-AC-10003927,Chicago Warehouse,110.0,22.0,In Stock,2026-07-20
TEC-AC-10002370,Chicago Warehouse,102.0,20.0,In Stock,2026-07-20
OFF-PA-10001495,Singapore Warehouse,417.0,83.0,In Stock,2026-07-20
FUR-FU-10002362,Rotterdam Warehouse ,132.0,26.0,In Stock,2026-07-20
FUR-DEF-10004555,Rotterdam Warehouse,76.0,15.0,In Stock,2026-07-20
FUR-CH-10000685,Rotterdam Warehouse,144.0,28.0,In Stock,2026-07-20
TEC-AC-10004081,Chicago Warehouse,100.0,20.0,In Stock,2026-07-20
OFF-AR-10001508,Singapore Warehouse,490.0,98.0,In Stock,2026-07-20
OFF-FA-10002617,Singapore Warehouse,358.0,71.0,In Stock,2026-07-20
OFF-EN-10002936,Singapore Warehouse,442.0,88.0,In Stock,2026-07-20
OFF-EN-10004074,Singapore Warehouse,345.0,69.0,In Stock,2026-07-20
TEC-PH-10003580,Chicago Warehouse,108.0,21.0,In Stock,2026-07-20
TEC-MA-10004814,Chicago Warehouse,224.0,44.0,In Stock,2026-07-20
FUR-TA-10003594,Rotterdam Warehouse,90.0,18.0,In Stock,2026-07-20
TEC-PH-10001587,Chicago Warehouse,172.0,34.0,In Stock,2026-07-20
FUR-FU-10000905,Rotterdam Warehouse,104.0,20.0,In Stock,2026-07-20
TEC-PH-10000577,Chicago Warehouse,217.0,43.0,In Stock,2026-07-20
OFF-IBI-10001640,Singapore Warehouse,479.0,95.0,In Stock,20/07/2026
FUR-BO-10002277,Rotterdam Warehouse,115.0,23.0,In Stock,2026-07-20
OFF-AVE-10004512,Singapore Warehouse,297.0,59.0,In Stock,2026-07-20
FUR-OFF-10004824,Rotterdam Warehouse,141.0,28.0,In Stock,2026-07-20
OFF-SU-10000171,Singapore Warehouse,218.0,43.0,In Stock,2026-07-20
OFF-EN-10003838,Singapore Warehouse,402.0,80.0,In Stock,2026-07-20
OFF-GRE-10002561,Singapore Warehouse,313.0,62.0,In Stock,2026-07-20
OFF-BOS-10002041,Singapore Warehouse,377.0,75.0,IN STOCK,2026-07-20
TEC-CO-10000172,Chicago Warehouse,95.0,19.0,In Stock,2026-07-20
OFF-AR-10000817,Singapore Warehouse,442.0,88.0,In Stock,2026-07-20
OFF-AP-10004499,Singapore Warehouse,457.0,91.0,In Stock,2026-07-20
OFF-SU-10002983,Singapore Warehouse,200.0,40.0,IN STOCK,2026-07-20
TEC-MA-10003422,Chicago Warehouse,192.0,38.0,In Stock,2026-07-20
OFF-AR-10000657,Singapore Warehouse,369.0,73.0,In Stock,2026-07-20
OFF-BI-10004305,Singapore Warehouse,488.0,97.0,In Stock,2026-07-20
OFF-FA-10003495,Singapore Warehouse,345.0,69.0,In Stock,2026-07-20
TEC-CO-10002040,Chicago Warehouse,132.0,26.0,In Stock,2026-07-20
FUR-HON-10000339,Rotterdam Warehouse,139.0,27.0,In Stock,2026-07-20
OFF-LA-10002312,Singapore Warehouse,388.0,77.0,In Stock,2026-07-20
TEC-MA-10001290,Chicago Warehouse,194.0,38.0,In Stock,2026-07-20
FUR-TA-10002527,Rotterdam Warehouse,75.0,15.0,In Stock,2026-07-20
OFF-HAM-10001302,Singapore Warehouse,383.0,76.0,In Stock,2026-07-20
OFF-AR-10000823,Singapore Warehouse,387.0,77.0,In Stock,2026-07-20
OFF-FA-10003985,Singapore Warehouse,299.0,59.0,In Stock,2026-07-20
OFF-NOV-10000787,Singapore Warehouse,296.0,59.0,In Stock,2026-07-20
OFF-CUI-10003409,Singapore Warehouse,317.0,63.0,In Stock,2026-07-20
OFF-PA-10003654,Singapore Warehouse,305.0,61.0,In Stock,2026-07-20
TEC-PH-10002538,Chicago Warehouse,220.0,44.0,In Stock,2026-07-20
TEC-PH-10002312,Chicago Warehouse,154.0,30.0,In Stock,2026-07-20
OFF-AP-10001041,Singapore Warehouse ,422.0,84.0,In Stock,2026-07-20
FUR-CH-10000974,Rotterdam Warehouse,105.0,21.0,In Stock,2026-07-20
FUR-FU-10002111,Rotterdam Warehouse,100.0,20.0,In Stock,2026-07-20
TEC-PH-10001183,Chicago Warehouse,152.0,30.0,In Stock,2026-07-20
TEC-MA-10000161,Chicago Warehouse,117.0,23.0,In Stock,2026-07-20
FUR-TA-10001740,Rotterdam Warehouse,107.0,21.0,In Stock,2026-07-20
OFF-EN-10004100,Singapore Warehouse,427.0,85.0,In Stock,2026-07-20
OFF-PA-10000141,Singapore Warehouse,222.0,44.0,In Stock,2026-07-20
FUR-HON-10000344,Rotterdam Warehouse,59.0,11.0,In Stock,2026-07-20
TEC-AC-10002567,Chicago Warehouse,208.0,41.0,IN STOCK,2026-07-20
OFF-AR-10000251,Singapore Warehouse ,247.0,49.0,In Stock,2026-07-20
TEC-CO-10001756,Chicago Warehouse,129.0,25.0,In Stock,2026-07-20
TEC-ENE-10004509,Chicago Warehouse,169.0,33.0,In Stock,2026-07-20
OFF-PA-10002193,Singapore Warehouse,258.0,51.0,In Stock,2026-07-20
FUR-TA-10000687,Rotterdam Warehouse,77.0,15.0,In Stock,2026-07-20
TEC-AC-10004117,Chicago Warehouse,116.0,23.0,IN STOCK,2026-07-20
TEC-NOK-10003560,Chicago Warehouse,218.0,43.0,In Stock,2026-07-20
FUR-BO-10000780,Rotterdam Warehouse,90.0,18.0,In Stock,2026-07-20
FUR-BO-10001753,Rotterdam Warehouse,50.0,10.0,In Stock,2026-07-20
OFF-LA-10003982,Singapore Warehouse,289.0,57.0,In Stock,2026-07-20
TEC-PH-10000822,Chicago Warehouse,161.0,32.0,In Stock,2026-07-20
TEC-MA-10003812,Chicago Warehouse,156.0,31.0,In Stock,2026-07-20
FUR-SAF-10000678,Rotterdam Warehouse,82.0,16.0,In Stock,2026-07-20
OFF-ST-10003638,Singapore Warehouse,204.0,40.0,In Stock,2026-07-20
OFF-LA-10002063,Singapore Warehouse,272.0,54.0,In Stock,2026-07-20
OFF-FA-10001348,Singapore Warehouse,267.0,53.0,In Stock,
TEC-PH-10002991,Chicago Warehouse,113.0,22.0,In Stock,2026-07-20
TEC-CO-10002242,Chicago Warehouse,131.0,26.0,In Stock,2026-07-20
OFF-ST-10001418,Singapore Warehouse,371.0,74.0,In Stock,2026-07-20
FUR-FU-10004823,Rotterdam Warehouse,76.0,15.0,In Stock,2026-07-20
OFF-AR-10003446,Singapore Warehouse,465.0,93.0,In Stock,2026-07-20
OFF-SU-10003780,Singapore Warehouse,454.0,90.0,IN STOCK,2026-07-20
OFF-AP-10003287,Singapore Warehouse,364.0,72.0,In Stock,2026-07-20
FUR-CH-10002966,Rotterdam Warehouse,122.0,24.0,In Stock,2026-07-20
FUR-FU-10000350,Rotterdam Warehouse,76.0,15.0,In Stock,2026-07-20
OFF-SU-10003267,Singapore Warehouse,422.0,84.0,In Stock,2026-07-20
OFF-SU-10004643,Singapore Warehouse,381.0,76.0,In Stock,2026-07-20
FUR-TA-10004534,Rotterdam Warehouse,86.0,17.0,In Stock,2026-07-20
TEC-AC-10000394,Chicago Warehouse,239.0,47.0,IN STOCK,2026-07-20
OFF-AP-10004511,Singapore Warehouse,232.0,46.0,In Stock,2026-07-20
FUR-CH-10002335,Rotterdam Warehouse,80.0,16.0,In Stock,2026-07-20
FUR-SAF-10002529,Rotterdam Warehouse,127.0,25.0,In Stock,20/07/2026
TEC-CO-10002681,Chicago Warehouse,155.0,31.0,In Stock,2026-07-20
TEC-CO-10002586,Chicago Warehouse,-116.0,23.0,In Stock,2026-07-20
OFF-LA-10002972,Singapore Warehouse,203.0,40.0,In Stock,2026-07-20
TEC-MA-10000345,Chicago Warehouse,234.0,46.0,In Stock,2026-07-20
TEC-PAN-10001593,Chicago Warehouse,104.0,20.0,In Stock,2026-07-20
OFF-GRE-10003213,Singapore Warehouse,467.0,93.0,In Stock,2026-07-20
OFF-AR-10000904,Singapore Warehouse,441.0,88.0,In Stock,2026-07-20
OFF-BI-10002160,Singapore Warehouse,339.0,67.0,In Stock,2026-07-20
TEC-APP-10003032,Chicago Warehouse,191.0,38.0,In Stock,20/07/2026
OFF-SU-10003697,Singapore Warehouse,271.0,54.0,In Stock,2026-07-20
OFF-AP-10002906,Singapore Warehouse,483.0,96.0,In Stock,2026-07-20
TEC-AC-10004414,Chicago Warehouse,109.0,21.0,In Stock,2026-07-20
OFF-LA-10000668,Singapore Warehouse,495.0,99.0,In Stock,
OFF-SU-10001690,Singapore Warehouse,270.0,54.0,In Stock,2026-07-20
OFF-SU-10003758,Singapore Warehouse,259.0,51.0,In Stock,2026-07-20
OFF-BRE-10003443,Singapore Warehouse,268.0,53.0,IN STOCK,2026-07-20
TEC-CO-10004170,Chicago Warehouse,99.0,19.0,IN STOCK,2026-07-20
OFF-BI-10003646,Singapore Warehouse,323.0,64.0,In Stock,2026-07-20
TEC-PH-10002574,Chicago Warehouse,161.0,32.0,,2026-07-20
FUR-CH-10003512,Rotterdam Warehouse,68.0,13.0,In Stock,2026-07-20
OFF-ST-10002292,Singapore Warehouse,492.0,98.0,In Stock,2026-07-20
OFF-AR-10003110,Singapore Warehouse,361.0,72.0,In Stock,2026-07-20
TEC-OKI-10002752,Chicago Warehouse,206.0,41.0,In Stock,2026-07-20
TEC-SAM-10003948,Chicago Warehouse,206.0,41.0,,2026-07-20
OFF-BI-10003702,Singapore Warehouse,344.0,68.0,In Stock,2026-07-20
OFF-ST-10001832,Singapore Warehouse,306.0,,In Stock,2026-07-20
TEC-AC-10004289,Chicago Warehouse,140.0,28.0,,2026-07-20
FUR-BO-10003159,Rotterdam Warehouse,126.0,25.0,In Stock,2026-07-20
OFF-SU-10004095,Singapore Warehouse,274.0,54.0,In Stock,2026-07-20
OFF-AP-10004487,Singapore Warehouse,369.0,73.0,In Stock,2026-07-20
OFF-SME-10001800,Singapore Warehouse,348.0,69.0,In Stock,2026-07-20
OFF-SU-10001794,Singapore Warehouse,223.0,44.0,In Stock,2026-07-20
TEC-STA-10003447,Chicago Warehouse,226.0,45.0,In Stock,2026-07-20
FUR-TA-10004152,Rotterdam Warehouse,69.0,13.0,In Stock,2026-07-20
FUR-BO-10000362,Rotterdam Warehouse,,18.0,In Stock,2026-07-20
FUR-FU-10003276,Rotterdam Warehouse,60.0,12.0,In Stock,2026-07-20
TEC-AC-10001542,Chicago Warehouse,116.0,,In Stock,2026-07-20
FUR-BO-10002182,Rotterdam Warehouse,76.0,15.0,In Stock,2026-07-20
TEC-LOG-10002262,Chicago Warehouse,163.0,32.0,In Stock,2026-07-20
TEC-AC-10002308,Chicago Warehouse ,210.0,42.0,In Stock,2026-07-20
FUR-BO-10001507,Rotterdam Warehouse,79.0,15.0,In Stock,2026-07-20
OFF-STA-10004484,Singapore Warehouse,326.0,65.0,In Stock,2026-07-20
FUR-BO-10000378,Rotterdam Warehouse,58.0,,In Stock,2026-07-20
TEC-CO-10003655,Chicago Warehouse,204.0,40.0,In Stock,
OFF-BI-10000778,Singapore Warehouse,398.0,79.0,In Stock,2026-07-20
OFF-SU-10001592,Singapore Warehouse,293.0,58.0,In Stock,2026-07-20
OFF-BI-10003452,Singapore Warehouse,437.0,87.0,In Stock,2026-07-20
OFF-BIC-10003654,Singapore Warehouse,324.0,64.0,In Stock,2026-07-20
OFF-ST-10001707,Singapore Warehouse,499.0,99.0,In Stock,2026-07-20
OFF-EN-10002449,Singapore Warehouse,415.0,83.0,In Stock,20/07/2026
FUR-FU-10003623,Rotterdam Warehouse,97.0,19.0,In Stock,2026-07-20
FUR-HON-10001343,Rotterdam Warehouse,62.0,12.0,In Stock,2026-07-20
OFF-SU-10004938,Singapore Warehouse,370.0,74.0,In Stock,
OFF-KLE-10000466,Singapore Warehouse,366.0,73.0,In Stock,2026-07-20
TEC-AC-10000358,Chicago Warehouse,227.0,45.0,In Stock,2026-07-20
OFF-SME-10004754,Singapore Warehouse,384.0,76.0,In Stock,2026-07-20
OFF-LA-10003930,Singapore Warehouse,233.0,46.0,In Stock,2026-07-20
OFF-SU-10000970,Singapore Warehouse,301.0,60.0,IN STOCK,2026-07-20
OFF-AR-10003157,Singapore Warehouse ,471.0,94.0,IN STOCK,2026-07-20
OFF-BI-10003324,Singapore Warehouse,263.0,52.0,In Stock,2026-07-20
OFF-BI-10003653,Singapore Warehouse,409.0,81.0,IN STOCK,2026-07-20
OFF-STO-10004363,Singapore Warehouse,258.0,51.0,In Stock,2026-07-20
OFF-BI-10002510,Singapore Warehouse,441.0,88.0,In Stock,2026-07-20
FUR-CH-10003697,Rotterdam Warehouse,112.0,22.0,In Stock,2026-07-20
FUR-TA-10002557,Rotterdam Warehouse,110.0,22.0,In Stock,2026-07-20
TEC-CO-10001678,Chicago Warehouse,118.0,23.0,In Stock,
OFF-LA-10000236,Singapore Warehouse,347.0,69.0,In Stock,2026-07-20
FUR-BO-10000684,,130.0,,In Stock,2026-07-20
TEC-MA-10000232,Chicago Warehouse,172.0,34.0,In Stock,2026-07-20
FUR-TA-10003597,Rotterdam Warehouse,127.0,25.0,In-Stock,2026-07-20
OFF-BI-10001407,Singapore Warehouse,428.0,85.0,,2026-07-20
TEC-AC-10000990,Chicago Warehouse,194.0,38.0,In Stock,2026-07-20
OFF-HAR-10001948,,361.0,72.0,In Stock,20/07/2026
FUR-BO-10001276,Rotterdam Warehouse,54.0,10.0,In Stock,2026-07-20
FUR-BO-10001256,Rotterdam Warehouse,70.0,14.0,In Stock,2026-07-20
FUR-FU-10004288,Rotterdam Warehouse,111.0,22.0,IN STOCK,2026-07-20
OFF-FIS-10000628,Singapore Warehouse,424.0,84.0,In Stock,2026-07-20
OFF-EN-10001832,Singapore Warehouse,250.0,50.0,In Stock,2026-07-20
FUR-BO-10002682,Rotterdam Warehouse,63.0,12.0,In Stock,2026-07-20
OFF-ST-10002561,Singapore Warehouse,389.0,77.0,In Stock,2026-07-20
OFF-AP-10000200,Singapore Warehouse,428.0,85.0,In Stock,2026-07-20
OFF-FEL-10004974,Singapore Warehouse,239.0,47.0,In Stock,2026-07-20
OFF-LA-10000845,Singapore Warehouse,344.0,68.0,In Stock,2026-07-20
OFF-SU-10000810,Singapore Warehouse,443.0,88.0,In Stock,2026-07-20
FUR-TA-10003254,Rotterdam Warehouse,131.0,26.0,In Stock,2026-07-20
OFF-PA-10001892,Singapore Warehouse,323.0,64.0,In Stock,2026-07-20
FUR-TA-10002544,Rotterdam Warehouse,143.0,28.0,In Stock,2026-07-20
TEC-AC-10004568,Chicago Warehouse,113.0,22.0,In Stock,2026-07-20
FUR-FU-10004904,Rotterdam Warehouse,74.0,14.0,In Stock,2026-07-20
OFF-AP-10001824,Singapore Warehouse,269.0,53.0,In Stock,2026-07-20
FUR-HAR-10004129,Rotterdam Warehouse,61.0,12.0,In Stock,2026-07-20
FUR-TA-10004531,Rotterdam Warehouse,50.0,10.0,In Stock,2026-07-20
OFF-WIL-10000986,Singapore Warehouse,287.0,57.0,In-Stock,2026-07-20
OFF-LA-10002319,Singapore Warehouse,300.0,60.0,In Stock,2026-07-20
OFF-SU-10000175,Singapore Warehouse,452.0,90.0,In Stock,2026-07-20
OFF-TEN-10002835,Singapore Warehouse,293.0,58.0,In Stock,2026-07-20
OFF-BI-10003460,Singapore Warehouse,272.0,54.0,In Stock,2026-07-20
OFF-FA-10004824,Singapore Warehouse,320.0,64.0,In Stock,2026-07-20
FUR-FU-10000409,Rotterdam Warehouse,120.0,24.0,In Stock,2026-07-20
FUR-BO-10000268,Rotterdam Warehouse,136.0,27.0,In Stock,2026-07-20
OFF-SU-10002161,Singapore Warehouse,217.0,43.0,In Stock,2026-07-20
FUR-BO-10000208,Rotterdam Warehouse,97.0,19.0,In Stock,20/07/2026
OFF-SME-10000746,Singapore Warehouse,370.0,74.0,,2026-07-20
TEC-MA-10003154,Chicago Warehouse,156.0,31.0,In Stock,2026-07-20
OFF-KLE-10004771,Singapore Warehouse,405.0,81.0,In Stock,20/07/2026
FUR-BO-10001067,Rotterdam Warehouse,135.0,27.0,In Stock,2026-07-20
TEC-ENE-10001466,Chicago Warehouse,134.0,26.0,In Stock,2026-07-20
FUR-TA-10003358,Rotterdam Warehouse,52.0,10.0,In Stock,20/07/2026
TEC-AC-10003569,Chicago Warehouse,208.0,41.0,In Stock,2026-07-20
FUR-NOV-10000669,Rotterdam Warehouse,137.0,27.0,In Stock,2026-07-20
OFF-AR-10004648,Singapore Warehouse,447.0,89.0,In Stock,2026-07-20
OFF-SU-10001086,Singapore Warehouse,313.0,62.0,In Stock,2026-07-20
OFF-PA-10003022,Singapore Warehouse,500.0,100.0,In Stock,2026-07-20
OFF-PA-10002137,Singapore Warehouse,268.0,53.0,In Stock,2026-07-20
OFF-PA-10004648,Singapore Warehouse,451.0,90.0,In Stock,2026-07-20
OFF-ENE-10000012,Singapore Warehouse,431.0,86.0,In Stock,2026-07-20
FUR-SAF-10001956,Rotterdam Warehouse,65.0,13.0,In Stock,2026-07-20
FUR-BO-10004080,Rotterdam Warehouse,77.0,15.0,In Stock,2026-07-20
TEC-APP-10001965,Chicago Warehouse,120.0,24.0,In Stock,2026-07-20
TEC-CO-10001567,Chicago Warehouse ,144.0,28.0,In Stock,2026-07-20
FUR-SAF-10002314,Rotterdam Warehouse,142.0,28.0,In Stock,2026-07-20
OFF-ST-10003835,Singapore Warehouse,337.0,67.0,IN STOCK,2026-07-20
TEC-AC-10004334,Chicago Warehouse,108.0,21.0,In Stock,2026-07-20
OFF-PA-10004092,Singapore Warehouse,337.0,67.0,In Stock,2026-07-20
OFF-ACM-10004669,Singapore Warehouse,495.0,99.0,In Stock,2026-07-20
FUR-FU-10003096,Rotterdam Warehouse,100.0,20.0,In Stock,2026-07-20
TEC-CO-10003901,Chicago Warehouse,214.0,42.0,In Stock,2026-07-20
OFF-STO-10004940,Singapore Warehouse,471.0,94.0,In Stock,2026-07-20
OFF-ST-10002486,Singapore Warehouse,490.0,98.0,In Stock,2026-07-20
OFF-BI-10003917,Singapore Warehouse,253.0,50.0,In Stock,2026-07-20
OFF-AR-10000205,Singapore Warehouse,385.0,77.0,In Stock,20/07/2026
OFF-FA-10000487,Singapore Warehouse,331.0,66.0,In Stock,2026-07-20
OFF-LA-10003827,Singapore Warehouse,,62.0,In Stock,2026-07-20
FUR-ELD-10003828,Rotterdam Warehouse ,71.0,14.0,In Stock,2026-07-20
OFF-EN-10001854,Singapore Warehouse,250.0,50.0,In Stock,2026-07-20
OFF-JIF-10000375,Singapore Warehouse,242.0,48.0,In Stock,2026-07-20
TEC-BEL-10001689,Chicago Warehouse,191.0,38.0,In Stock,2026-07-20
OFF-AP-10003304,Singapore Warehouse,323.0,64.0,In Stock,2026-07-20
OFF-EN-10000835,Singapore Warehouse,212.0,42.0,In Stock,2026-07-20
FUR-BO-10001739,Rotterdam Warehouse,68.0,13.0,In Stock,2026-07-20
OFF-EN-10001509,Singapore Warehouse,256.0,51.0,In Stock,2026-07-20
OFF-BRE-10003081,Singapore Warehouse,455.0,,In Stock,2026-07-20
TEC-BEL-10002207,Chicago Warehouse,176.0,35.0,In Stock,2026-07-20
TEC-CO-10003236,Chicago Warehouse,158.0,31.0,In Stock,2026-07-20
OFF-STO-10002042,Singapore Warehouse,496.0,99.0,In Stock,2026-07-20
OFF-SU-10000151,Singapore Warehouse,334.0,66.0,In Stock,2026-07-20
TEC-PH-10002306,Chicago Warehouse,100.0,20.0,In Stock,2026-07-20
OFF-SU-10003277,Singapore Warehouse,385.0,77.0,In Stock,2026-07-20
FUR-FU-10002597,Rotterdam Warehouse,135.0,27.0,In-Stock,2026-07-20
TEC-CO-10003166,Chicago Warehouse,230.0,46.0,In Stock,2026-07-20
OFF-LA-10002323,Singapore Warehouse,430.0,86.0,In Stock,
OFF-BI-10000545,Singapore Warehouse,281.0,56.0,In Stock,2026-07-20
TEC-AC-10000290,Chicago Warehouse,135.0,27.0,In Stock,2026-07-20
TEC-MA-10002029,Chicago Warehouse,178.0,35.0,In Stock,2026-07-20
OFF-AR-10003727,Singapore Warehouse,413.0,82.0,In Stock,2026-07-20
FUR-CH-10001322,Rotterdam Warehouse,53.0,10.0,In Stock,2026-07-20
OFF-BI-10000089,Singapore Warehouse,214.0,42.0,In Stock,2026-07-20
OFF-LA-10002364,Singapore Warehouse,375.0,75.0,In Stock,2026-07-20
OFF-AR-10002094,Singapore Warehouse,328.0,65.0,In Stock,2026-07-20
OFF-EN-10003999,Singapore Warehouse,,52.0,In Stock,20/07/2026
FUR-BO-10000402,Rotterdam Warehouse,140.0,28.0,In Stock,2026-07-20
OFF-PA-10004971,Singapore Warehouse,498.0,99.0,In Stock,2026-07-20
TEC-PH-10000571,Chicago Warehouse,203.0,40.0,In Stock,2026-07-20
OFF-AR-10001226,Singapore Warehouse,212.0,42.0,In Stock,2026-07-20
OFF-EN-10003177,Singapore Warehouse,297.0,59.0,In Stock,2026-07-20
OFF-FA-10004813,Singapore Warehouse,443.0,88.0,In Stock,2026-07-20
OFF-STI-10000305,Singapore Warehouse,402.0,80.0,In Stock,2026-07-20
TEC-OKI-10003770,Chicago Warehouse,89.0,17.0,In Stock,2026-07-20
OFF-LA-10000190,Singapore Warehouse,220.0,44.0,In Stock,2026-07-20
TEC-CO-10003158,Chicago Warehouse,180.0,36.0,In Stock,2026-07-20
FUR-FU-10003552,Rotterdam Warehouse,106.0,21.0,In Stock,2026-07-20
FUR-CH-10004441,Rotterdam Warehouse,115.0,23.0,In Stock,2026-07-20
OFF-FA-10001892,Singapore Warehouse,367.0,73.0,In Stock,2026-07-20
OFF-SU-10002909,Singapore Warehouse,439.0,87.0,In Stock,2026-07-20
FUR-FU-10001410,Rotterdam Warehouse,72.0,14.0,In Stock,2026-07-20
TEC-CO-10002404,Chicago Warehouse,245.0,49.0,IN STOCK,2026-07-20
FUR-RUB-10003518,Rotterdam Warehouse,129.0,25.0,In Stock,2026-07-20
OFF-SU-10000378,Singapore Warehouse,424.0,84.0,In Stock,2026-07-20
TEC-CIS-10003439,Chicago Warehouse,234.0,46.0,In Stock,2026-07-20
OFF-ST-10001954,Singapore Warehouse,350.0,70.0,In Stock,2026-07-20
FUR-TA-10004711,Rotterdam Warehouse,91.0,18.0,In Stock,2026-07-20
OFF-FA-10003123,Singapore Warehouse,263.0,52.0,In Stock,2026-07-20
OFF-JIF-10000981,Singapore Warehouse,357.0,,In Stock,20/07/2026
OFF-FA-10004649,Singapore Warehouse,303.0,60.0,In Stock,2026-07-20
OFF-SU-10004306,Singapore Warehouse,217.0,43.0,In Stock,2026-07-20
OFF-AR-10001602,Singapore Warehouse,375.0,75.0,In Stock,2026-07-20
TEC-MA-10004955,Chicago Warehouse,119.0,23.0,In Stock,2026-07-20
OFF-AP-10001916,Singapore Warehouse,275.0,55.0,,2026-07-20
OFF-FA-10000621,Singapore Warehouse,412.0,82.0,In Stock,2026-07-20
TEC-AC-10003063,Chicago Warehouse,210.0,42.0,In Stock,2026-07-20
OFF-SAN-10002020,Singapore Warehouse,302.0,60.0,In Stock,2026-07-20
OFF-ST-10003088,Singapore Warehouse,472.0,94.0,In Stock,2026-07-20
FUR-BO-10003966,Rotterdam Warehouse,84.0,16.0,In Stock,2026-07-20
TEC-AC-10001314,Chicago Warehouse,185.0,37.0,In Stock,2026-07-20
OFF-ST-10000439,Singapore Warehouse,368.0,73.0,In Stock,2026-07-20
OFF-EN-10000890,Singapore Warehouse,326.0,65.0,In Stock,2026-07-20
FUR-FU-10002268,Rotterdam Warehouse,125.0,25.0,In Stock,2026-07-20
OFF-LA-10004623,Singapore Warehouse,386.0,77.0,In Stock,2026-07-20
FUR-SAU-10003203,Rotterdam Warehouse,149.0,29.0,In Stock,2026-07-20
OFF-EN-10003296,Singapore Warehouse,414.0,82.0,In Stock,2026-07-20
OFF-LA-10004182,Singapore Warehouse,441.0,88.0,In Stock,2026-07-20
TEC-NOK-10001070,Chicago Warehouse,198.0,39.0,In Stock,2026-07-20
TEC-PAN-10002454,Chicago Warehouse,164.0,32.0,,2026-07-20
OFF-KLE-10004581,Singapore Warehouse,451.0,90.0,In Stock,2026-07-20
TEC-MA-10000742,Chicago Warehouse,94.0,18.0,In Stock,2026-07-20
OFF-AP-10004305,Singapore Warehouse,358.0,71.0,In Stock,2026-07-20
FUR-FU-10002017,Rotterdam Warehouse,94.0,18.0,In Stock,20/07/2026
FUR-HON-10000103,Rotterdam Warehouse,89.0,17.0,In Stock,2026-07-20
TEC-AC-10004108,Chicago Warehouse,143.0,28.0,In Stock,2026-07-20
TEC-CO-10000082,Chicago Warehouse,250.0,50.0,In Stock,2026-07-20
OFF-AR-10004373,Singapore Warehouse,422.0,84.0,In Stock,2026-07-20
OFF-HAR-10003043,Singapore Warehouse,230.0,46.0,In Stock,2026-07-20
TEC-APP-10004584,Chicago Warehouse,188.0,37.0,In Stock,2026-07-20
OFF-EN-10004211,Singapore Warehouse,452.0,90.0,In Stock,2026-07-20
OFF-FA-10001710,Singapore Warehouse,295.0,59.0,In Stock,2026-07-20
OFF-SU-10004818,Singapore Warehouse,287.0,57.0,In Stock,2026-07-20
TEC-AC-10004068,Chicago Warehouse,100.0,20.0,In Stock,2026-07-20
TEC-MA-10004857,Chicago Warehouse,154.0,30.0,In Stock,2026-07-20
OFF-AR-10003123,Singapore Warehouse,210.0,42.0,In Stock,2026-07-20
OFF-LA-10003437,Singapore Warehouse,307.0,61.0,In Stock,2026-07-20
OFF-SU-10002573,Singapore Warehouse,233.0,46.0,In Stock,2026-07-20
FUR-OFF-10001661,Rotterdam Warehouse,68.0,13.0,In Stock,2026-07-20
OFF-LA-10001549,Singapore Warehouse,360.0,72.0,In Stock,2026-07-20
FUR-TA-10003786,Rotterdam Warehouse,105.0,21.0,In Stock,2026-07-20
FUR-BO-10002008,Rotterdam Warehouse,112.0,22.0,In Stock,2026-07-20
TEC-AC-10001406,Chicago Warehouse,80.0,16.0,In Stock,2026-07-20
FUR-BO-10002916,Rotterdam Warehouse,-78.0,15.0,In Stock,2026-07-20
TEC-CO-10002119,Chicago Warehouse,195.0,39.0,In Stock,2026-07-20
OFF-AP-10000423,Singapore Warehouse,405.0,81.0,In Stock,2026-07-20
TEC-CO-10004521,Chicago Warehouse,243.0,48.0,In Stock,2026-07-20
OFF-LA-10003699,Singapore Warehouse,267.0,53.0,In Stock,2026-07-20
OFF-BI-10004428,Singapore Warehouse,343.0,68.0,In Stock,2026-07-20
TEC-MOT-10003366,Chicago Warehouse,225.0,45.0,In Stock,2026-07-20
OFF-GRE-10004796,Singapore Warehouse,318.0,63.0,In Stock,2026-07-20
OFF-SU-10002027,Singapore Warehouse,375.0,75.0,In Stock,2026-07-20
FUR-FU-10003219,Rotterdam Warehouse,101.0,20.0,,2026-07-20
OFF-BI-10004352,Singapore Warehouse,376.0,75.0,In Stock,2026-07-20
TEC-PH-10002759,Chicago Warehouse,148.0,29.0,In Stock,2026-07-20
FUR-BO-10000936,Rotterdam Warehouse,76.0,15.0,In Stock,2026-07-20
OFF-PA-10004675,Singapore Warehouse,341.0,68.0,,2026-07-20
OFF-AR-10003384,Singapore Warehouse,392.0,78.0,In Stock,
FUR-RUB-10001717,,144.0,28.0,In Stock,2026-07-20
FUR-TA-10002530,Rotterdam Warehouse ,92.0,18.0,In Stock,2026-07-20
OFF-GRE-10002555,Singapore Warehouse,442.0,88.0,In Stock,2026-07-20
OFF-LA-10003807,Singapore Warehouse,266.0,53.0,In Stock,2026-07-20
FUR-IKE-10003251,Rotterdam Warehouse,85.0,17.0,In Stock,2026-07-20
OFF-LA-10001065,Singapore Warehouse,414.0,82.0,In Stock,20/07/2026
TEC-CO-10002911,Chicago Warehouse,204.0,40.0,In Stock,2026-07-20
OFF-PA-10004475,Singapore Warehouse,214.0,42.0,In Stock,2026-07-20
FUR-CH-10003606,Rotterdam Warehouse,112.0,22.0,In Stock,20/07/2026
OFF-EN-10003885,Singapore Warehouse,251.0,50.0,In Stock,2026-07-20
FUR-CH-10001191,Rotterdam Warehouse,57.0,11.0,In Stock,2026-07-20
FUR-BO-10003159,Rotterdam Warehouse,69.0,13.0,In Stock,2026-07-20
TEC-PH-10004924,Chicago Warehouse,157.0,31.0,In Stock,2026-07-20
FUR-FU-10001130,Rotterdam Warehouse,67.0,13.0,In Stock,2026-07-20
FUR-CH-10002053,Rotterdam Warehouse,142.0,-28.0,In Stock,2026-07-20
FUR-CH-10004011,Rotterdam Warehouse,106.0,21.0,In Stock,2026-07-20
OFF-FA-10003530,Singapore Warehouse ,234.0,46.0,In Stock,2026-07-20
FUR-FU-10004820,Rotterdam Warehouse,121.0,24.0,In Stock,2026-07-20
FUR-CH-10001146,Rotterdam Warehouse,112.0,22.0,In Stock,2026-07-20
FUR-FU-10001091,Rotterdam Warehouse,115.0,23.0,In Stock,2026-07-20
OFF-ST-10002344,Singapore Warehouse,446.0,,,2026-07-20
OFF-WIL-10001495,Singapore Warehouse,250.0,50.0,In Stock,2026-07-20
FUR-FU-10001135,Rotterdam Warehouse,78.0,15.0,In Stock,2026-07-20
OFF-ST-10004577,Singapore Warehouse,377.0,75.0,In Stock,2026-07-20
FUR-TA-10000347,Rotterdam Warehouse,134.0,26.0,In Stock,2026-07-20
OFF-ST-10000875,Singapore Warehouse,220.0,44.0,In Stock,2026-07-20
OFF-BI-10003718,Singapore Warehouse,490.0,98.0,In Stock,2026-07-20
OFF-LA-10004108,Singapore Warehouse,376.0,75.0,In Stock,2026-07-20
OFF-FA-10002459,Singapore Warehouse,455.0,91.0,In Stock,2026-07-20
OFF-PA-10001531,Singapore Warehouse,275.0,55.0,IN STOCK,20/07/2026
TEC-PH-10003800,Chicago Warehouse,97.0,19.0,In Stock,2026-07-20
OFF-PA-10001752,Singapore Warehouse,294.0,58.0,In Stock,2026-07-20
TEC-HP -10004590,Chicago Warehouse,123.0,24.0,In Stock,2026-07-20
OFF-EN-10000051,Singapore Warehouse,215.0,43.0,In Stock,2026-07-20
OFF-AP-10001920,Singapore Warehouse,354.0,70.0,In Stock,2026-07-20
FUR-OFF-10004495,Rotterdam Warehouse,138.0,27.0,In Stock,2026-07-20
OFF-BI-10001279,Singapore Warehouse,463.0,92.0,In Stock,2026-07-20
OFF-ELD-10000845,Singapore Warehouse,399.0,79.0,In Stock,2026-07-20
OFF-FA-10002506,Singapore Warehouse,246.0,49.0,In Stock,2026-07-20
FUR-BO-10002781,Rotterdam Warehouse,133.0,26.0,In Stock,2026-07-20
OFF-AP-10002312,Singapore Warehouse,296.0,59.0,In Stock,2026-07-20
OFF-PA-10004155,Singapore Warehouse,302.0,60.0,In Stock,2026-07-20
OFF-BI-10004980,Singapore Warehouse,208.0,41.0,In Stock,2026-07-20
TEC-CO-10001301,Chicago Warehouse,241.0,48.0,In Stock,2026-07-20
OFF-BI-10004817,Singapore Warehouse,492.0,98.0,,2026-07-20
OFF-AP-10001941,Singapore Warehouse,210.0,42.0,In Stock,2026-07-20
OFF-LA-10002980,Singapore Warehouse,220.0,44.0,In Stock,2026-07-20
OFF-SU-10000898,Singapore Warehouse,487.0,97.0,In Stock,2026-07-20
FUR-TA-10001744,Rotterdam Warehouse,110.0,22.0,In Stock,2026-07-20
TEC-AC-10000642,Chicago Warehouse,217.0,43.0,In Stock,2026-07-20
TEC-NOK-10004339,Chicago Warehouse,132.0,26.0,In Stock,2026-07-20
OFF-ST-10004482,Singapore Warehouse,278.0,55.0,In Stock,2026-07-20
TEC-AC-10002305,Chicago Warehouse,150.0,30.0,,2026-07-20
TEC-PH-10002871,Chicago Warehouse,188.0,-37.0,In Stock,2026-07-20
OFF-FA-10001128,Singapore Warehouse,359.0,71.0,In Stock,20/07/2026
FUR-FU-10000585,Rotterdam Warehouse,75.0,15.0,In Stock,2026-07-20
TEC-APP-10001108,Chicago Warehouse,169.0,33.0,In Stock,2026-07-20
FUR-CH-10004580,Rotterdam Warehouse,51.0,10.0,In Stock,2026-07-20
OFF-FA-10001026,Singapore Warehouse,237.0,47.0,In Stock,2026-07-20
FUR-FU-10004181,Rotterdam Warehouse,110.0,22.0,In Stock,2026-07-20
TEC-CO-10002658,Chicago Warehouse,200.0,40.0,In Stock,20/07/2026
OFF-SU-10003879,Singapore Warehouse,456.0,91.0,,2026-07-20
OFF-SU-10000429,Singapore Warehouse,299.0,59.0,In Stock,2026-07-20
FUR-TA-10002982,Rotterdam Warehouse,62.0,12.0,,
OFF-AR-10004139,Singapore Warehouse,447.0,89.0,In Stock,2026-07-20
OFF-AR-10002392,,329.0,65.0,In Stock,2026-07-20
FUR-BO-10003206,Rotterdam Warehouse,102.0,20.0,In Stock,2026-07-20
OFF-AR-10002433,Singapore Warehouse,464.0,92.0,In Stock,2026-07-20
OFF-EN-10002924,Singapore Warehouse,440.0,88.0,In Stock,2026-07-20
OFF-BI-10004410,Singapore Warehouse,245.0,49.0,In Stock,2026-07-20
TEC-AC-10002006,Chicago Warehouse,106.0,21.0,In Stock,2026-07-20
OFF-FA-10002047,Singapore Warehouse,361.0,72.0,In Stock,2026-07-20
OFF-EN-10001141,Singapore Warehouse,480.0,96.0,In Stock,2026-07-20
OFF-EN-10000274,Singapore Warehouse,393.0,78.0,In Stock,2026-07-20
OFF-LA-10004148,Singapore Warehouse,342.0,68.0,In Stock,2026-07-20
OFF-ELD-10000967,Singapore Warehouse,436.0,87.0,In Stock,2026-07-20
OFF-ST-10000242,Singapore Warehouse,245.0,49.0,In Stock,2026-07-20
TEC-PH-10003988,Chicago Warehouse,128.0,25.0,In Stock,2026-07-20
OFF-PA-10000069,Singapore Warehouse,312.0,62.0,In Stock,2026-07-20
OFF-AP-10001956,Singapore Warehouse,414.0,82.0,In Stock,2026-07-20
OFF-ST-10000711,Singapore Warehouse,381.0,76.0,In Stock,2026-07-20
OFF-AR-10002116,Singapore Warehouse ,223.0,44.0,In Stock,2026-07-20
OFF-AR-10003774,Singapore Warehouse ,,74.0,In Stock,2026-07-20
OFF-BI-10000289,,228.0,45.0,In Stock,2026-07-20
OFF-ST-10003470,Singapore Warehouse,333.0,66.0,In Stock,2026-07-20
OFF-CUI-10001302,Singapore Warehouse,475.0,95.0,In Stock,2026-07-20
TEC-PH-10002923,Chicago Warehouse,215.0,43.0,In Stock,2026-07-20
OFF-KRA-10000492,Singapore Warehouse,231.0,46.0,In Stock,2026-07-20
OFF-LA-10001867,Singapore Warehouse,357.0,71.0,In Stock,2026-07-20
TEC-CO-10004831,Chicago Warehouse,214.0,42.0,In Stock,2026-07-20
OFF-KRA-10000695,Singapore Warehouse,469.0,93.0,In Stock,2026-07-20
OFF-AP-10000226,Singapore Warehouse,372.0,74.0,In Stock,2026-07-20
OFF-EAT-10002789,Singapore Warehouse,430.0,86.0,IN STOCK,2026-07-20
OFF-ST-10003327,Singapore Warehouse,349.0,69.0,In Stock,2026-07-20
OFF-SU-10001633,Singapore Warehouse,295.0,59.0,In Stock,2026-07-20
TEC-PH-10002658,Chicago Warehouse,220.0,44.0,In Stock,2026-07-20
OFF-LA-10001677,Singapore Warehouse,313.0,62.0,In Stock,2026-07-20
TEC-AC-10004396,Chicago Warehouse,249.0,49.0,In Stock,2026-07-20
TEC-MA-10003332,Chicago Warehouse,160.0,32.0,In Stock,2026-07-20
TEC-AC-10002857,Chicago Warehouse,233.0,46.0,,20/07/2026
OFF-GRE-10001774,Singapore Warehouse,219.0,43.0,In Stock,2026-07-20
OFF-AP-10001630,Singapore Warehouse,212.0,42.0,In Stock,2026-07-20
TEC-AC-10004620,Chicago Warehouse,102.0,20.0,In Stock,2026-07-20
FUR-CH-10004101,Rotterdam Warehouse,91.0,18.0,In Stock,2026-07-20
OFF-FA-10003605,Singapore Warehouse,327.0,65.0,,2026-07-20
TEC-CO-10003682,Chicago Warehouse,230.0,46.0,In Stock,2026-07-20
OFF-AP-10004336,,279.0,55.0,IN STOCK,2026-07-20
OFF-EN-10004870,Singapore Warehouse,318.0,63.0,In Stock,2026-07-20
FUR-BO-10001405,Rotterdam Warehouse,58.0,11.0,In Stock,2026-07-20
OFF-BI-10000880,Singapore Warehouse ,336.0,67.0,In Stock,2026-07-20
OFF-ST-10002176,Singapore Warehouse,443.0,88.0,In Stock,2026-07-20
OFF-PA-10003232,Singapore Warehouse,425.0,85.0,In Stock,2026-07-20
OFF-PA-10004069,Singapore Warehouse,455.0,91.0,In Stock,2026-07-20
FUR-CH-10001536,Rotterdam Warehouse,125.0,25.0,In Stock,2026-07-20
FUR-TA-10000665,Rotterdam Warehouse,-84.0,16.0,In Stock,20/07/2026
FUR-BO-10002268,Rotterdam Warehouse,84.0,16.0,In Stock,2026-07-20
OFF-LA-10003297,Singapore Warehouse,218.0,43.0,In Stock,2026-07-20
OFF-FA-10002636,Singapore Warehouse,294.0,58.0,In Stock,2026-07-20
OFF-ST-10001342,,457.0,91.0,In Stock,2026-07-20
OFF-AP-10003779,Singapore Warehouse,295.0,59.0,In Stock,2026-07-20
TEC-MA-10000888,Chicago Warehouse,94.0,18.0,In Stock,2026-07-20
TEC-PH-10002780,Chicago Warehouse,173.0,34.0,In Stock,2026-07-20
TEC-PH-10004235,Chicago Warehouse,207.0,41.0,In Stock,
FUR-TA-10003449,Rotterdam Warehouse,55.0,11.0,In Stock,2026-07-20
TEC-AC-10000530,Chicago Warehouse,213.0,42.0,In Stock,2026-07-20
FUR-CH-10001382,Rotterdam Warehouse,113.0,22.0,In Stock,2026-07-20
OFF-PA-10004480,Singapore Warehouse ,495.0,99.0,In Stock,2026-07-20
TEC-AC-10000892,Chicago Warehouse,225.0,45.0,In Stock,2026-07-20
OFF-AP-10004226,Singapore Warehouse,451.0,90.0,In Stock,2026-07-20
OFF-XER-10002982,Singapore Warehouse,282.0,56.0,In Stock,2026-07-20
OFF-SU-10004462,Singapore Warehouse,483.0,96.0,In Stock,2026-07-20
FUR-TA-10003748,Rotterdam Warehouse,64.0,12.0,In Stock,2026-07-20
OFF-AP-10004785,Singapore Warehouse,360.0,72.0,In Stock,2026-07-20
OFF-HAM-10001107,Singapore Warehouse ,359.0,71.0,In Stock,2026-07-20
OFF-AR-10003752,Singapore Warehouse,265.0,53.0,In Stock,2026-07-20
OFF-FA-10002975,Singapore Warehouse,445.0,89.0,In Stock,2026-07-20
OFF-BI-10002511,Singapore Warehouse,285.0,57.0,In Stock,2026-07-20
TEC-AC-10002340,Chicago Warehouse,105.0,21.0,In Stock,2026-07-20
TEC-PH-10004915,Chicago Warehouse,132.0,26.0,In Stock,2026-07-20
TEC-HP -10004012,Chicago Warehouse,177.0,35.0,In Stock,2026-07-20
FUR-CH-10000117,Rotterdam Warehouse,131.0,26.0,In Stock,2026-07-20
OFF-PA-10002586,Singapore Warehouse,434.0,86.0,,2026-07-20
FUR-TA-10001664,Rotterdam Warehouse,60.0,12.0,In Stock,2026-07-20
OFF-ST-10002182,Singapore Warehouse,304.0,60.0,In Stock,2026-07-20
OFF-AP-10002735,Singapore Warehouse,282.0,56.0,In Stock,2026-07-20
FUR-FU-10002485,Rotterdam Warehouse,104.0,20.0,In Stock,20/07/2026
OFF-EN-10004597,Singapore Warehouse,395.0,79.0,In Stock,2026-07-20
TEC-PH-10002121,Chicago Warehouse,202.0,40.0,IN STOCK,2026-07-20
OFF-EN-10002396,Singapore Warehouse,470.0,94.0,In Stock,2026-07-20
TEC-PH-10003488,Chicago Warehouse,210.0,42.0,In Stock,2026-07-20
OFF-BI-10001305,Singapore Warehouse,405.0,81.0,In Stock,2026-07-20
OFF-ST-10004897,Singapore Warehouse,290.0,58.0,In Stock,2026-07-20
FUR-CHR-10003806,Rotterdam Warehouse,141.0,28.0,In Stock,2026-07-20
TEC-MA-10000843,,140.0,28.0,In Stock,2026-07-20
TEC-NOK-10004541,Chicago Warehouse,247.0,49.0,In Stock,2026-07-20
TEC-AC-10004938,Chicago Warehouse,168.0,33.0,,2026-07-20
OFF-LA-10000321,Singapore Warehouse,443.0,88.0,In Stock,2026-07-20
TEC-AC-10004753,Chicago Warehouse,186.0,37.0,In Stock,2026-07-20
FUR-CH-10000294,Rotterdam Warehouse,95.0,19.0,In Stock,2026-07-20
OFF-LA-10000688,Singapore Warehouse,277.0,55.0,In Stock,2026-07-20
FUR-FU-10003462,Rotterdam Warehouse,113.0,,In Stock,2026-07-20
TEC-CO-10000395,Chicago Warehouse,225.0,45.0,In Stock,2026-07-20
OFF-AP-10004711,Singapore Warehouse,449.0,89.0,In Stock,2026-07-20
OFF-PA-10004881,Singapore Warehouse,329.0,65.0,In Stock,2026-07-20
OFF-GLO-10000491,Singapore Warehouse,416.0,83.0,In Stock,2026-07-20
FUR-BO-10001452,Rotterdam Warehouse,142.0,28.0,In Stock,2026-07-20
FUR-FU-10004497,Rotterdam Warehouse,63.0,12.0,In Stock,2026-07-20
FUR-CH-10000847,Rotterdam Warehouse,77.0,15.0,In Stock,2026-07-20
TEC-PH-10001664,Chicago Warehouse,200.0,40.0,In Stock,2026-07-20
OFF-AP-10003135,Singapore Warehouse,472.0,94.0,In Stock,2026-07-20
OFF-SU-10000062,Singapore Warehouse,290.0,,In Stock,2026-07-20
OFF-BI-10000806,Singapore Warehouse,232.0,46.0,In Stock,2026-07-20
FUR-SAF-10003469,,92.0,18.0,In Stock,2026-07-20
OFF-BI-10000815,Singapore Warehouse,466.0,93.0,In Stock,2026-07-20
OFF-ST-10001776,Singapore Warehouse,,99.0,In Stock,2026-07-20
TEC-EPS-10002711,Chicago Warehouse,155.0,31.0,In Stock,2026-07-20
OFF-ST-10003206,Singapore Warehouse,252.0,50.0,IN STOCK,2026-07-20
OFF-ST-10001799,Singapore Warehouse,217.0,,In Stock,2026-07-20
TEC-PH-10002597,Chicago Warehouse ,,17.0,In Stock,2026-07-20
OFF-ST-10004382,Singapore Warehouse,360.0,72.0,In Stock,2026-07-20
OFF-LA-10002037,Singapore Warehouse,300.0,60.0,In Stock,2026-07-20
OFF-LA-10002806,Singapore Warehouse,362.0,72.0,In Stock,2026-07-20
OFF-AR-10000422,Singapore Warehouse,425.0,-85.0,In Stock,2026-07-20
OFF-FA-10002101,Singapore Warehouse,406.0,81.0,In Stock,2026-07-20
OFF-AR-10003156,Singapore Warehouse,422.0,84.0,In Stock,2026-07-20
FUR-FU-10002007,,65.0,13.0,In Stock,2026-07-20
TEC-AC-10001142,Chicago Warehouse,132.0,26.0,In Stock,2026-07-20
OFF-AR-10000411,Singapore Warehouse,,98.0,In Stock,2026-07-20
OFF-BIC-10000041,Singapore Warehouse,274.0,54.0,In Stock,2026-07-20
OFF-AP-10002536,Singapore Warehouse,424.0,84.0,In Stock,2026-07-20
FUR-CH-10003760,Rotterdam Warehouse,122.0,24.0,In Stock,2026-07-20
OFF-PA-10004946,Singapore Warehouse,406.0,81.0,In Stock,2026-07-20
OFF-SU-10004888,Singapore Warehouse,385.0,77.0,In Stock,2026-07-20
TEC-OKI-10002736,Chicago Warehouse,102.0,20.0,In Stock,2026-07-20
TEC-CO-10002657,Chicago Warehouse,228.0,45.0,In Stock,2026-07-20
OFF-PA-10000036,Singapore Warehouse,399.0,79.0,In Stock,2026-07-20
OFF-PA-10003033,Singapore Warehouse,317.0,63.0,In Stock,2026-07-20
OFF-ST-10000020,Singapore Warehouse,207.0,41.0,In Stock,2026-07-20
FUR-BO-10000034,Rotterdam Warehouse,84.0,16.0,In Stock,2026-07-20
TEC-CO-10004756,Chicago Warehouse,177.0,,In Stock,2026-07-20
TEC-PH-10003560,Chicago Warehouse,190.0,38.0,In Stock,2026-07-20
OFF-FA-10004243,Singapore Warehouse,204.0,40.0,In Stock,2026-07-20
OFF-ST-10002395,Singapore Warehouse,430.0,86.0,In Stock,2026-07-20
OFF-BI-10002792,Singapore Warehouse,294.0,58.0,In Stock,2026-07-20
OFF-BI-10001759,Singapore Warehouse,321.0,64.0,,2026-07-20
FUR-FU-10004017,Rotterdam Warehouse,131.0,26.0,,2026-07-20
FUR-NOV-10004962,Rotterdam Warehouse,150.0,30.0,In Stock,2026-07-20
OFF-AP-10000604,Singapore Warehouse,270.0,54.0,In Stock,2026-07-20
FUR-CH-10002610,Rotterdam Warehouse,121.0,24.0,In Stock,2026-07-20
TEC-PH-10003980,Chicago Warehouse,88.0,17.0,In Stock,2026-07-20
FUR-FU-10000556,Rotterdam Warehouse,50.0,10.0,In Stock,2026-07-20
OFF-FA-10000571,Singapore Warehouse,328.0,65.0,In Stock,2026-07-20
OFF-PA-10002377,Singapore Warehouse,415.0,83.0,In Stock,2026-07-20
FUR-TA-10001726,Rotterdam Warehouse,150.0,30.0,In Stock,2026-07-20
OFF-SU-10000817,Singapore Warehouse,460.0,92.0,In Stock,2026-07-20
OFF-LA-10000379,Singapore Warehouse,458.0,91.0,In Stock,2026-07-20
TEC-MA-10000597,Chicago Warehouse,85.0,17.0,In Stock,2026-07-20
OFF-PA-10004115,Singapore Warehouse,403.0,80.0,In Stock,2026-07-20
OFF-SU-10001382,Singapore Warehouse,463.0,92.0,In Stock,2026-07-20
OFF-PA-10000859,Singapore Warehouse,348.0,69.0,In Stock,2026-07-20
FUR-FU-10003384,Rotterdam Warehouse,114.0,22.0,In Stock,2026-07-20
OFF-AP-10002433,Singapore Warehouse,484.0,96.0,In Stock,2026-07-20
TEC-HEW-10001558,Chicago Warehouse,141.0,,In Stock,2026-07-20
OFF-LA-10004484,Singapore Warehouse,349.0,69.0,In Stock,2026-07-20
OFF-ROG-10000191,Singapore Warehouse,301.0,60.0,In Stock,2026-07-20
TEC-PH-10002565,Chicago Warehouse,189.0,37.0,In Stock,2026-07-20
OFF-AR-10003045,Singapore Warehouse,220.0,44.0,In Stock,
FUR-CH-10004194,Rotterdam Warehouse,66.0,13.0,In Stock,2026-07-20
OFF-AR-10004918,Singapore Warehouse,375.0,75.0,In Stock,2026-07-20
OFF-EN-10001109,Singapore Warehouse ,473.0,94.0,In Stock,2026-07-20
TEC-CO-10004078,Chicago Warehouse,148.0,29.0,In Stock,2026-07-20
OFF-AVE-10000608,Singapore Warehouse,227.0,45.0,In Stock,2026-07-20
TEC-PH-10003589,Chicago Warehouse,232.0,46.0,In Stock,2026-07-20
OFF-GLO-10003463,Singapore Warehouse,414.0,82.0,In Stock,2026-07-20
TEC-MA-10001047,Chicago Warehouse,187.0,37.0,,2026-07-20
FUR-FU-10003975,Rotterdam Warehouse,86.0,17.0,In Stock,2026-07-20
OFF-ST-10002781,Singapore Warehouse,217.0,43.0,In Stock,2026-07-20
OFF-AR-10002454,Singapore Warehouse,496.0,99.0,,2026-07-20
FUR-FU-10000468,Rotterdam Warehouse,72.0,14.0,In Stock,2026-07-20
FUR-FU-10000980,Rotterdam Warehouse,106.0,21.0,In Stock,2026-07-20
TEC-MA-10000154,Chicago Warehouse,158.0,31.0,In Stock,2026-07-20
OFF-FA-10000087,Singapore Warehouse,350.0,70.0,In Stock,2026-07-20
OFF-EN-10002104,Singapore Warehouse,311.0,62.0,In Stock,2026-07-20
OFF-ACM-10003591,Singapore Warehouse,358.0,71.0,In Stock,2026-07-20
OFF-AVE-10004508,Singapore Warehouse,238.0,47.0,In Stock,2026-07-20
OFF-PA-10002842,Singapore Warehouse,290.0,58.0,In Stock,2026-07-20
FUR-TA-10001192,Rotterdam Warehouse,80.0,16.0,In Stock,2026-07-20
OFF-FA-10002491,Singapore Warehouse,387.0,77.0,In Stock,2026-07-20
FUR-BO-10000616,Rotterdam Warehouse,143.0,28.0,In Stock,2026-07-20
OFF-LA-10000880,Singapore Warehouse,349.0,69.0,In Stock,2026-07-20
OFF-ACC-10004782,Singapore Warehouse,315.0,63.0,In Stock,2026-07-20
FUR-RUB-10004633,Rotterdam Warehouse,100.0,20.0,In Stock,2026-07-20
TEC-PH-10000303,Chicago Warehouse,200.0,40.0,IN STOCK,2026-07-20
OFF-AP-10001955,Singapore Warehouse,235.0,-47.0,IN STOCK,2026-07-20
OFF-FA-10001359,Singapore Warehouse,297.0,59.0,In Stock,2026-07-20
OFF-PA-10004039,Singapore Warehouse,431.0,86.0,In Stock,2026-07-20
OFF-AR-10003829,,209.0,41.0,In Stock,2026-07-20
OFF-SAN-10003041,Singapore Warehouse,360.0,72.0,In Stock,2026-07-20
OFF-BI-10000168,Singapore Warehouse,309.0,61.0,In Stock,2026-07-20
TEC-AC-10001402,Chicago Warehouse,211.0,42.0,In Stock,2026-07-20
TEC-AC-10001187,Chicago Warehouse,236.0,47.0,In Stock,2026-07-20
TEC-PH-10002352,Chicago Warehouse,204.0,40.0,In Stock,2026-07-20
OFF-EN-10004684,Singapore Warehouse,447.0,89.0,In Stock,2026-07-20
TEC-ENE-10001355,Chicago Warehouse,181.0,36.0,In Stock,2026-07-20
FUR-TEN-10004147,Rotterdam Warehouse,70.0,14.0,In Stock,2026-07-20
OFF-PA-10001457,Singapore Warehouse ,212.0,42.0,In Stock,2026-07-20
FUR-BO-10001042,Rotterdam Warehouse,113.0,22.0,In Stock,2026-07-20
OFF-SU-10003863,Singapore Warehouse,456.0,91.0,In Stock,2026-07-20
OFF-AP-10002128,Singapore Warehouse,231.0,46.0,In Stock,2026-07-20
OFF-BOS-10001711,Singapore Warehouse,397.0,79.0,In Stock,2026-07-20
OFF-AR-10004587,Singapore Warehouse,243.0,48.0,In Stock,2026-07-20
TEC-AC-10002455,Chicago Warehouse,242.0,48.0,In Stock,2026-07-20
OFF-ST-10004097,Singapore Warehouse,463.0,92.0,In Stock,2026-07-20
OFF-PA-10003673,Singapore Warehouse,383.0,76.0,In-Stock,2026-07-20
OFF-EN-10000927,Singapore Warehouse,493.0,98.0,In Stock,2026-07-20
TEC-AC-10000254,Chicago Warehouse,169.0,33.0,In Stock,2026-07-20
TEC-MA-10003909,Chicago Warehouse,218.0,43.0,In Stock,2026-07-20
TEC-AC-10003367,Chicago Warehouse,100.0,20.0,In Stock,2026-07-20
OFF-PA-10000682,Singapore Warehouse,367.0,73.0,In Stock,2026-07-20
TEC-CAN-10001789,Chicago Warehouse,198.0,39.0,In Stock,20/07/2026
TEC-AC-10000766,Chicago Warehouse,245.0,49.0,In Stock,2026-07-20
OFF-AME-10002652,Singapore Warehouse,252.0,50.0,In Stock,2026-07-20
OFF-ST-10001290,Singapore Warehouse,,97.0,,2026-07-20
FUR-ADV-10003326,Rotterdam Warehouse,68.0,13.0,In Stock,2026-07-20
OFF-EN-10002500,Singapore Warehouse,485.0,97.0,In Stock,
FUR-RUB-10000501,Rotterdam Warehouse,88.0,17.0,In Stock,2026-07-20
OFF-GLO-10001567,Singapore Warehouse,297.0,59.0,In Stock,2026-07-20
TEC-PH-10000106,Chicago Warehouse,226.0,45.0,In Stock,2026-07-20
TEC-PH-10004552,Chicago Warehouse,146.0,29.0,In Stock,2026-07-20
OFF-PA-10004531,Singapore Warehouse ,407.0,81.0,In Stock,2026-07-20
OFF-BI-10001253,Singapore Warehouse,427.0,85.0,In Stock,2026-07-20
OFF-AR-10003674,Singapore Warehouse,404.0,80.0,In Stock,2026-07-20
OFF-AR-10003012,Singapore Warehouse,398.0,79.0,In Stock,2026-07-20
FUR-BO-10004824,Rotterdam Warehouse,99.0,19.0,In Stock,2026-07-20
OFF-AR-10003536,Singapore Warehouse,464.0,92.0,In Stock,2026-07-20
OFF-PA-10002109,Singapore Warehouse,318.0,63.0,In Stock,2026-07-20
OFF-ST-10003058,Singapore Warehouse,279.0,55.0,In Stock,2026-07-20
FUR-BO-10000184,Rotterdam Warehouse,62.0,12.0,In Stock,2026-07-20
OFF-OIC-10002160,Singapore Warehouse,279.0,55.0,In Stock,2026-07-20
OFF-BI-10002517,Singapore Warehouse,239.0,47.0,In Stock,2026-07-20
FUR-CH-10000857,Rotterdam Warehouse,79.0,15.0,In Stock,
OFF-FEL-10004224,Singapore Warehouse,237.0,47.0,In Stock,2026-07-20
OFF-FA-10002600,Singapore Warehouse,375.0,75.0,In Stock,2026-07-20
OFF-PA-10002365,Singapore Warehouse,383.0,76.0,In Stock,2026-07-20
OFF-ST-10000918,Singapore Warehouse,456.0,91.0,In Stock,2026-07-20
OFF-SU-10001382,Singapore Warehouse,262.0,52.0,In Stock,2026-07-20
TEC-CO-10004005,Chicago Warehouse,88.0,17.0,In Stock,2026-07-20
TEC-CO-10000129,Chicago Warehouse,98.0,19.0,In Stock,2026-07-20
FUR-CH-10002209,Rotterdam Warehouse,137.0,27.0,In Stock,2026-07-20
FUR-CH-10003696,Rotterdam Warehouse,50.0,10.0,In Stock,2026-07-20
OFF-EN-10003850,Singapore Warehouse,301.0,60.0,In Stock,2026-07-20
OFF-JIF-10004213,Singapore Warehouse ,458.0,91.0,In Stock,2026-07-20
OFF-FA-10004298,Singapore Warehouse,303.0,60.0,In Stock,20/07/2026
OFF-ST-10002263,Singapore Warehouse,271.0,54.0,In Stock,2026-07-20
OFF-BOS-10001348,Singapore Warehouse,231.0,46.0,In Stock,2026-07-20
TEC-PH-10003174,Chicago Warehouse,182.0,36.0,In Stock,2026-07-20
OFF-IBI-10003732,Singapore Warehouse,459.0,91.0,In Stock,2026-07-20
OFF-FA-10004931,Singapore Warehouse,449.0,89.0,In Stock,2026-07-20
TEC-CO-10001818,Chicago Warehouse,210.0,42.0,In Stock,2026-07-20
FUR-BO-10001501,Rotterdam Warehouse,73.0,14.0,In Stock,2026-07-20
OFF-AP-10004665,Singapore Warehouse,236.0,47.0,In Stock,2026-07-20
FUR-IKE-10004815,Rotterdam Warehouse,90.0,18.0,In Stock,2026-07-20
TEC-PH-10001585,Chicago Warehouse,126.0,25.0,In Stock,2026-07-20
OFF-PA-10002464,Singapore Warehouse ,313.0,62.0,In Stock,2026-07-20
OFF-STI-10002716,Singapore Warehouse,426.0,85.0,In Stock,2026-07-20
OFF-AR-10001266,Singapore Warehouse,292.0,58.0,IN STOCK,2026-07-20
TEC-AC-10001998,Chicago Warehouse,121.0,24.0,In Stock,2026-07-20
OFF-BI-10004028,Singapore Warehouse,284.0,56.0,In Stock,2026-07-20
OFF-KIT-10000964,Singapore Warehouse,364.0,72.0,In Stock,2026-07-20
FUR-BO-10001255,Rotterdam Warehouse,64.0,12.0,In Stock,2026-07-20
OFF-FA-10004899,Singapore Warehouse,391.0,78.0,In Stock,
FUR-SAF-10002940,Rotterdam Warehouse,109.0,21.0,In Stock,2026-07-20
OFF-PA-10001944,Singapore Warehouse,300.0,60.0,In Stock,2026-07-20
OFF-BI-10000719,Singapore Warehouse,375.0,75.0,In Stock,2026-07-20
OFF-PA-10002245,Singapore Warehouse,213.0,42.0,In Stock,2026-07-20
OFF-LA-10001982,Singapore Warehouse,405.0,81.0,In Stock,2026-07-20
TEC-PH-10004810,Chicago Warehouse,112.0,22.0,In Stock,2026-07-20
FUR-TEN-10000525,Rotterdam Warehouse,122.0,24.0,In Stock,2026-07-20
TEC-EPS-10004965,Chicago Warehouse,153.0,30.0,In Stock,2026-07-20
OFF-SU-10004514,Singapore Warehouse,403.0,80.0,In Stock,2026-07-20
OFF-BI-10003917,Singapore Warehouse,338.0,67.0,In Stock,2026-07-20
FUR-IKE-10003262,Rotterdam Warehouse,81.0,16.0,In Stock,2026-07-20
TEC-MA-10004587,Chicago Warehouse,100.0,20.0,In Stock,2026-07-20
OFF-LA-10002681,Singapore Warehouse,224.0,44.0,In Stock,2026-07-20
OFF-LA-10003459,Singapore Warehouse ,460.0,92.0,In Stock,2026-07-20
OFF-AR-10001862,Singapore Warehouse,320.0,64.0,In Stock,2026-07-20
OFF-ST-10001213,Singapore Warehouse,432.0,86.0,In Stock,2026-07-20
TEC-AC-10004145,Chicago Warehouse,196.0,39.0,In Stock,2026-07-20
OFF-AP-10000391,Singapore Warehouse,364.0,72.0,In Stock,2026-07-20
OFF-AR-10000150,Singapore Warehouse,340.0,68.0,In Stock,2026-07-20
OFF-AVE-10003740,Singapore Warehouse,276.0,55.0,In Stock,2026-07-20
FUR-FU-10001095,Rotterdam Warehouse,107.0,21.0,In Stock,2026-07-20
OFF-AR-10002113,Singapore Warehouse,269.0,53.0,In Stock,2026-07-20
TEC-SHA-10001231,Chicago Warehouse,129.0,25.0,In Stock,2026-07-20
OFF-GLO-10004430,Singapore Warehouse,360.0,72.0,In Stock,2026-07-20
OFF-FA-10002071,Singapore Warehouse,361.0,72.0,In Stock,2026-07-20
OFF-BI-10003684,Singapore Warehouse,209.0,41.0,In Stock,2026-07-20
OFF-BI-10000320,Singapore Warehouse,205.0,41.0,In Stock,2026-07-20
OFF-AP-10001947,Singapore Warehouse,462.0,92.0,In Stock,2026-07-20
FUR-ADV-10001855,Rotterdam Warehouse,61.0,12.0,In Stock,2026-07-20
FUR-BO-10000623,Rotterdam Warehouse,149.0,29.0,In Stock,2026-07-20
TEC-AC-10002558,Chicago Warehouse,199.0,39.0,In Stock,2026-07-20
FUR-TA-10001433,Rotterdam Warehouse,84.0,16.0,In Stock,2026-07-20
TEC-PH-10004655,Chicago Warehouse,169.0,33.0,In Stock,2026-07-20
FUR-CH-10003248,Rotterdam Warehouse,95.0,19.0,In Stock,2026-07-20
OFF-PA-10003884,Singapore Warehouse,475.0,95.0,In Stock,2026-07-20
OFF-FA-10000540,Singapore Warehouse,435.0,87.0,In Stock,2026-07-20
OFF-BI-10004967,Singapore Warehouse,352.0,70.0,In Stock,2026-07-20
OFF-SU-10001813,Singapore Warehouse,321.0,,In Stock,2026-07-20
OFF-PA-10001685,Singapore Warehouse,253.0,50.0,In Stock,2026-07-20
OFF-AR-10000655,Singapore Warehouse,254.0,50.0,In Stock,2026-07-20
OFF-FA-10000134,Singapore Warehouse,361.0,72.0,In Stock,2026-07-20
OFF-ST-10001490,Singapore Warehouse,219.0,43.0,In Stock,2026-07-20
OFF-EN-10002671,Singapore Warehouse,482.0,96.0,In Stock,2026-07-20
OFF-AR-10003031,Singapore Warehouse,324.0,64.0,In Stock,2026-07-20
OFF-AR-10000176,Singapore Warehouse,421.0,84.0,In Stock,2026-07-20
FUR-FU-10002210,Rotterdam Warehouse,65.0,13.0,In Stock,2026-07-20
OFF-EN-10000069,Singapore Warehouse,393.0,78.0,In Stock,2026-07-20
OFF-FA-10003850,Singapore Warehouse,228.0,45.0,In Stock,2026-07-20
FUR-HAR-10004086,Rotterdam Warehouse,83.0,16.0,In Stock,2026-07-20
TEC-AC-10002110,Chicago Warehouse,237.0,47.0,In Stock,2026-07-20
OFF-AP-10002238,Singapore Warehouse,351.0,70.0,In Stock,2026-07-20
FUR-FU-10002292,Rotterdam Warehouse,95.0,19.0,In Stock,2026-07-20
FUR-DAN-10002314,Rotterdam Warehouse,70.0,14.0,In Stock,2026-07-20
OFF-SU-10001137,Singapore Warehouse,299.0,59.0,IN STOCK,2026-07-20
TEC-CO-10004904,Chicago Warehouse,199.0,39.0,In Stock,2026-07-20
FUR-CH-10003540,Rotterdam Warehouse,82.0,16.0,In Stock,2026-07-20
FUR-FU-10001674,Rotterdam Warehouse,85.0,17.0,In Stock,2026-07-20
OFF-ADV-10004598,Singapore Warehouse,422.0,84.0,In Stock,2026-07-20
TEC-HP -10001905,Chicago Warehouse,159.0,31.0,In Stock,
OFF-ST-10003012,Singapore Warehouse ,312.0,62.0,In Stock,2026-07-20
OFF-FIS-10003463,Singapore Warehouse,322.0,64.0,In Stock,2026-07-20
FUR-CH-10004795,Rotterdam Warehouse,104.0,20.0,In Stock,2026-07-20
OFF-PA-10001977,Singapore Warehouse,362.0,72.0,In Stock,2026-07-20
OFF-PA-10003708,Singapore Warehouse,390.0,78.0,In Stock,2026-07-20
OFF-LA-10000658,Singapore Warehouse,299.0,59.0,In Stock,2026-07-20
OFF-ENE-10002093,Singapore Warehouse,422.0,84.0,In Stock,2026-07-20
FUR-TA-10001572,Rotterdam Warehouse,143.0,28.0,In Stock,2026-07-20
FUR-FU-10000277,Rotterdam Warehouse,55.0,11.0,In Stock,2026-07-20
FUR-CH-10000373,Rotterdam Warehouse ,53.0,10.0,In Stock,2026-07-20
FUR-FU-10003427,Rotterdam Warehouse,93.0,18.0,In Stock,2026-07-20
TEC-PH-10004559,,88.0,17.0,In Stock,2026-07-20
OFF-ST-10004190,Singapore Warehouse,323.0,64.0,In Stock,2026-07-20
FUR-CH-10000527,Rotterdam Warehouse,72.0,14.0,In Stock,2026-07-20
FUR-CH-10002938,Rotterdam Warehouse,52.0,10.0,In Stock,2026-07-20
TEC-MA-10001127,Chicago Warehouse,85.0,17.0,In Stock,2026-07-20
OFF-BI-10004224,Singapore Warehouse,-278.0,55.0,In Stock,2026-07-20
FUR-CH-10000042,Rotterdam Warehouse,70.0,14.0,In Stock,2026-07-20
TEC-PH-10001425,,130.0,26.0,In Stock,2026-07-20
OFF-LA-10003058,Singapore Warehouse,456.0,91.0,In Stock,2026-07-20
TEC-CO-10000865,Chicago Warehouse ,88.0,17.0,IN STOCK,2026-07-20
OFF-AR-10003633,Singapore Warehouse,261.0,52.0,In Stock,2026-07-20
OFF-AR-10000703,Singapore Warehouse,-355.0,71.0,In Stock,2026-07-20
FUR-CH-10003365,Rotterdam Warehouse,133.0,26.0,In Stock,2026-07-20
TEC-PH-10002645,Chicago Warehouse,212.0,42.0,IN STOCK,2026-07-20
OFF-BI-10004924,Singapore Warehouse,470.0,94.0,In Stock,2026-07-20
OFF-AP-10002998,Singapore Warehouse,472.0,94.0,In Stock,2026-07-20
FUR-TA-10004972,Rotterdam Warehouse,110.0,22.0,In Stock,2026-07-20
OFF-BI-10000340,Singapore Warehouse,393.0,78.0,In Stock,2026-07-20
FUR-IKE-10001312,Rotterdam Warehouse,100.0,20.0,In Stock,2026-07-20
TEC-AC-10002738,Chicago Warehouse,151.0,30.0,In Stock,20/07/2026
OFF-ST-10004459,Singapore Warehouse,490.0,98.0,In Stock,2026-07-20
OFF-EN-10001137,Singapore Warehouse,500.0,100.0,In Stock,2026-07-20
TEC-PH-10000412,Chicago Warehouse,133.0,26.0,In Stock,2026-07-20
OFF-PA-10004241,Singapore Warehouse,217.0,43.0,In Stock,2026-07-20
OFF-PA-10000318,Singapore Warehouse,461.0,92.0,In Stock,2026-07-20
TEC-SHA-10004874,Chicago Warehouse,120.0,24.0,In Stock,2026-07-20
OFF-BI-10003018,Singapore Warehouse,200.0,40.0,In Stock,2026-07-20
TEC-AC-10004813,Chicago Warehouse,125.0,25.0,In Stock,2026-07-20
OFF-FA-10003819,Singapore Warehouse,418.0,83.0,In Stock,2026-07-20
OFF-XER-10003203,Singapore Warehouse,357.0,71.0,In Stock,2026-07-20
OFF-LA-10003338,Singapore Warehouse,494.0,98.0,In Stock,2026-07-20
OFF-LA-10002295,Singapore Warehouse,203.0,40.0,In Stock,2026-07-20
TEC-CO-10004115,Chicago Warehouse,237.0,47.0,In Stock,2026-07-20
OFF-SU-10003483,Singapore Warehouse,370.0,74.0,In Stock,2026-07-20
FUR-CH-10003794,Rotterdam Warehouse,147.0,29.0,In Stock,2026-07-20
OFF-PA-10001878,Singapore Warehouse,371.0,74.0,IN STOCK,2026-07-20
OFF-ST-10001476,Singapore Warehouse,221.0,,In Stock,2026-07-20
TEC-AC-10003955,Chicago Warehouse,105.0,21.0,In Stock,2026-07-20
FUR-TA-10004744,Rotterdam Warehouse,65.0,13.0,In Stock,2026-07-20
TEC-MOT-10001196,Chicago Warehouse,212.0,42.0,In Stock,2026-07-20
TEC-PH-10002468,,243.0,48.0,In Stock,2026-07-20
OFF-ST-10004409,Singapore Warehouse,340.0,68.0,In Stock,2026-07-20
TEC-NOK-10001058,Chicago Warehouse,151.0,30.0,In Stock,2026-07-20
OFF-ROG-10001399,,252.0,50.0,In Stock,2026-07-20
FUR-BO-10003783,Rotterdam Warehouse,87.0,17.0,In Stock,2026-07-20
FUR-CH-10003950,Rotterdam Warehouse,132.0,26.0,In Stock,2026-07-20
OFF-ACM-10000671,Singapore Warehouse,442.0,88.0,In Stock,2026-07-20
OFF-PA-10001736,Singapore Warehouse,415.0,83.0,IN STOCK,2026-07-20
OFF-BI-10003713,Singapore Warehouse,499.0,99.0,In Stock,2026-07-20
OFF-CUI-10004428,Singapore Warehouse,247.0,49.0,In Stock,2026-07-20
OFF-PA-10000482,Singapore Warehouse,294.0,58.0,In Stock,2026-07-20
TEC-CO-10001580,Chicago Warehouse,152.0,30.0,In Stock,2026-07-20
OFF-LA-10002765,,371.0,74.0,In Stock,2026-07-20
OFF-FA-10003499,Singapore Warehouse,237.0,-47.0,In Stock,2026-07-20
FUR-BO-10002444,Rotterdam Warehouse,147.0,29.0,In Stock,2026-07-20
TEC-MA-10004985,Chicago Warehouse,86.0,17.0,In Stock,2026-07-20
TEC-CO-10000372,Chicago Warehouse,102.0,20.0,In Stock,2026-07-20
OFF-LA-10000334,Singapore Warehouse,400.0,80.0,In Stock,2026-07-20
TEC-AC-10000540,Chicago Warehouse,140.0,28.0,In Stock,2026-07-20
TEC-MA-10001267,Chicago Warehouse,226.0,45.0,In Stock,2026-07-20
TEC-MA-10003743,Chicago Warehouse,101.0,20.0,In Stock,2026-07-20
TEC-CO-10001952,Chicago Warehouse,102.0,20.0,In Stock,2026-07-20
OFF-EN-10002313,Singapore Warehouse,207.0,41.0,IN STOCK,2026-07-20
OFF-PA-10001593,Singapore Warehouse,425.0,85.0,In Stock,2026-07-20
OFF-FA-10003411,Singapore Warehouse,,100.0,In Stock,20/07/2026
TEC-MA-10001142,Chicago Warehouse,134.0,26.0,In Stock,2026-07-20
OFF-PA-10003936,Singapore Warehouse ,397.0,79.0,In Stock,2026-07-20
OFF-SU-10004198,Singapore Warehouse,339.0,67.0,In Stock,2026-07-20
OFF-AR-10004582,Singapore Warehouse,306.0,61.0,,2026-07-20
TEC-AC-10001243,Chicago Warehouse,117.0,23.0,In Stock,2026-07-20
OFF-BI-10003090,Singapore Warehouse,277.0,55.0,In Stock,2026-07-20
OFF-ST-10001124,Singapore Warehouse,489.0,97.0,In Stock,2026-07-20
OFF-BI-10001544,Singapore Warehouse,476.0,95.0,In Stock,2026-07-20
OFF-ST-10001228,Singapore Warehouse,263.0,-52.0,IN STOCK,2026-07-20
OFF-ST-10003204,Singapore Warehouse,442.0,88.0,In Stock,2026-07-20
OFF-EAT-10000652,Singapore Warehouse,478.0,95.0,In Stock,2026-07-20
FUR-BO-10004452,Rotterdam Warehouse,74.0,14.0,IN STOCK,2026-07-20
OFF-ST-10002085,Singapore Warehouse,248.0,49.0,In Stock,2026-07-20
OFF-EN-10003898,Singapore Warehouse,204.0,40.0,IN STOCK,2026-07-20
OFF-PA-10000383,Singapore Warehouse,372.0,74.0,,2026-07-20
TEC-PH-10004575,Chicago Warehouse,101.0,20.0,In Stock,2026-07-20
OFF-AR-10001952,Singapore Warehouse,407.0,81.0,In Stock,2026-07-20
FUR-FU-10002055,Rotterdam Warehouse,126.0,25.0,In Stock,2026-07-20
OFF-AR-10002535,Singapore Warehouse,246.0,49.0,In Stock,2026-07-20
TEC-PH-10001530,Chicago Warehouse,189.0,37.0,In Stock,2026-07-20
OFF-LA-10001215,Singapore Warehouse,250.0,50.0,In Stock,2026-07-20
TEC-AC-10002253,Chicago Warehouse,230.0,46.0,In Stock,2026-07-20
OFF-EN-10002081,Singapore Warehouse,308.0,61.0,In Stock,2026-07-20
OFF-AP-10001797,Singapore Warehouse,414.0,82.0,IN STOCK,2026-07-20
TEC-CO-10000387,Chicago Warehouse,198.0,39.0,In Stock,2026-07-20
TEC-BEL-10002324,Chicago Warehouse,107.0,21.0,In Stock,2026-07-20
TEC-PH-10002200,Chicago Warehouse,232.0,46.0,In Stock,2026-07-20
OFF-AR-10003023,Singapore Warehouse,437.0,87.0,In Stock,2026-07-20
OFF-SU-10002503,Singapore Warehouse,427.0,85.0,In Stock,2026-07-20
OFF-FA-10001297,Singapore Warehouse,443.0,88.0,In Stock,2026-07-20
OFF-BI-10004251,Singapore Warehouse,359.0,71.0,In Stock,2026-07-20
OFF-EN-10004590,Singapore Warehouse,431.0,86.0,In Stock,2026-07-20
OFF-ENE-10002104,Singapore Warehouse,489.0,97.0,In Stock,2026-07-20
TEC-AC-10003590,Chicago Warehouse,221.0,44.0,In Stock,2026-07-20
OFF-SU-10004650,Singapore Warehouse ,,63.0,In Stock,2026-07-20
OFF-PA-10000327,Singapore Warehouse,203.0,40.0,In Stock,2026-07-20
OFF-AR-10004218,Singapore Warehouse,349.0,69.0,In Stock,2026-07-20
OFF-HON-10001102,Singapore Warehouse,398.0,79.0,In Stock,2026-07-20
FUR-FU-10001979,Rotterdam Warehouse,91.0,18.0,In Stock,2026-07-20
OFF-EN-10003550,Singapore Warehouse,349.0,69.0,In Stock,2026-07-20
OFF-BIC-10001739,Singapore Warehouse,327.0,65.0,In Stock,2026-07-20
FUR-BO-10003713,Rotterdam Warehouse,118.0,23.0,In Stock,2026-07-20
TEC-MA-10003366,Chicago Warehouse,135.0,27.0,In Stock,2026-07-20
OFF-SME-10001278,Singapore Warehouse,223.0,44.0,In Stock,2026-07-20
OFF-SU-10003632,Singapore Warehouse,256.0,51.0,In Stock,2026-07-20
TEC-AC-10003159,Chicago Warehouse,243.0,48.0,In Stock,2026-07-20
OFF-BI-10003874,Singapore Warehouse,253.0,50.0,In Stock,2026-07-20
OFF-PA-10003395,Singapore Warehouse,290.0,58.0,In Stock,2026-07-20
OFF-AR-10001860,Singapore Warehouse,253.0,50.0,In Stock,2026-07-20
OFF-EN-10003729,Singapore Warehouse,,69.0,In Stock,2026-07-20
OFF-BIC-10004826,Singapore Warehouse,329.0,65.0,In Stock,2026-07-20
FUR-BO-10002334,,106.0,21.0,In Stock,2026-07-20
OFF-GRE-10003899,Singapore Warehouse,346.0,69.0,In Stock,2026-07-20
FUR-FU-10004462,Rotterdam Warehouse,96.0,19.0,In Stock,2026-07-20
OFF-LA-10004094,,490.0,98.0,In Stock,2026-07-20
FUR-FU-10001940,Rotterdam Warehouse,52.0,10.0,In Stock,2026-07-20
OFF-SU-10003515,Singapore Warehouse,385.0,77.0,In Stock,2026-07-20
TEC-MA-10001940,Chicago Warehouse,163.0,32.0,In Stock,2026-07-20
TEC-ENE-10003090,Chicago Warehouse,239.0,47.0,In Stock,2026-07-20
FUR-FU-10000175,Rotterdam Warehouse,71.0,14.0,In Stock,2026-07-20
OFF-SU-10001703,Singapore Warehouse,230.0,46.0,In Stock,2026-07-20
FUR-BO-10002204,Rotterdam Warehouse,131.0,26.0,In Stock,2026-07-20
OFF-HAR-10001262,Singapore Warehouse,332.0,66.0,In Stock,2026-07-20
FUR-ADV-10004718,Rotterdam Warehouse,115.0,23.0,In Stock,2026-07-20
OFF-FA-10003749,Singapore Warehouse,391.0,78.0,,2026-07-20
FUR-TEN-10003552,Rotterdam Warehouse,90.0,18.0,In Stock,2026-07-20
OFF-AP-10001905,Singapore Warehouse,317.0,63.0,In Stock,2026-07-20
OFF-LA-10001194,Singapore Warehouse,397.0,79.0,In Stock,2026-07-20
OFF-BI-10003367,Singapore Warehouse,483.0,96.0,In Stock,2026-07-20
OFF-ST-10001743,Singapore Warehouse,392.0,78.0,IN STOCK,2026-07-20
TEC-PH-10003368,Chicago Warehouse,175.0,35.0,In Stock,2026-07-20
OFF-AR-10000468,,476.0,95.0,In Stock,20/07/2026
OFF-EN-10003069,Singapore Warehouse,416.0,83.0,In Stock,2026-07-20
FUR-CH-10003874,Rotterdam Warehouse,108.0,21.0,In Stock,2026-07-20
OFF-AP-10001891,Singapore Warehouse,291.0,58.0,In Stock,2026-07-20
TEC-AC-10003400,Chicago Warehouse,219.0,43.0,IN STOCK,2026-07-20
OFF-JIF-10003115,Singapore Warehouse,387.0,77.0,In Stock,20/07/2026
FUR-CH-10001021,Rotterdam Warehouse,109.0,21.0,In Stock,2026-07-20
OFF-EN-10001528,Singapore Warehouse,471.0,94.0,In Stock,2026-07-20
OFF-AR-10001427,Singapore Warehouse,338.0,67.0,In Stock,2026-07-20
OFF-NOV-10002952,Singapore Warehouse,210.0,42.0,In Stock,2026-07-20
OFF-FA-10001698,Singapore Warehouse,235.0,47.0,In Stock,2026-07-20
FUR-TA-10002827,Rotterdam Warehouse,90.0,18.0,In Stock,2026-07-20
OFF-ST-10003121,Singapore Warehouse,297.0,59.0,In Stock,2026-07-20
OFF-SU-10001891,Singapore Warehouse,357.0,71.0,In Stock,2026-07-20
OFF-BI-10003022,Singapore Warehouse,411.0,82.0,In Stock,2026-07-20
FUR-FU-10002838,Rotterdam Warehouse,93.0,18.0,In Stock,2026-07-20
OFF-BI-10001504,Singapore Warehouse,414.0,82.0,In Stock,2026-07-20
TEC-CO-10004325,Chicago Warehouse,240.0,48.0,In Stock,2026-07-20
OFF-ST-10000520,Singapore Warehouse,411.0,82.0,In Stock,2026-07-20
OFF-SU-10003951,Singapore Warehouse,308.0,61.0,In Stock,2026-07-20
TEC-EPS-10003473,Chicago Warehouse,117.0,23.0,In Stock,2026-07-20
TEC-CO-10003587,Chicago Warehouse,246.0,49.0,In Stock,2026-07-20
OFF-AR-10003811,Singapore Warehouse,463.0,92.0,In Stock,2026-07-20
OFF-SU-10001124,Singapore Warehouse,491.0,98.0,In Stock,2026-07-20
FUR-FU-10004095,,119.0,23.0,In Stock,2026-07-20
OFF-EN-10004173,Singapore Warehouse,355.0,71.0,In Stock,2026-07-20
TEC-PH-10001917,Chicago Warehouse,249.0,49.0,IN STOCK,2026-07-20
FUR-OFF-10002511,,62.0,12.0,In Stock,2026-07-20
FUR-BO-10003106,Rotterdam Warehouse,94.0,18.0,In Stock,2026-07-20
FUR-IKE-10002894,Rotterdam Warehouse,136.0,27.0,In Stock,2026-07-20
OFF-PA-10001246,Singapore Warehouse,263.0,52.0,In Stock,2026-07-20
OFF-ST-10001173,Singapore Warehouse,365.0,73.0,In Stock,2026-07-20
OFF-AP-10000977,Singapore Warehouse,234.0,46.0,In Stock,2026-07-20
TEC-AC-10003407,Chicago Warehouse,101.0,20.0,In Stock,2026-07-20
OFF-SU-10002732,Singapore Warehouse,411.0,,In Stock,2026-07-20
OFF-LA-10002068,Singapore Warehouse,377.0,75.0,In Stock,2026-07-20
FUR-TA-10002146,Rotterdam Warehouse,125.0,25.0,In Stock,2026-07-20
OFF-OIC-10002266,Singapore Warehouse,469.0,93.0,In Stock,2026-07-20
OFF-BI-10000232,,471.0,94.0,In Stock,2026-07-20
OFF-LA-10000476,Singapore Warehouse,316.0,63.0,In Stock,2026-07-20
OFF-CAR-10001577,Singapore Warehouse,385.0,77.0,In Stock,2026-07-20
OFF-ST-10003455,Singapore Warehouse,429.0,85.0,In Stock,2026-07-20
FUR-CH-10004969,Rotterdam Warehouse,137.0,27.0,In Stock,2026-07-20
OFF-PA-10003911,Singapore Warehouse,207.0,41.0,In Stock,2026-07-20
OFF-HOO-10001881,Singapore Warehouse,419.0,83.0,In Stock,2026-07-20
FUR-BO-10004558,Rotterdam Warehouse,97.0,19.0,In Stock,2026-07-20
TEC-PH-10001305,Chicago Warehouse,248.0,,In Stock,2026-07-20
FUR-BO-10003945,Rotterdam Warehouse,90.0,18.0,In Stock,2026-07-20
FUR-BO-10004699,Rotterdam Warehouse,117.0,23.0,In Stock,2026-07-20
OFF-EN-10001346,Singapore Warehouse,382.0,76.0,In Stock,2026-07-20
TEC-HEW-10004690,Chicago Warehouse,249.0,49.0,In Stock,2026-07-20
FUR-SAU-10002642,Rotterdam Warehouse,64.0,12.0,In Stock,2026-07-20
TEC-CO-10000764,,83.0,,In Stock,2026-07-20
FUR-TA-10001272,Rotterdam Warehouse,59.0,11.0,In Stock,2026-07-20
OFF-PA-10002615,Singapore Warehouse,388.0,77.0,In Stock,2026-07-20
TEC-BRO-10000374,Chicago Warehouse,199.0,39.0,In Stock,2026-07-20
OFF-PA-10002005,Singapore Warehouse,316.0,63.0,In Stock,2026-07-20
TEC-AC-10001410,Chicago Warehouse,90.0,18.0,In Stock,2026-07-20
OFF-SU-10001750,Singapore Warehouse,,75.0,In Stock,2026-07-20
OFF-EN-10002621,Singapore Warehouse,463.0,92.0,In Stock,2026-07-20
OFF-EN-10001029,Singapore Warehouse,309.0,,In Stock,2026-07-20
TEC-PH-10003762,Chicago Warehouse,249.0,49.0,In Stock,2026-07-20
OFF-CAR-10004408,Singapore Warehouse,451.0,90.0,IN STOCK,2026-07-20
FUR-CH-10002297,Rotterdam Warehouse,105.0,21.0,In Stock,2026-07-20
TEC-AC-10001106,Chicago Warehouse,112.0,22.0,In Stock,2026-07-20
OFF-ST-10003274,Singapore Warehouse,492.0,98.0,In Stock,2026-07-20
OFF-AME-10002081,Singapore Warehouse,479.0,95.0,In Stock,2026-07-20
TEC-SHA-10000244,Chicago Warehouse,222.0,44.0,In Stock,2026-07-20
TEC-PH-10002085,Chicago Warehouse,237.0,47.0,In Stock,2026-07-20
OFF-KIT-10003757,Singapore Warehouse,432.0,86.0,In Stock,2026-07-20
TEC-CAN-10001378,Chicago Warehouse,184.0,36.0,In Stock,20/07/2026
TEC-CO-10001157,Chicago Warehouse,137.0,27.0,In Stock,2026-07-20
OFF-ST-10001598,Singapore Warehouse,365.0,73.0,In Stock,2026-07-20
OFF-LA-10004832,Singapore Warehouse,234.0,46.0,In-Stock,2026-07-20
TEC-AC-10003103,Chicago Warehouse,169.0,33.0,In Stock,2026-07-20
OFF-AR-10001720,Singapore Warehouse,312.0,62.0,In Stock,2026-07-20
TEC-CO-10001375,Chicago Warehouse,121.0,24.0,In Stock,2026-07-20
TEC-PH-10002296,Chicago Warehouse,210.0,42.0,In Stock,2026-07-20
OFF-ST-10004646,Singapore Warehouse,324.0,64.0,In Stock,2026-07-20
TEC-CO-10004128,,136.0,27.0,In Stock,2026-07-20
TEC-PH-10000455,Chicago Warehouse,192.0,38.0,In Stock,2026-07-20
TEC-MA-10004446,Chicago Warehouse,113.0,22.0,In Stock,2026-07-20
OFF-EN-10001771,Singapore Warehouse,234.0,46.0,In Stock,2026-07-20
OFF-PA-10000697,Singapore Warehouse,,41.0,In Stock,2026-07-20
OFF-FA-10000099,Singapore Warehouse,293.0,58.0,In Stock,2026-07-20
FUR-BAR-10002710,Rotterdam Warehouse,130.0,26.0,In Stock,2026-07-20
OFF-BI-10002799,Singapore Warehouse,223.0,44.0,In Stock,2026-07-20
FUR-FU-10001487,Rotterdam Warehouse,71.0,14.0,In Stock,2026-07-20
FUR-ADV-10003147,Rotterdam Warehouse,132.0,26.0,In Stock,2026-07-20
OFF-PA-10004994,Singapore Warehouse,436.0,87.0,In Stock,20/07/2026
OFF-BI-10000279,Singapore Warehouse,386.0,77.0,In Stock,2026-07-20
FUR-BO-10002031,Rotterdam Warehouse,77.0,15.0,In Stock,2026-07-20
TEC-CO-10001766,Chicago Warehouse,193.0,38.0,In Stock,2026-07-20
FUR-BO-10002510,Rotterdam Warehouse,60.0,12.0,In Stock,2026-07-20
FUR-CH-10000488,Rotterdam Warehouse,146.0,29.0,In Stock,2026-07-20
TEC-PH-10001900,Chicago Warehouse ,212.0,42.0,In Stock,2026-07-20
FUR-BO-10003323,Rotterdam Warehouse,76.0,15.0,In Stock,
FUR-CH-10004584,Rotterdam Warehouse,138.0,27.0,In Stock,2026-07-20
FUR-CH-10004040,Rotterdam Warehouse,147.0,29.0,In Stock,2026-07-20
OFF-STO-10002708,Singapore Warehouse,248.0,49.0,In Stock,2026-07-20
OFF-EN-10004147,Singapore Warehouse,476.0,95.0,In Stock,2026-07-20
TEC-CO-10001222,Chicago Warehouse,129.0,25.0,In Stock,2026-07-20
OFF-PA-10002473,Singapore Warehouse ,245.0,49.0,In Stock,2026-07-20
OFF-GLO-10000014,Singapore Warehouse,325.0,65.0,In Stock,2026-07-20
OFF-BI-10003091,Singapore Warehouse,358.0,71.0,In Stock,2026-07-20
OFF-LA-10002123,Singapore Warehouse,,90.0,In Stock,2026-07-20
OFF-AP-10002223,Singapore Warehouse,409.0,81.0,In Stock,20/07/2026
OFF-PA-10002196,Singapore Warehouse,479.0,95.0,IN STOCK,2026-07-20
TEC-BRO-10002103,Chicago Warehouse,117.0,23.0,In Stock,20/07/2026
OFF-EN-10001154,Singapore Warehouse,215.0,43.0,IN STOCK,2026-07-20
TEC-MA-10000811,Chicago Warehouse,,32.0,In Stock,2026-07-20
OFF-EN-10002230,Singapore Warehouse,217.0,43.0,In Stock,2026-07-20
TEC-AC-10004626,Chicago Warehouse,211.0,42.0,In Stock,2026-07-20
OFF-IBI-10000099,Singapore Warehouse,342.0,68.0,In Stock,2026-07-20
OFF-AP-10000329,Singapore Warehouse,273.0,54.0,In Stock,2026-07-20
OFF-FEL-10003785,Singapore Warehouse,356.0,71.0,In Stock,2026-07-20
OFF-LA-10000414,Singapore Warehouse,493.0,98.0,In Stock,2026-07-20
OFF-EN-10004775,Singapore Warehouse,419.0,83.0,In Stock,2026-07-20
FUR-CH-10002602,Rotterdam Warehouse,146.0,29.0,In Stock,2026-07-20
OFF-SU-10000452,Singapore Warehouse,491.0,98.0,In Stock,
TEC-CO-10002962,Chicago Warehouse,112.0,22.0,In Stock,2026-07-20
OFF-FIS-10001549,Singapore Warehouse,293.0,58.0,In Stock,2026-07-20
FUR-CH-10003965,Rotterdam Warehouse,95.0,19.0,In Stock,2026-07-20
OFF-AR-10002714,Singapore Warehouse,263.0,52.0,In Stock,2026-07-20
OFF-ELD-10003918,Singapore Warehouse,310.0,62.0,In Stock,2026-07-20
OFF-FA-10000720,Singapore Warehouse,304.0,60.0,IN STOCK,2026-07-20
OFF-AP-10003914,Singapore Warehouse,289.0,57.0,In Stock,2026-07-20
OFF-AR-10004749,Singapore Warehouse,306.0,61.0,In Stock,
OFF-PA-10000644,Singapore Warehouse,308.0,61.0,In Stock,
OFF-SU-10003343,Singapore Warehouse,216.0,43.0,In Stock,2026-07-20
OFF-CUI-10000203,Singapore Warehouse,235.0,47.0,In Stock,2026-07-20
OFF-SU-10002169,Singapore Warehouse,319.0,63.0,In Stock,2026-07-20
FUR-FU-10004053,Rotterdam Warehouse,136.0,27.0,In Stock,2026-07-20
OFF-LA-10003119,Singapore Warehouse,314.0,62.0,In Stock,2026-07-20
OFF-SAN-10003687,Singapore Warehouse,372.0,74.0,In Stock,2026-07-20
OFF-AR-10004757,Singapore Warehouse,367.0,73.0,In Stock,2026-07-20
FUR-SAF-10003819,Rotterdam Warehouse,92.0,18.0,In Stock,2026-07-20
FUR-TEN-10004549,Rotterdam Warehouse,146.0,29.0,In Stock,2026-07-20
FUR-CH-10003168,Rotterdam Warehouse,50.0,10.0,In Stock,2026-07-20
TEC-CO-10002504,Chicago Warehouse,132.0,26.0,In Stock,2026-07-20
TEC-AC-10004791,Chicago Warehouse,191.0,38.0,In Stock,2026-07-20
TEC-SAN-10003238,Chicago Warehouse,231.0,46.0,In Stock,2026-07-20
OFF-AP-10001772,Singapore Warehouse,268.0,53.0,In Stock,2026-07-20
OFF-ELD-10002297,Singapore Warehouse,333.0,66.0,In Stock,2026-07-20
FUR-FU-10000432,Rotterdam Warehouse,62.0,12.0,IN STOCK,2026-07-20
TEC-CO-10004689,Chicago Warehouse,215.0,43.0,In Stock,2026-07-20
OFF-PA-10001801,Singapore Warehouse,497.0,99.0,In Stock,2026-07-20
OFF-AR-10003684,Singapore Warehouse,361.0,72.0,In Stock,20/07/2026
OFF-KRA-10002406,Singapore Warehouse,383.0,,In Stock,2026-07-20
TEC-CO-10001968,Chicago Warehouse,249.0,49.0,In Stock,2026-07-20
FUR-CH-10001394,Rotterdam Warehouse,102.0,20.0,In Stock,2026-07-20
OFF-PA-10004998,Singapore Warehouse,296.0,59.0,In Stock,2026-07-20
TEC-MA-10000423,Chicago Warehouse,237.0,47.0,,2026-07-20
OFF-AP-10001692,Singapore Warehouse,346.0,69.0,In Stock,2026-07-20
FUR-FU-10001934,Rotterdam Warehouse,88.0,17.0,In Stock,2026-07-20
FUR-BO-10002084,Rotterdam Warehouse ,89.0,17.0,In Stock,2026-07-20
OFF-FA-10002728,Singapore Warehouse,462.0,92.0,In Stock,2026-07-20
TEC-PH-10004635,Chicago Warehouse,151.0,30.0,In Stock,20/07/2026
FUR-BEV-10002369,Rotterdam Warehouse,134.0,26.0,In Stock,2026-07-20
OFF-ACM-10004895,Singapore Warehouse,240.0,48.0,In Stock,2026-07-20
TEC-PH-10004434,Chicago Warehouse,193.0,38.0,In Stock,2026-07-20
TEC-PH-10004263,Chicago Warehouse,250.0,50.0,In Stock,2026-07-20
TEC-PH-10001795,Chicago Warehouse,183.0,36.0,In Stock,2026-07-20
OFF-EN-10001047,Singapore Warehouse,421.0,84.0,In Stock,2026-07-20
FUR-CH-10000807,Rotterdam Warehouse,66.0,13.0,IN STOCK,2026-07-20
OFF-ACC-10000687,Singapore Warehouse,254.0,50.0,In Stock,2026-07-20
TEC-PH-10004093,Chicago Warehouse,199.0,39.0,In Stock,2026-07-20
OFF-AP-10000258,Singapore Warehouse ,398.0,79.0,IN STOCK,2026-07-20
OFF-PA-10004041,Singapore Warehouse,499.0,99.0,In Stock,2026-07-20
OFF-NOV-10002258,Singapore Warehouse,440.0,88.0,In Stock,2026-07-20
OFF-ST-10003306,Singapore Warehouse,,90.0,In Stock,2026-07-20
FUR-FU-10001541,Rotterdam Warehouse,128.0,25.0,In Stock,2026-07-20
FUR-FU-10001290,Rotterdam Warehouse,119.0,23.0,In Stock,2026-07-20
FUR-BO-10003384,Rotterdam Warehouse,,17.0,In Stock,2026-07-20
OFF-EN-10002013,Singapore Warehouse,208.0,41.0,In Stock,2026-07-20
OFF-LA-10000407,Singapore Warehouse,310.0,62.0,,2026-07-20
FUR-DEF-10000065,Rotterdam Warehouse,111.0,22.0,In Stock,2026-07-20
OFF-PA-10004294,Singapore Warehouse,,75.0,In Stock,2026-07-20
TEC-MA-10004482,Chicago Warehouse,120.0,24.0,In Stock,2026-07-20
FUR-TA-10002088,Rotterdam Warehouse,104.0,20.0,In Stock,20/07/2026
TEC-AC-10004586,Chicago Warehouse,134.0,,In Stock,2026-07-20
OFF-FA-10004705,Singapore Warehouse,341.0,68.0,In Stock,2026-07-20
TEC-AC-10002458,Chicago Warehouse,,19.0,In Stock,2026-07-20
FUR-BO-10004371,Rotterdam Warehouse,74.0,14.0,In Stock,2026-07-20
TEC-SAM-10004851,Chicago Warehouse,148.0,29.0,In Stock,2026-07-20
OFF-STI-10004202,Singapore Warehouse,373.0,74.0,In Stock,2026-07-20
TEC-APP-10004657,Chicago Warehouse,,47.0,,
OFF-AR-10003117,Singapore Warehouse,498.0,99.0,In Stock,2026-07-20
OFF-PA-10000944,Singapore Warehouse,394.0,78.0,IN STOCK,2026-07-20
OFF-BIC-10002722,Singapore Warehouse,476.0,95.0,In Stock,2026-07-20
OFF-BI-10002975,Singapore Warehouse,231.0,46.0,In Stock,2026-07-20
OFF-AR-10004511,Singapore Warehouse,418.0,83.0,In Stock,2026-07-20
FUR-NOV-10002911,Rotterdam Warehouse,107.0,21.0,In Stock,2026-07-20
FUR-HAR-10001374,Rotterdam Warehouse,60.0,12.0,In Stock,2026-07-20
OFF-PA-10002524,Singapore Warehouse ,263.0,52.0,In Stock,2026-07-20
TEC-CO-10004234,Chicago Warehouse,230.0,46.0,In Stock,20/07/2026
OFF-PA-10000552,Singapore Warehouse,398.0,79.0,In Stock,2026-07-20
FUR-FU-10000946,Rotterdam Warehouse,118.0,23.0,In Stock,2026-07-20
OFF-FA-10000581,Singapore Warehouse,236.0,47.0,In Stock,2026-07-20
OFF-LA-10000959,Singapore Warehouse,215.0,43.0,In Stock,2026-07-20
FUR-CH-10001819,Rotterdam Warehouse,,20.0,In Stock,2026-07-20
OFF-AVE-10004909,Singapore Warehouse,318.0,63.0,In Stock,2026-07-20
OFF-PA-10004965,Singapore Warehouse,205.0,41.0,In Stock,2026-07-20
TEC-CIS-10002153,Chicago Warehouse,179.0,35.0,In Stock,2026-07-20
OFF-AVE-10004732,Singapore Warehouse,231.0,46.0,In Stock,2026-07-20
OFF-FEL-10002158,Singapore Warehouse,399.0,79.0,In Stock,2026-07-20
OFF-ACC-10002772,Singapore Warehouse,315.0,63.0,,2026-07-20
OFF-XER-10001454,Singapore Warehouse,357.0,71.0,In Stock,2026-07-20
FUR-IKE-10001301,Rotterdam Warehouse,124.0,24.0,In Stock,2026-07-20
OFF-FA-10001764,Singapore Warehouse,472.0,94.0,In Stock,2026-07-20
TEC-PAN-10000979,Chicago Warehouse,145.0,29.0,In Stock,2026-07-20
OFF-STO-10001671,Singapore Warehouse,457.0,91.0,In Stock,2026-07-20
FUR-DEF-10003315,Rotterdam Warehouse,52.0,10.0,In Stock,2026-07-20
FUR-TA-10001531,Rotterdam Warehouse,126.0,25.0,In Stock,2026-07-20
TEC-MA-10003329,Chicago Warehouse,197.0,39.0,In Stock,2026-07-20
FUR-FU-10002784,Rotterdam Warehouse,86.0,17.0,IN STOCK,2026-07-20
OFF-STA-10001791,Singapore Warehouse,212.0,42.0,In Stock,2026-07-20
FUR-CH-10003981,Rotterdam Warehouse,98.0,19.0,In Stock,2026-07-20
OFF-BI-10002562,Singapore Warehouse,386.0,77.0,In Stock,2026-07-20
OFF-FA-10000644,Singapore Warehouse,466.0,93.0,In Stock,2026-07-20
OFF-LA-10004008,Singapore Warehouse,452.0,90.0,In Stock,2026-07-20
FUR-CH-10003535,Rotterdam Warehouse,102.0,20.0,In Stock,2026-07-20
OFF-ST-10004228,Singapore Warehouse,278.0,55.0,In Stock,2026-07-20
TEC-AC-10001100,Chicago Warehouse,,42.0,In Stock,2026-07-20
FUR-FU-10000514,Rotterdam Warehouse,106.0,21.0,In Stock,2026-07-20
OFF-WIL-10003308,Singapore Warehouse,200.0,40.0,In Stock,2026-07-20
TEC-AC-10000342,Chicago Warehouse,104.0,20.0,In Stock,2026-07-20
TEC-AC-10002850,Chicago Warehouse,109.0,21.0,,2026-07-20
FUR-BO-10004806,Rotterdam Warehouse,64.0,12.0,In Stock,2026-07-20
OFF-LA-10000634,Singapore Warehouse,486.0,97.0,In Stock,2026-07-20
OFF-SU-10003234,Singapore Warehouse,338.0,67.0,In Stock,2026-07-20
OFF-ADV-10004030,Singapore Warehouse,473.0,94.0,In Stock,2026-07-20
FUR-FU-10004306,Rotterdam Warehouse,133.0,26.0,In Stock,2026-07-20
OFF-BI-10004195,Singapore Warehouse,342.0,68.0,In Stock,2026-07-20
FUR-DAN-10000597,Rotterdam Warehouse,70.0,14.0,In Stock,2026-07-20
OFF-LA-10003594,Singapore Warehouse,417.0,83.0,In Stock,2026-07-20
OFF-SU-10002323,Singapore Warehouse,235.0,47.0,In Stock,2026-07-20
OFF-PA-10002811,Singapore Warehouse,264.0,52.0,In Stock,2026-07-20
OFF-ST-10002574,Singapore Warehouse,242.0,48.0,In Stock,2026-07-20
TEC-STA-10000546,Chicago Warehouse,220.0,44.0,In Stock,2026-07-20
FUR-CH-10002439,Rotterdam Warehouse,79.0,15.0,In Stock,2026-07-20
OFF-STI-10001955,Singapore Warehouse,336.0,67.0,In Stock,2026-07-20
FUR-BO-10004409,Rotterdam Warehouse,118.0,23.0,In Stock,2026-07-20
OFF-ST-10003479,Singapore Warehouse,293.0,58.0,In Stock,2026-07-20
OFF-LA-10004749,Singapore Warehouse,278.0,55.0,In Stock,2026-07-20
TEC-CO-10004722,Chicago Warehouse,99.0,19.0,In Stock,2026-07-20
OFF-STO-10001173,Singapore Warehouse,209.0,41.0,In Stock,2026-07-20
OFF-BI-10001293,Singapore Warehouse,405.0,81.0,In Stock,2026-07-20
OFF-FA-10001113,Singapore Warehouse,388.0,77.0,In Stock,2026-07-20
FUR-RUB-10002817,Rotterdam Warehouse ,146.0,29.0,In Stock,2026-07-20
OFF-LA-10003132,Singapore Warehouse,359.0,71.0,In Stock,2026-07-20
OFF-AVE-10004312,Singapore Warehouse,-277.0,,In Stock,2026-07-20
OFF-PA-10000605,Singapore Warehouse,350.0,70.0,In Stock,2026-07-20
TEC-MA-10003066,Chicago Warehouse,,18.0,In Stock,2026-07-20
OFF-EN-10002226,Singapore Warehouse,493.0,98.0,IN STOCK,2026-07-20
FUR-FU-10001765,Rotterdam Warehouse,55.0,11.0,In Stock,2026-07-20
TEC-CO-10004406,Chicago Warehouse,117.0,23.0,In Stock,2026-07-20
FUR-HAR-10000100,Rotterdam Warehouse,80.0,16.0,IN STOCK,2026-07-20
OFF-AR-10000315,Singapore Warehouse,212.0,42.0,In Stock,2026-07-20
OFF-AR-10004422,Singapore Warehouse,350.0,70.0,In Stock,2026-07-20
OFF-FA-10002175,Singapore Warehouse,280.0,56.0,In Stock,2026-07-20
FUR-CH-10003761,Rotterdam Warehouse,92.0,18.0,In Stock,2026-07-20
OFF-GLO-10002982,Singapore Warehouse,211.0,42.0,In Stock,2026-07-20
TEC-AC-10000218,Chicago Warehouse,173.0,34.0,In Stock,2026-07-20
OFF-LA-10004055,Singapore Warehouse,444.0,88.0,In Stock,2026-07-20
OFF-BI-10000506,Singapore Warehouse,247.0,49.0,In Stock,2026-07-20
OFF-WIL-10001069,Singapore Warehouse,441.0,88.0,In Stock,2026-07-20
TEC-CO-10004409,Chicago Warehouse,,36.0,In Stock,
OFF-ST-10001186,Singapore Warehouse,444.0,88.0,In Stock,2026-07-20
OFF-AR-10004456,Singapore Warehouse,207.0,41.0,In Stock,2026-07-20
OFF-ELI-10000797,Singapore Warehouse,213.0,42.0,In Stock,
OFF-FA-10004775,Singapore Warehouse,268.0,53.0,In Stock,2026-07-20
OFF-PA-10001583,Singapore Warehouse,499.0,99.0,In Stock,2026-07-20
FUR-ADV-10000183,Rotterdam Warehouse,88.0,17.0,In Stock,2026-07-20
TEC-KON-10000091,Chicago Warehouse,237.0,47.0,In Stock,2026-07-20
TEC-MEM-10003743,Chicago Warehouse ,159.0,31.0,In Stock,2026-07-20
TEC-MEM-10001409,Chicago Warehouse,192.0,38.0,In Stock,2026-07-20
FUR-FU-10000060,Rotterdam Warehouse,143.0,28.0,In Stock,2026-07-20
OFF-EN-10004424,Singapore Warehouse,467.0,93.0,In Stock,2026-07-20
OFF-PA-10000867,Singapore Warehouse,431.0,86.0,IN STOCK,2026-07-20
FUR-CH-10003508,Rotterdam Warehouse,60.0,12.0,In Stock,2026-07-20
FUR-CH-10002073,Rotterdam Warehouse,135.0,27.0,In Stock,2026-07-20
FUR-BAR-10000946,Rotterdam Warehouse,147.0,29.0,In Stock,20/07/2026
OFF-BI-10002301,,399.0,79.0,In Stock,2026-07-20
FUR-BO-10002324,Rotterdam Warehouse,56.0,,In Stock,2026-07-20
TEC-SHA-10004658,Chicago Warehouse,149.0,29.0,In Stock,2026-07-20
FUR-CH-10002819,Rotterdam Warehouse,148.0,29.0,In Stock,2026-07-20
OFF-PA-10004468,Singapore Warehouse,394.0,78.0,In Stock,2026-07-20
OFF-FA-10004265,Singapore Warehouse,377.0,75.0,In Stock,
FUR-FU-10003798,Rotterdam Warehouse,84.0,16.0,In Stock,2026-07-20
FUR-TEN-10003349,Rotterdam Warehouse,54.0,10.0,In Stock,2026-07-20
TEC-APP-10004912,,116.0,23.0,In Stock,2026-07-20
OFF-EN-10003286,Singapore Warehouse,346.0,69.0,In Stock,2026-07-20
OFF-AP-10000647,Singapore Warehouse,473.0,94.0,In Stock,2026-07-20
OFF-EN-10004547,Singapore Warehouse,292.0,58.0,In Stock,2026-07-20
OFF-PA-10003418,Singapore Warehouse,227.0,45.0,In Stock,2026-07-20
OFF-BI-10000777,Singapore Warehouse,207.0,41.0,In Stock,2026-07-20
FUR-OFF-10000303,Rotterdam Warehouse ,113.0,22.0,In Stock,2026-07-20
TEC-MA-10003246,Chicago Warehouse,112.0,22.0,In Stock,2026-07-20
TEC-PH-10003572,Chicago Warehouse,94.0,18.0,In Stock,2026-07-20
TEC-AC-10003237,Chicago Warehouse,191.0,38.0,In Stock,20/07/2026
OFF-FEL-10002867,Singapore Warehouse,499.0,99.0,In Stock,2026-07-20
OFF-FA-10004924,Singapore Warehouse,285.0,57.0,In Stock,2026-07-20
OFF-BRE-10000448,Singapore Warehouse,488.0,97.0,In Stock,20/07/2026
TEC-MA-10002521,Chicago Warehouse,172.0,34.0,In Stock,2026-07-20
FUR-TA-10004524,Rotterdam Warehouse,150.0,30.0,In Stock,2026-07-20
OFF-PA-10000595,Singapore Warehouse,306.0,61.0,In Stock,2026-07-20
OFF-PA-10003556,Singapore Warehouse,284.0,56.0,In Stock,2026-07-20
FUR-CH-10000891,Rotterdam Warehouse ,148.0,29.0,In Stock,2026-07-20
FUR-BO-10002968,Rotterdam Warehouse,119.0,23.0,In Stock,2026-07-20
FUR-BO-10000071,Rotterdam Warehouse,110.0,22.0,In Stock,2026-07-20
TEC-PH-10002660,Chicago Warehouse,123.0,24.0,In Stock,2026-07-20
OFF-SU-10003966,Singapore Warehouse,461.0,92.0,IN STOCK,2026-07-20
TEC-AC-10002244,Chicago Warehouse,240.0,48.0,In Stock,2026-07-20
OFF-ST-10001646,Singapore Warehouse,350.0,,In Stock,2026-07-20
FUR-BAR-10003576,Rotterdam Warehouse,87.0,17.0,IN STOCK,2026-07-20
OFF-LA-10004370,Singapore Warehouse,367.0,,,2026-07-20
OFF-BI-10004492,Singapore Warehouse,281.0,56.0,In Stock,2026-07-20
FUR-FU-10001473,Rotterdam Warehouse,134.0,26.0,In Stock,2026-07-20
OFF-WIL-10003532,Singapore Warehouse,355.0,71.0,IN STOCK,2026-07-20
OFF-SU-10003991,Singapore Warehouse,401.0,80.0,In Stock,2026-07-20
TEC-MA-10004168,Chicago Warehouse,218.0,43.0,In Stock,2026-07-20
OFF-EN-10002002,Singapore Warehouse,316.0,63.0,In Stock,2026-07-20
OFF-BI-10001867,Singapore Warehouse,402.0,80.0,In Stock,2026-07-20
TEC-PH-10001819,Chicago Warehouse,94.0,18.0,In Stock,2026-07-20
FUR-HON-10003653,Rotterdam Warehouse,150.0,30.0,In Stock,2026-07-20
OFF-LA-10000560,Singapore Warehouse,328.0,65.0,In Stock,2026-07-20
OFF-ACM-10000570,Singapore Warehouse,206.0,41.0,In Stock,2026-07-20
OFF-SU-10004696,Singapore Warehouse,476.0,95.0,IN STOCK,2026-07-20
FUR-CH-10002374,Rotterdam Warehouse,53.0,10.0,In Stock,20/07/2026
FUR-HON-10002570,Rotterdam Warehouse,100.0,20.0,In Stock,2026-07-20
OFF-LA-10000506,Singapore Warehouse,411.0,82.0,In Stock,
OFF-AP-10004295,Singapore Warehouse ,446.0,89.0,In Stock,2026-07-20
FUR-TA-10004840,Rotterdam Warehouse,128.0,25.0,In Stock,2026-07-20
OFF-LA-10001317,Singapore Warehouse,350.0,70.0,In Stock,2026-07-20
FUR-FU-10004270,Rotterdam Warehouse,149.0,29.0,In Stock,2026-07-20
FUR-CH-10001919,Rotterdam Warehouse,119.0,23.0,In Stock,2026-07-20
OFF-BOS-10001753,Singapore Warehouse,410.0,82.0,In Stock,2026-07-20
OFF-BI-10003669,Singapore Warehouse,282.0,56.0,In Stock,2026-07-20
OFF-FA-10001650,Singapore Warehouse ,265.0,53.0,In Stock,2026-07-20
TEC-PH-10004992,Chicago Warehouse,98.0,19.0,In Stock,2026-07-20
OFF-FA-10003897,Singapore Warehouse,287.0,57.0,In Stock,2026-07-20
FUR-TA-10004832,Rotterdam Warehouse,139.0,27.0,In Stock,2026-07-20
OFF-BI-10000925,Singapore Warehouse,289.0,57.0,,2026-07-20
OFF-SU-10004766,Singapore Warehouse ,243.0,48.0,In Stock,2026-07-20
TEC-CO-10002323,Chicago Warehouse,128.0,25.0,In Stock,2026-07-20
OFF-BI-10003397,Singapore Warehouse,200.0,40.0,In Stock,2026-07-20
OFF-PA-10001091,Singapore Warehouse,387.0,77.0,In Stock,2026-07-20
TEC-AC-10000487,Chicago Warehouse,164.0,32.0,In Stock,2026-07-20
OFF-FA-10001401,Singapore Warehouse,259.0,51.0,In Stock,2026-07-20
TEC-PH-10004144,Chicago Warehouse,140.0,28.0,In Stock,2026-07-20
TEC-AC-10002148,Chicago Warehouse,243.0,48.0,In Stock,2026-07-20
OFF-AR-10003096,Singapore Warehouse,368.0,73.0,In Stock,2026-07-20
OFF-LA-10002139,Singapore Warehouse,475.0,95.0,In Stock,2026-07-20
TEC-CO-10004042,,88.0,17.0,In Stock,2026-07-20
OFF-AR-10002605,Singapore Warehouse,262.0,52.0,In Stock,20/07/2026
TEC-PH-10000984,Chicago Warehouse,,21.0,In Stock,2026-07-20
OFF-BI-10001031,Singapore Warehouse,330.0,66.0,In Stock,2026-07-20
FUR-FU-10004864,,75.0,15.0,In Stock,2026-07-20
OFF-AR-10000390,Singapore Warehouse,-342.0,68.0,In Stock,2026-07-20
TEC-AC-10003447,Chicago Warehouse,147.0,29.0,In Stock,2026-07-20
TEC-PH-10000381,Chicago Warehouse,102.0,20.0,IN STOCK,2026-07-20
OFF-LA-10003217,Singapore Warehouse ,205.0,41.0,In Stock,2026-07-20
TEC-PH-10002815,Chicago Warehouse,240.0,48.0,In Stock,
OFF-ST-10004837,Singapore Warehouse,324.0,64.0,In Stock,2026-07-20
OFF-SU-10002715,Singapore Warehouse,242.0,48.0,,2026-07-20
FUR-BO-10003284,Rotterdam Warehouse,120.0,24.0,In Stock,2026-07-20
TEC-AC-10003548,,197.0,39.0,In Stock,2026-07-20
OFF-BI-10001819,Singapore Warehouse,419.0,83.0,In Stock,2026-07-20
OFF-EN-10003898,Singapore Warehouse,204.0,40.0,IN STOCK,2026-07-20
OFF-AR-10004780,Singapore Warehouse,281.0,56.0,In Stock,2026-07-20
OFF-ADV-10003030,Singapore Warehouse,446.0,89.0,In Stock,2026-07-20
OFF-FA-10003892,Singapore Warehouse,444.0,88.0,In Stock,2026-07-20
TEC-NOK-10003341,Chicago Warehouse,157.0,31.0,In Stock,2026-07-20
OFF-SU-10004401,Singapore Warehouse,277.0,55.0,In Stock,2026-07-20
FUR-TA-10003954,Rotterdam Warehouse,131.0,26.0,In Stock,2026-07-20
OFF-PA-10002477,Singapore Warehouse,301.0,60.0,In Stock,2026-07-20
TEC-CO-10002769,Chicago Warehouse,124.0,24.0,IN STOCK,2026-07-20
TEC-MOT-10002560,Chicago Warehouse,121.0,24.0,In Stock,2026-07-20
OFF-AR-10001738,Singapore Warehouse,490.0,98.0,In Stock,2026-07-20
TEC-PH-10002310,Chicago Warehouse,165.0,33.0,In Stock,2026-07-20
FUR-FU-10003336,Rotterdam Warehouse,104.0,20.0,In Stock,2026-07-20
TEC-PH-10004871,Chicago Warehouse,152.0,30.0,In Stock,2026-07-20
OFF-EN-10000328,Singapore Warehouse,465.0,93.0,In Stock,2026-07-20
OFF-ST-10000988,Singapore Warehouse,460.0,92.0,In Stock,2026-07-20
OFF-AP-10004052,Singapore Warehouse,265.0,53.0,In Stock,2026-07-20
FUR-BO-10000021,Rotterdam Warehouse,75.0,15.0,In Stock,2026-07-20
OFF-LA-10000443,Singapore Warehouse,240.0,48.0,In Stock,2026-07-20
FUR-CH-10002090,Rotterdam Warehouse,115.0,23.0,In Stock,2026-07-20
FUR-FU-10003981,Rotterdam Warehouse,116.0,23.0,In Stock,2026-07-20
OFF-AP-10002998,Singapore Warehouse,421.0,84.0,In Stock,2026-07-20
OFF-SU-10002849,Singapore Warehouse,496.0,99.0,In Stock,2026-07-20
FUR-CH-10001037,Rotterdam Warehouse,109.0,21.0,In Stock,2026-07-20
OFF-ST-10001228,Singapore Warehouse,431.0,86.0,In Stock,2026-07-20
OFF-BI-10000126,Singapore Warehouse,463.0,92.0,In Stock,2026-07-20
OFF-BI-10004182,,295.0,59.0,In Stock,2026-07-20
OFF-LA-10000452,Singapore Warehouse,391.0,78.0,In Stock,20/07/2026
FUR-BO-10004423,Rotterdam Warehouse,110.0,22.0,In Stock,2026-07-20
OFF-OIC-10003028,Singapore Warehouse,311.0,62.0,In Stock,2026-07-20
FUR-BO-10000895,Rotterdam Warehouse,62.0,12.0,In Stock,2026-07-20
OFF-PA-10000357,Singapore Warehouse,422.0,84.0,In Stock,2026-07-20
TEC-PH-10004531,Chicago Warehouse,202.0,40.0,In Stock,2026-07-20
OFF-PA-10004385,Singapore Warehouse,361.0,72.0,In Stock,2026-07-20
TEC-PH-10000100,Chicago Warehouse,95.0,19.0,,2026-07-20
OFF-XER-10003901,Singapore Warehouse,325.0,65.0,In Stock,2026-07-20
OFF-ACC-10001703,Singapore Warehouse,369.0,73.0,In Stock,2026-07-20
OFF-BI-10002706,Singapore Warehouse,433.0,86.0,In Stock,2026-07-20
TEC-AC-10004591,Chicago Warehouse,189.0,37.0,In Stock,2026-07-20
FUR-FU-10004845,Rotterdam Warehouse,103.0,20.0,In Stock,2026-07-20
FUR-CH-10000892,Rotterdam Warehouse,70.0,14.0,In Stock,2026-07-20
OFF-EN-10001711,Singapore Warehouse,307.0,61.0,In Stock,2026-07-20
OFF-PA-10000522,Singapore Warehouse,448.0,89.0,In Stock,2026-07-20
OFF-LA-10003290,Singapore Warehouse,319.0,63.0,In Stock,2026-07-20
FUR-CH-10001756,Rotterdam Warehouse,137.0,27.0,In Stock,2026-07-20
OFF-AP-10002495,Singapore Warehouse,399.0,79.0,In Stock,2026-07-20
OFF-STO-10003329,Singapore Warehouse,372.0,74.0,In Stock,2026-07-20
OFF-AME-10001179,Singapore Warehouse,344.0,68.0,In Stock,2026-07-20
TEC-AC-10001908,Chicago Warehouse,162.0,32.0,In Stock,2026-07-20
FUR-CH-10004755,Rotterdam Warehouse,130.0,26.0,In Stock,2026-07-20
OFF-PA-10003953,Singapore Warehouse ,265.0,53.0,In Stock,2026-07-20
OFF-BI-10001658,Singapore Warehouse,467.0,93.0,In Stock,2026-07-20
OFF-LA-10002465,Singapore Warehouse,489.0,97.0,IN STOCK,2026-07-20
TEC-AC-10001254,Chicago Warehouse,195.0,39.0,In Stock,2026-07-20
FUR-FU-10002837,Rotterdam Warehouse,81.0,16.0,In Stock,2026-07-20
TEC-AC-10000203,Chicago Warehouse,154.0,30.0,In Stock,2026-07-20
FUR-TEN-10003871,Rotterdam Warehouse,104.0,20.0,In Stock,2026-07-20
OFF-PA-10001142,Singapore Warehouse,468.0,93.0,In Stock,2026-07-20
FUR-CH-10001051,Rotterdam Warehouse,127.0,25.0,In Stock,2026-07-20
OFF-EN-10002556,Singapore Warehouse,299.0,59.0,In Stock,2026-07-20
OFF-FA-10003727,Singapore Warehouse,270.0,54.0,In Stock,2026-07-20
OFF-ST-10003154,Singapore Warehouse,202.0,40.0,IN STOCK,2026-07-20
FUR-CH-10002965,Rotterdam Warehouse,132.0,26.0,In Stock,2026-07-20
OFF-AR-10000380,Singapore Warehouse,368.0,73.0,In Stock,2026-07-20
TEC-AC-10001109,Chicago Warehouse,237.0,47.0,In Stock,2026-07-20
OFF-LA-10000073,Singapore Warehouse,494.0,98.0,In Stock,2026-07-20
OFF-EN-10000224,Singapore Warehouse,488.0,97.0,In Stock,2026-07-20
TEC-AC-10004801,Chicago Warehouse,96.0,19.0,In Stock,2026-07-20
FUR-TA-10003627,Rotterdam Warehouse ,56.0,11.0,In Stock,2026-07-20
OFF-AP-10002364,Singapore Warehouse,421.0,84.0,In Stock,2026-07-20
OFF-ST-10002352,Singapore Warehouse,421.0,84.0,In Stock,2026-07-20
FUR-CH-10001146,Rotterdam Warehouse,53.0,10.0,In Stock,2026-07-20
TEC-NOK-10000784,Chicago Warehouse,175.0,35.0,In Stock,2026-07-20
TEC-AC-10001251,Chicago Warehouse,92.0,18.0,In Stock,2026-07-20
OFF-AR-10003405,Singapore Warehouse,358.0,71.0,In Stock,2026-07-20
OFF-STO-10003878,Singapore Warehouse,349.0,69.0,In Stock,2026-07-20
TEC-AC-10000212,Chicago Warehouse,133.0,26.0,In Stock,2026-07-20
FUR-BO-10000655,Rotterdam Warehouse,104.0,20.0,In Stock,2026-07-20
TEC-OKI-10000794,Chicago Warehouse,97.0,19.0,In Stock,2026-07-20
FUR-NOV-10000323,Rotterdam Warehouse,54.0,10.0,In Stock,2026-07-20
OFF-SU-10002002,Singapore Warehouse,495.0,99.0,In Stock,2026-07-20
FUR-CH-10002316,Rotterdam Warehouse,106.0,21.0,In Stock,2026-07-20
OFF-AP-10003590,Singapore Warehouse,377.0,75.0,In Stock,2026-07-20
TEC-HP -10004149,Chicago Warehouse,177.0,35.0,In Stock,2026-07-20
OFF-SU-10004911,Singapore Warehouse,252.0,50.0,In Stock,2026-07-20
OFF-LA-10000765,Singapore Warehouse,262.0,52.0,In Stock,2026-07-20
OFF-AP-10002186,Singapore Warehouse,256.0,51.0,In Stock,20/07/2026
OFF-EN-10002973,Singapore Warehouse,266.0,53.0,In Stock,2026-07-20
OFF-PA-10004040,Singapore Warehouse,252.0,50.0,In Stock,2026-07-20
OFF-PA-10001258,Singapore Warehouse ,342.0,68.0,In Stock,2026-07-20
OFF-GLO-10003650,Singapore Warehouse,299.0,59.0,In Stock,2026-07-20
FUR-TA-10001866,Rotterdam Warehouse,87.0,17.0,In Stock,2026-07-20
TEC-CO-10004185,Chicago Warehouse,148.0,29.0,In Stock,2026-07-20
TEC-PH-10001670,Chicago Warehouse,84.0,16.0,In Stock,2026-07-20
FUR-CH-10003848,Rotterdam Warehouse,51.0,10.0,In Stock,2026-07-20
FUR-TA-10003171,Rotterdam Warehouse,91.0,18.0,In Stock,2026-07-20
TEC-AC-10003666,Chicago Warehouse,210.0,,In Stock,2026-07-20
TEC-AC-10002568,Chicago Warehouse,148.0,29.0,In Stock,2026-07-20
OFF-EAT-10002068,Singapore Warehouse,458.0,91.0,In Stock,2026-07-20
TEC-MA-10001128,Chicago Warehouse,80.0,16.0,In Stock,2026-07-20
OFF-SU-10001512,Singapore Warehouse,361.0,72.0,In Stock,2026-07-20
TEC-PH-10004389,Chicago Warehouse,87.0,17.0,In Stock,2026-07-20
FUR-TA-10004054,Rotterdam Warehouse,51.0,10.0,In Stock,2026-07-20
OFF-LA-10001404,Singapore Warehouse,259.0,51.0,In Stock,2026-07-20
OFF-AR-10003031,Singapore Warehouse,356.0,71.0,In Stock,2026-07-20
OFF-AP-10002326,Singapore Warehouse,327.0,65.0,In Stock,20/07/2026
FUR-FU-10003691,Rotterdam Warehouse,62.0,12.0,In Stock,2026-07-20
OFF-BI-10003340,Singapore Warehouse,416.0,83.0,In Stock,20/07/2026
TEC-BRO-10000348,Chicago Warehouse,93.0,18.0,In Stock,2026-07-20
OFF-ST-10003811,Singapore Warehouse,309.0,61.0,In Stock,2026-07-20
TEC-MA-10001372,Chicago Warehouse,243.0,48.0,In Stock,2026-07-20
FUR-NOV-10004563,Rotterdam Warehouse,141.0,28.0,In Stock,20/07/2026
OFF-AP-10004248,Singapore Warehouse,212.0,42.0,In Stock,2026-07-20
TEC-SHA-10001976,Chicago Warehouse,245.0,49.0,In Stock,2026-07-20
OFF-AR-10001850,Singapore Warehouse ,357.0,71.0,In Stock,2026-07-20
TEC-CO-10001943,Chicago Warehouse,232.0,46.0,In Stock,2026-07-20
OFF-AP-10003182,Singapore Warehouse,310.0,62.0,In Stock,2026-07-20
OFF-FA-10003838,Singapore Warehouse,281.0,56.0,In Stock,2026-07-20
OFF-AP-10002867,Singapore Warehouse,420.0,84.0,In Stock,2026-07-20
TEC-AC-10004221,Chicago Warehouse,102.0,20.0,In Stock,20/07/2026
TEC-PH-10001095,Chicago Warehouse,85.0,17.0,IN STOCK,2026-07-20
FUR-FU-10003268,Rotterdam Warehouse,90.0,18.0,In Stock,2026-07-20
OFF-AR-10003723,Singapore Warehouse,366.0,73.0,In Stock,2026-07-20
OFF-EN-10001979,Singapore Warehouse,217.0,43.0,In Stock,2026-07-20
OFF-AR-10000293,Singapore Warehouse,229.0,45.0,In Stock,2026-07-20
TEC-SAM-10003891,Chicago Warehouse,186.0,37.0,In Stock,2026-07-20
OFF-SU-10001515,Singapore Warehouse,449.0,89.0,In Stock,2026-07-20
OFF-ELI-10001507,Singapore Warehouse,276.0,55.0,In Stock,2026-07-20
FUR-DAN-10001993,Rotterdam Warehouse,126.0,25.0,In Stock,2026-07-20
OFF-BOS-10002073,Singapore Warehouse,467.0,93.0,In Stock,2026-07-20
OFF-AP-10002287,Singapore Warehouse,289.0,57.0,In Stock,2026-07-20
TEC-BEL-10000696,Chicago Warehouse,106.0,21.0,In Stock,2026-07-20
OFF-AP-10004627,Singapore Warehouse,471.0,94.0,In Stock,2026-07-20
OFF-BI-10003132,Singapore Warehouse,447.0,89.0,In Stock,2026-07-20
OFF-KRA-10003337,Singapore Warehouse,200.0,40.0,In Stock,2026-07-20
OFF-PA-10001536,Singapore Warehouse ,311.0,62.0,In Stock,2026-07-20
FUR-FU-10002878,Rotterdam Warehouse,132.0,26.0,In Stock,2026-07-20
OFF-AR-10001221,Singapore Warehouse,415.0,83.0,In Stock,2026-07-20
TEC-PH-10000560,Chicago Warehouse,191.0,38.0,In Stock,2026-07-20
OFF-SU-10002419,Singapore Warehouse,331.0,66.0,In Stock,2026-07-20
OFF-BI-10000972,Singapore Warehouse,446.0,89.0,In Stock,2026-07-20
OFF-LA-10004398,Singapore Warehouse,401.0,80.0,In Stock,2026-07-20
FUR-FU-10003976,Rotterdam Warehouse,122.0,24.0,In Stock,2026-07-20
OFF-BI-10000591,Singapore Warehouse,485.0,97.0,In Stock,2026-07-20
OFF-BI-10003724,Singapore Warehouse,338.0,67.0,In Stock,2026-07-20
OFF-SU-10004932,Singapore Warehouse,451.0,90.0,In Stock,20/07/2026
OFF-ST-10002221,Singapore Warehouse,233.0,46.0,In Stock,2026-07-20
TEC-MA-10002694,Chicago Warehouse,186.0,37.0,In Stock,2026-07-20
TEC-CIS-10002544,Chicago Warehouse,236.0,47.0,In Stock,2026-07-20
OFF-AVE-10002079,Singapore Warehouse,463.0,92.0,In Stock,2026-07-20
OFF-AR-10004042,Singapore Warehouse,312.0,62.0,In Stock,2026-07-20
TEC-CO-10002062,Chicago Warehouse ,246.0,49.0,In Stock,2026-07-20
FUR-FU-10002364,Rotterdam Warehouse,130.0,26.0,IN STOCK,2026-07-20
OFF-PA-10000357,Singapore Warehouse,284.0,56.0,In Stock,2026-07-20
OFF-JIF-10003842,,281.0,56.0,In Stock,2026-07-20
TEC-MEM-10001163,Chicago Warehouse,81.0,16.0,In Stock,2026-07-20
OFF-AP-10000004,Singapore Warehouse,448.0,89.0,In Stock,2026-07-20
OFF-AP-10001018,Singapore Warehouse,465.0,93.0,In Stock,2026-07-20
TEC-PH-10001651,Chicago Warehouse,168.0,33.0,In Stock,2026-07-20
FUR-BO-10003530,Rotterdam Warehouse,52.0,10.0,IN STOCK,2026-07-20
OFF-ST-10004507,Singapore Warehouse,297.0,59.0,In Stock,
TEC-PH-10002695,Chicago Warehouse,232.0,46.0,In Stock,2026-07-20
FUR-HON-10000722,Rotterdam Warehouse,69.0,13.0,In Stock,2026-07-20
OFF-AP-10001815,Singapore Warehouse,331.0,66.0,In Stock,2026-07-20
TEC-MOT-10001178,Chicago Warehouse,152.0,30.0,In Stock,2026-07-20
TEC-AC-10002756,Chicago Warehouse,235.0,47.0,In Stock,2026-07-20
OFF-FA-10001577,Singapore Warehouse,401.0,80.0,In Stock,2026-07-20
OFF-ST-10000643,Singapore Warehouse,352.0,70.0,In Stock,2026-07-20
FUR-CHR-10004803,Rotterdam Warehouse,146.0,29.0,In Stock,2026-07-20
OFF-EN-10000128,Singapore Warehouse,417.0,83.0,In Stock,2026-07-20
OFF-PA-10004187,Singapore Warehouse,427.0,85.0,In Stock,2026-07-20
FUR-FU-10002829,,127.0,25.0,In Stock,2026-07-20
TEC-MA-10003198,Chicago Warehouse,177.0,35.0,In Stock,2026-07-20
TEC-KON-10004519,Chicago Warehouse,218.0,43.0,In Stock,2026-07-20
TEC-MA-10000429,Chicago Warehouse,96.0,19.0,In Stock,20/07/2026
FUR-FU-10002685,Rotterdam Warehouse,51.0,10.0,In Stock,2026-07-20
OFF-LA-10000540,Singapore Warehouse,388.0,77.0,In Stock,2026-07-20
OFF-ST-10004180,Singapore Warehouse,356.0,71.0,In Stock,2026-07-20
OFF-LA-10000713,Singapore Warehouse,450.0,90.0,In Stock,2026-07-20
OFF-AR-10000027,Singapore Warehouse,384.0,76.0,In Stock,2026-07-20
TEC-AC-10000957,Chicago Warehouse,248.0,49.0,In Stock,2026-07-20
OFF-FA-10004880,Singapore Warehouse,340.0,68.0,In Stock,
OFF-EN-10002752,Singapore Warehouse,415.0,83.0,In Stock,2026-07-20
OFF-SU-10000432,Singapore Warehouse,382.0,76.0,In Stock,2026-07-20
TEC-PH-10000673,Chicago Warehouse,113.0,22.0,In Stock,2026-07-20
OFF-EAT-10004908,Singapore Warehouse,265.0,53.0,In Stock,20/07/2026
FUR-BO-10004926,Rotterdam Warehouse,50.0,,In Stock,2026-07-20
TEC-AC-10003895,Chicago Warehouse,217.0,43.0,In Stock,2026-07-20
TEC-PH-10000072,Chicago Warehouse,164.0,32.0,In Stock,2026-07-20
OFF-PA-10003518,Singapore Warehouse,212.0,42.0,In Stock,2026-07-20
OFF-EN-10000353,Singapore Warehouse,244.0,48.0,In Stock,2026-07-20
FUR-FU-10004474,Rotterdam Warehouse,76.0,15.0,In Stock,2026-07-20
FUR-TA-10000649,Rotterdam Warehouse,147.0,29.0,In Stock,2026-07-20
FUR-BO-10000668,Rotterdam Warehouse,102.0,20.0,In Stock,2026-07-20
OFF-FA-10000840,Singapore Warehouse,266.0,53.0,In Stock,2026-07-20
OFF-ST-10002574,Singapore Warehouse,443.0,88.0,In Stock,2026-07-20
FUR-FU-10003464,Rotterdam Warehouse,99.0,19.0,In Stock,2026-07-20
OFF-BI-10002885,Singapore Warehouse,251.0,50.0,In Stock,2026-07-20
TEC-AC-10001835,Chicago Warehouse,228.0,45.0,In Stock,2026-07-20
FUR-TA-10001705,Rotterdam Warehouse,82.0,16.0,In Stock,2026-07-20
OFF-ACC-10004281,Singapore Warehouse,418.0,83.0,In Stock,2026-07-20
OFF-SME-10000675,Singapore Warehouse,360.0,72.0,IN STOCK,2026-07-20
OFF-SU-10004496,Singapore Warehouse,209.0,41.0,In Stock,2026-07-20
OFF-AR-10002811,Singapore Warehouse,455.0,91.0,In Stock,2026-07-20
FUR-FU-10001933,Rotterdam Warehouse,70.0,14.0,In Stock,2026-07-20
TEC-MA-10003624,Chicago Warehouse,139.0,27.0,In Stock,2026-07-20
FUR-TA-10003518,Rotterdam Warehouse,83.0,16.0,In Stock,2026-07-20
OFF-SU-10001851,Singapore Warehouse,273.0,54.0,In Stock,2026-07-20
FUR-FU-10001366,Rotterdam Warehouse,142.0,28.0,In Stock,2026-07-20
TEC-PH-10003613,Chicago Warehouse,152.0,30.0,,2026-07-20
OFF-AR-10003630,Singapore Warehouse,228.0,45.0,In Stock,2026-07-20
TEC-AC-10002257,Chicago Warehouse,224.0,44.0,In Stock,2026-07-20
OFF-AR-10004519,Singapore Warehouse,420.0,84.0,In Stock,2026-07-20
OFF-PA-10002741,Singapore Warehouse,329.0,65.0,In Stock,2026-07-20
OFF-EN-10002524,Singapore Warehouse,330.0,66.0,In Stock,2026-07-20
OFF-AR-10000404,Singapore Warehouse,234.0,46.0,In Stock,2026-07-20
FUR-BO-10002782,Rotterdam Warehouse,149.0,29.0,In Stock,2026-07-20
FUR-FU-10004020,,143.0,28.0,In Stock,2026-07-20
OFF-SU-10003126,Singapore Warehouse,210.0,42.0,In Stock,2026-07-20
OFF-SU-10000105,Singapore Warehouse,421.0,84.0,In Stock,2026-07-20
OFF-PA-10002925,Singapore Warehouse ,380.0,76.0,In Stock,2026-07-20
OFF-BI-10001347,Singapore Warehouse,385.0,77.0,In Stock,2026-07-20
FUR-TA-10004147,Rotterdam Warehouse,138.0,27.0,In Stock,2026-07-20
OFF-LA-10002598,Singapore Warehouse,433.0,86.0,In Stock,2026-07-20
OFF-LA-10003487,Singapore Warehouse,481.0,96.0,In Stock,2026-07-20
OFF-BI-10000088,Singapore Warehouse,374.0,74.0,In Stock,2026-07-20
FUR-FU-10000541,Rotterdam Warehouse,51.0,10.0,In Stock,2026-07-20
TEC-PH-10000774,Chicago Warehouse,199.0,39.0,In Stock,2026-07-20
OFF-SU-10001595,Singapore Warehouse,212.0,42.0,In Stock,2026-07-20
FUR-CH-10000391,Rotterdam Warehouse,75.0,15.0,In Stock,2026-07-20
FUR-CH-10002816,Rotterdam Warehouse,119.0,23.0,In Stock,20/07/2026
FUR-CH-10004725,Rotterdam Warehouse,63.0,12.0,In Stock,2026-07-20
TEC-MA-10000753,Chicago Warehouse,96.0,19.0,In Stock,2026-07-20
OFF-TEN-10003211,Singapore Warehouse,395.0,79.0,In Stock,2026-07-20
FUR-CH-10004698,Rotterdam Warehouse,84.0,16.0,In-Stock,2026-07-20
OFF-PA-10000876,Singapore Warehouse,296.0,59.0,In Stock,2026-07-20
FUR-CH-10002468,Rotterdam Warehouse,138.0,27.0,In Stock,2026-07-20
TEC-MA-10001841,Chicago Warehouse,188.0,37.0,In Stock,2026-07-20
OFF-FA-10000010,Singapore Warehouse,321.0,,In Stock,2026-07-20
OFF-EN-10000061,Singapore Warehouse,353.0,70.0,In Stock,2026-07-20
OFF-AR-10000369,Singapore Warehouse,389.0,77.0,IN STOCK,2026-07-20
OFF-EN-10004144,Singapore Warehouse,278.0,55.0,In Stock,2026-07-20
TEC-MA-10004553,Chicago Warehouse,118.0,23.0,In Stock,2026-07-20
OFF-FA-10004734,Singapore Warehouse,219.0,43.0,In Stock,2026-07-20
TEC-AC-10004566,Chicago Warehouse,120.0,24.0,In Stock,2026-07-20
OFF-EN-10003817,Singapore Warehouse,490.0,98.0,In Stock,2026-07-20
OFF-EN-10004903,Singapore Warehouse,405.0,81.0,In Stock,2026-07-20
FUR-BO-10004055,,92.0,18.0,In Stock,2026-07-20
TEC-AC-10003657,Chicago Warehouse,216.0,43.0,In Stock,2026-07-20
FUR-BO-10001621,Rotterdam Warehouse,144.0,28.0,In Stock,2026-07-20
TEC-APP-10001732,Chicago Warehouse,180.0,36.0,In Stock,2026-07-20
TEC-PH-10002447,Chicago Warehouse,160.0,32.0,In Stock,2026-07-20
OFF-BI-10001858,Singapore Warehouse,480.0,96.0,In Stock,2026-07-20
TEC-PH-10004977,Chicago Warehouse,105.0,21.0,In Stock,2026-07-20
OFF-AR-10004602,Singapore Warehouse,258.0,51.0,In Stock,2026-07-20
TEC-PH-10001937,Chicago Warehouse,211.0,42.0,IN STOCK,20/07/2026
TEC-AC-10001090,Chicago Warehouse,209.0,41.0,In Stock,2026-07-20
OFF-AVE-10004159,Singapore Warehouse,390.0,78.0,In Stock,2026-07-20
FUR-DEF-10002865,,102.0,20.0,In Stock,2026-07-20
OFF-AP-10003558,Singapore Warehouse,346.0,69.0,In Stock,2026-07-20
OFF-EN-10003068,Singapore Warehouse,320.0,,In Stock,2026-07-20
OFF-GRE-10001059,Singapore Warehouse,466.0,93.0,IN STOCK,2026-07-20
OFF-SU-10000738,Singapore Warehouse,281.0,56.0,In Stock,2026-07-20
FUR-CH-10001714,Rotterdam Warehouse,113.0,22.0,In Stock,2026-07-20
OFF-ST-10001173,,378.0,,In Stock,2026-07-20
TEC-AC-10003416,Chicago Warehouse,104.0,20.0,In Stock,2026-07-20
TEC-AC-10001791,Chicago Warehouse,118.0,23.0,In Stock,2026-07-20
TEC-AC-10004975,Chicago Warehouse,208.0,41.0,In Stock,2026-07-20
FUR-IKE-10003015,Rotterdam Warehouse,86.0,17.0,In Stock,2026-07-20
OFF-ST-10003606,Singapore Warehouse,470.0,94.0,In Stock,2026-07-20
FUR-BO-10002990,Rotterdam Warehouse,141.0,28.0,In Stock,2026-07-20
TEC-APP-10002310,Chicago Warehouse,215.0,43.0,In Stock,2026-07-20
TEC-AC-10003172,Chicago Warehouse,163.0,32.0,In Stock,20/07/2026
OFF-AR-10002389,Singapore Warehouse,222.0,44.0,IN STOCK,2026-07-20
OFF-AR-10002671,Singapore Warehouse,,79.0,In Stock,2026-07-20
TEC-PH-10002251,Chicago Warehouse,80.0,16.0,In Stock,2026-07-20
TEC-MOT-10002260,Chicago Warehouse,246.0,49.0,In Stock,2026-07-20
FUR-FU-10004483,Rotterdam Warehouse,99.0,19.0,In Stock,2026-07-20
OFF-BI-10003707,Singapore Warehouse,447.0,89.0,IN STOCK,2026-07-20
FUR-BAR-10004682,Rotterdam Warehouse,67.0,13.0,In Stock,2026-07-20
FUR-BO-10000610,Rotterdam Warehouse,114.0,22.0,In Stock,2026-07-20
FUR-FU-10001867,Rotterdam Warehouse,126.0,,In Stock,2026-07-20
OFF-FA-10000353,Singapore Warehouse,366.0,73.0,In Stock,2026-07-20
OFF-EN-10002674,Singapore Warehouse,414.0,82.0,In Stock,2026-07-20
FUR-SAF-10000351,Rotterdam Warehouse,52.0,10.0,In Stock,2026-07-20
TEC-CO-10003784,Chicago Warehouse,166.0,33.0,In Stock,2026-07-20
OFF-AR-10003461,Singapore Warehouse,290.0,58.0,In Stock,2026-07-20
TEC-AC-10003174,Chicago Warehouse,,21.0,In Stock,2026-07-20
OFF-AP-10001469,Singapore Warehouse,299.0,,In Stock,2026-07-20
FUR-NOV-10001972,Rotterdam Warehouse,96.0,19.0,,2026-07-20
OFF-ST-10004768,Singapore Warehouse,491.0,98.0,In Stock,2026-07-20
OFF-LA-10000356,Singapore Warehouse ,289.0,57.0,In Stock,2026-07-20
TEC-PH-10004028,Chicago Warehouse,127.0,25.0,In Stock,2026-07-20
FUR-FU-10002502,Rotterdam Warehouse,121.0,24.0,In Stock,2026-07-20
OFF-PA-10004444,Singapore Warehouse,264.0,52.0,In Stock,20/07/2026
OFF-LA-10000685,Singapore Warehouse,495.0,99.0,In Stock,2026-07-20
OFF-FA-10000471,Singapore Warehouse ,244.0,48.0,In Stock,2026-07-20
OFF-SAN-10004824,Singapore Warehouse,314.0,62.0,In Stock,2026-07-20
TEC-AC-10001608,Chicago Warehouse,144.0,28.0,In Stock,2026-07-20
FUR-TA-10001276,Rotterdam Warehouse,102.0,20.0,In Stock,2026-07-20
FUR-BO-10000160,Rotterdam Warehouse,84.0,16.0,In Stock,2026-07-20
FUR-CH-10003702,Rotterdam Warehouse,68.0,13.0,In Stock,2026-07-20
OFF-KLE-10002550,Singapore Warehouse,436.0,87.0,In Stock,2026-07-20
FUR-FU-10001706,Rotterdam Warehouse,83.0,16.0,In Stock,2026-07-20
TEC-PH-10004162,Chicago Warehouse ,141.0,28.0,In Stock,2026-07-20
OFF-AR-10003005,Singapore Warehouse,443.0,88.0,In Stock,2026-07-20
TEC-MA-10000327,Chicago Warehouse,170.0,34.0,In Stock,2026-07-20
TEC-CO-10001775,Chicago Warehouse,90.0,18.0,In Stock,2026-07-20
OFF-STA-10003956,Singapore Warehouse,334.0,66.0,In Stock,2026-07-20
TEC-PH-10000332,Chicago Warehouse,88.0,17.0,In Stock,2026-07-20
FUR-BO-10004043,Rotterdam Warehouse,98.0,19.0,In Stock,2026-07-20
FUR-CH-10001150,Rotterdam Warehouse,101.0,20.0,In Stock,2026-07-20
OFF-FA-10000936,Singapore Warehouse,298.0,59.0,In Stock,2026-07-20
OFF-ELI-10001812,Singapore Warehouse,245.0,49.0,In Stock,2026-07-20
TEC-CO-10000422,Chicago Warehouse,137.0,27.0,In Stock,2026-07-20
OFF-PA-10003228,Singapore Warehouse,418.0,83.0,In Stock,2026-07-20
OFF-EN-10003398,Singapore Warehouse,291.0,58.0,In Stock,2026-07-20
OFF-LA-10001026,Singapore Warehouse,483.0,96.0,In Stock,2026-07-20
OFF-AR-10003582,Singapore Warehouse,208.0,41.0,In Stock,2026-07-20
OFF-EN-10000897,Singapore Warehouse,461.0,92.0,In Stock,2026-07-20
OFF-PA-10004145,Singapore Warehouse,467.0,93.0,In Stock,2026-07-20
OFF-FA-10002360,Singapore Warehouse,470.0,94.0,In Stock,2026-07-20
OFF-ST-10002119,Singapore Warehouse,299.0,59.0,In Stock,2026-07-20
TEC-PH-10000038,Chicago Warehouse,165.0,33.0,In Stock,2026-07-20
OFF-ACC-10003925,Singapore Warehouse,296.0,59.0,In Stock,2026-07-20
OFF-KLE-10002340,Singapore Warehouse,460.0,92.0,IN STOCK,2026-07-20
TEC-AC-10004997,Chicago Warehouse,161.0,32.0,In Stock,2026-07-20
FUR-NOV-10003754,Rotterdam Warehouse,52.0,10.0,In Stock,20/07/2026
OFF-AP-10000981,Singapore Warehouse,250.0,50.0,In Stock,2026-07-20
TEC-AC-10001840,Chicago Warehouse,180.0,36.0,In Stock,2026-07-20
OFF-PA-10003657,Singapore Warehouse,459.0,91.0,In Stock,2026-07-20
TEC-AC-10004317,Chicago Warehouse,210.0,42.0,In Stock,2026-07-20
OFF-IBI-10001951,Singapore Warehouse,265.0,53.0,IN STOCK,2026-07-20
OFF-SU-10001066,Singapore Warehouse,306.0,61.0,In Stock,2026-07-20
FUR-FU-10003717,Rotterdam Warehouse,82.0,16.0,In Stock,2026-07-20
TEC-PH-10000693,Chicago Warehouse,223.0,44.0,In Stock,2026-07-20
FUR-BO-10003873,Rotterdam Warehouse,121.0,24.0,In Stock,2026-07-20
FUR-CH-10003009,Rotterdam Warehouse,126.0,25.0,In Stock,2026-07-20
TEC-PH-10001754,Chicago Warehouse,232.0,46.0,In Stock,2026-07-20
TEC-PH-10003416,Chicago Warehouse,224.0,44.0,In-Stock,2026-07-20
OFF-AR-10004219,Singapore Warehouse ,262.0,52.0,In Stock,20/07/2026
TEC-PH-10003492,Chicago Warehouse,93.0,18.0,In Stock,2026-07-20
TEC-PH-10003002,Chicago Warehouse,150.0,30.0,IN STOCK,2026-07-20
OFF-PA-10004380,Singapore Warehouse,288.0,57.0,In Stock,2026-07-20
TEC-CO-10001487,Chicago Warehouse,241.0,48.0,In Stock,2026-07-20
OFF-EN-10000776,Singapore Warehouse,432.0,86.0,In Stock,2026-07-20
TEC-AC-10004743,,177.0,35.0,In Stock,2026-07-20
OFF-NOV-10000808,Singapore Warehouse,258.0,51.0,IN STOCK,2026-07-20
TEC-MOT-10004136,Chicago Warehouse,240.0,48.0,In Stock,2026-07-20
OFF-BIN-10004729,Singapore Warehouse,377.0,75.0,In Stock,2026-07-20
TEC-MA-10004655,Chicago Warehouse,109.0,21.0,In Stock,2026-07-20
OFF-LA-10004181,Singapore Warehouse,348.0,69.0,In Stock,2026-07-20
OFF-ST-10000423,Singapore Warehouse,426.0,85.0,In Stock,2026-07-20
OFF-BI-10002012,Singapore Warehouse,247.0,49.0,In Stock,2026-07-20
OFF-FA-10002163,Singapore Warehouse,473.0,94.0,In Stock,2026-07-20
FUR-BO-10000321,Rotterdam Warehouse,98.0,19.0,In Stock,2026-07-20
TEC-CO-10001410,Chicago Warehouse,131.0,26.0,In Stock,2026-07-20
TEC-PH-10004071,Chicago Warehouse,229.0,45.0,In Stock,2026-07-20
TEC-MA-10001248,Chicago Warehouse,220.0,44.0,In Stock,2026-07-20
OFF-AVE-10000909,Singapore Warehouse,214.0,42.0,In Stock,2026-07-20
OFF-PA-10000357,Singapore Warehouse,293.0,58.0,In Stock,20/07/2026
OFF-GLO-10001127,Singapore Warehouse,462.0,92.0,In Stock,2026-07-20
OFF-EN-10003733,Singapore Warehouse,379.0,75.0,In Stock,2026-07-20
OFF-ST-10001576,Singapore Warehouse,458.0,91.0,In Stock,2026-07-20
TEC-AC-10003506,Chicago Warehouse,227.0,45.0,In Stock,2026-07-20
OFF-BOS-10001386,Singapore Warehouse,441.0,88.0,In Stock,2026-07-20
OFF-AP-10002360,Singapore Warehouse,316.0,63.0,In Stock,2026-07-20
OFF-EN-10004649,Singapore Warehouse,449.0,89.0,IN STOCK,2026-07-20
FUR-BO-10004507,Rotterdam Warehouse,75.0,15.0,In Stock,2026-07-20
OFF-AR-10002260,Singapore Warehouse,231.0,46.0,In Stock,2026-07-20
FUR-CH-10003733,Rotterdam Warehouse,74.0,14.0,In Stock,2026-07-20
FUR-FU-10004421,Rotterdam Warehouse,61.0,12.0,In Stock,2026-07-20
TEC-MEM-10000582,Chicago Warehouse,83.0,16.0,In Stock,2026-07-20
OFF-AR-10000125,Singapore Warehouse,393.0,78.0,In Stock,2026-07-20
TEC-PH-10000030,Chicago Warehouse,246.0,49.0,In Stock,2026-07-20
FUR-BO-10004161,Rotterdam Warehouse,89.0,17.0,In Stock,2026-07-20
TEC-AC-10000815,Chicago Warehouse,205.0,41.0,In Stock,2026-07-20
OFF-EN-10004904,Singapore Warehouse,210.0,42.0,In Stock,2026-07-20
OFF-AR-10002902,Singapore Warehouse,478.0,95.0,In Stock,2026-07-20
TEC-CO-10002998,Chicago Warehouse,212.0,42.0,IN STOCK,2026-07-20
OFF-LA-10000345,Singapore Warehouse,255.0,51.0,In Stock,2026-07-20
FUR-IKE-10002147,Rotterdam Warehouse,114.0,22.0,In Stock,2026-07-20
OFF-PA-10004359,Singapore Warehouse,,97.0,In Stock,2026-07-20
OFF-PA-10003205,Singapore Warehouse,487.0,97.0,In Stock,
OFF-LA-10004853,Singapore Warehouse,358.0,,In Stock,2026-07-20
OFF-LA-10002381,Singapore Warehouse,345.0,69.0,In Stock,2026-07-20
TEC-HP -10004801,Chicago Warehouse,152.0,30.0,In Stock,2026-07-20
OFF-BI-10004986,Singapore Warehouse,322.0,64.0,In Stock,2026-07-20
TEC-HEW-10003460,Chicago Warehouse,176.0,35.0,In Stock,2026-07-20
OFF-AP-10001563,Singapore Warehouse,408.0,81.0,In Stock,2026-07-20
OFF-ELD-10002279,Singapore Warehouse,322.0,64.0,In Stock,2026-07-20
FUR-FU-10000342,Rotterdam Warehouse,83.0,16.0,IN STOCK,2026-07-20
OFF-EN-10004051,Singapore Warehouse,285.0,57.0,In Stock,2026-07-20
OFF-PA-10000878,Singapore Warehouse,,59.0,In Stock,2026-07-20
TEC-PH-10000365,Chicago Warehouse,105.0,21.0,In Stock,2026-07-20
TEC-KON-10000837,Chicago Warehouse,155.0,31.0,In Stock,2026-07-20
OFF-SU-10001132,Singapore Warehouse,491.0,98.0,In Stock,2026-07-20
OFF-SU-10004919,Singapore Warehouse,480.0,96.0,In Stock,2026-07-20
OFF-FA-10000577,Singapore Warehouse,495.0,99.0,In Stock,2026-07-20
OFF-ST-10001511,Singapore Warehouse,281.0,56.0,In Stock,2026-07-20
OFF-LA-10003223,Singapore Warehouse,226.0,45.0,In Stock,2026-07-20
TEC-ENE-10002744,Chicago Warehouse,130.0,26.0,In Stock,2026-07-20
OFF-AP-10000828,Singapore Warehouse,399.0,79.0,In Stock,2026-07-20
FUR-CH-10003054,Rotterdam Warehouse,116.0,23.0,In Stock,20/07/2026
OFF-BIC-10001632,Singapore Warehouse,452.0,90.0,In Stock,2026-07-20
TEC-CO-10000266,Chicago Warehouse,178.0,35.0,In Stock,2026-07-20
OFF-FA-10000899,Singapore Warehouse,295.0,59.0,In Stock,
OFF-LA-10003236,Singapore Warehouse,330.0,66.0,In Stock,2026-07-20
OFF-FA-10002577,Singapore Warehouse,385.0,77.0,In Stock,2026-07-20
OFF-BI-10002894,Singapore Warehouse,303.0,60.0,In Stock,2026-07-20
TEC-MA-10000240,Chicago Warehouse,204.0,40.0,In Stock,20/07/2026
TEC-CO-10000917,Chicago Warehouse,146.0,29.0,In Stock,2026-07-20
OFF-HON-10000137,Singapore Warehouse,443.0,88.0,In Stock,2026-07-20
OFF-AP-10004994,Singapore Warehouse,479.0,95.0,In Stock,20/07/2026
OFF-AP-10001191,Singapore Warehouse,278.0,55.0,In Stock,2026-07-20
FUR-FU-10000069,Rotterdam Warehouse,132.0,26.0,In Stock,2026-07-20
OFF-BI-10002459,Singapore Warehouse,337.0,67.0,,20/07/2026
FUR-TA-10002903,Rotterdam Warehouse,99.0,,In Stock,2026-07-20
OFF-EN-10001627,,485.0,97.0,In Stock,2026-07-20
TEC-CO-10003589,Chicago Warehouse,194.0,38.0,In Stock,2026-07-20
FUR-ADV-10000108,Rotterdam Warehouse,70.0,,In Stock,2026-07-20
FUR-BAR-10002449,Rotterdam Warehouse,120.0,24.0,In Stock,2026-07-20
TEC-AC-10002842,Chicago Warehouse,226.0,45.0,In Stock,2026-07-20
OFF-EN-10003685,Singapore Warehouse,318.0,63.0,IN STOCK,2026-07-20
OFF-AP-10001587,Singapore Warehouse,274.0,54.0,In Stock,2026-07-20
FUR-TA-10001360,Rotterdam Warehouse,51.0,10.0,In Stock,2026-07-20
FUR-CH-10004287,Rotterdam Warehouse,78.0,15.0,In Stock,2026-07-20
FUR-TA-10003887,Rotterdam Warehouse,127.0,25.0,In Stock,2026-07-20
OFF-ST-10002423,Singapore Warehouse,299.0,59.0,In Stock,2026-07-20
OFF-BI-10001124,,261.0,52.0,In Stock,2026-07-20
FUR-CH-10003354,Rotterdam Warehouse,75.0,15.0,In Stock,2026-07-20
FUR-ADV-10000571,Rotterdam Warehouse,126.0,25.0,In Stock,2026-07-20
FUR-BO-10000035,Rotterdam Warehouse,101.0,20.0,In Stock,2026-07-20
OFF-BI-10003719,Singapore Warehouse,364.0,72.0,In Stock,2026-07-20
FUR-BO-10004082,Rotterdam Warehouse,52.0,10.0,In Stock,2026-07-20
FUR-FU-10003608,Rotterdam Warehouse,97.0,19.0,In Stock,2026-07-20
FUR-SAF-10000508,Rotterdam Warehouse,139.0,27.0,In Stock,2026-07-20
OFF-ST-10004841,Singapore Warehouse,211.0,42.0,In Stock,2026-07-20
FUR-TA-10003899,Rotterdam Warehouse,105.0,21.0,In Stock,2026-07-20
OFF-ADV-10003050,Singapore Warehouse,446.0,89.0,In Stock,
TEC-AC-10001639,Chicago Warehouse,223.0,44.0,In Stock,2026-07-20
OFF-PA-10002558,Singapore Warehouse ,353.0,70.0,In Stock,2026-07-20
FUR-FU-10003939,Rotterdam Warehouse,91.0,18.0,In Stock,2026-07-20
OFF-AP-10002938,Singapore Warehouse,,49.0,In Stock,2026-07-20
OFF-PA-10003499,Singapore Warehouse,232.0,46.0,In Stock,2026-07-20
OFF-FA-10004339,Singapore Warehouse,211.0,42.0,In Stock,2026-07-20
TEC-CO-10000269,,129.0,25.0,In Stock,20/07/2026
OFF-AP-10000304,Singapore Warehouse ,249.0,49.0,In Stock,2026-07-20
FUR-TA-10004468,Rotterdam Warehouse,91.0,18.0,In Stock,2026-07-20
OFF-LA-10000322,Singapore Warehouse,318.0,63.0,In Stock,2026-07-20
OFF-BI-10003025,Singapore Warehouse,483.0,96.0,In Stock,2026-07-20
FUR-FU-10000815,Rotterdam Warehouse,79.0,15.0,In Stock,2026-07-20
OFF-AVE-10003465,Singapore Warehouse,367.0,73.0,In Stock,2026-07-20
TEC-AC-10002345,Chicago Warehouse,245.0,49.0,In Stock,2026-07-20
OFF-ST-10003816,Singapore Warehouse,452.0,90.0,IN STOCK,2026-07-20
OFF-PA-10004027,Singapore Warehouse,336.0,67.0,In Stock,20/07/2026
FUR-BO-10001369,Rotterdam Warehouse,113.0,22.0,In Stock,2026-07-20
FUR-CH-10002273,Rotterdam Warehouse,110.0,22.0,In Stock,2026-07-20
TEC-AC-10004752,,156.0,31.0,In Stock,2026-07-20
TEC-AC-10001974,Chicago Warehouse,85.0,17.0,In Stock,2026-07-20
FUR-FU-10002699,Rotterdam Warehouse,89.0,17.0,In Stock,2026-07-20
FUR-TA-10000317,Rotterdam Warehouse,74.0,14.0,In Stock,2026-07-20
TEC-CO-10001560,Chicago Warehouse,81.0,16.0,IN STOCK,2026-07-20
OFF-AR-10000727,Singapore Warehouse,341.0,68.0,In Stock,2026-07-20
TEC-PH-10004074,Chicago Warehouse,95.0,19.0,In Stock,2026-07-20
OFF-HON-10001723,Singapore Warehouse,251.0,50.0,In Stock,2026-07-20
TEC-PH-10004823,Chicago Warehouse,162.0,32.0,IN STOCK,2026-07-20
OFF-AP-10000390,Singapore Warehouse,274.0,54.0,In Stock,2026-07-20
OFF-ENE-10001906,Singapore Warehouse ,281.0,56.0,In Stock,2026-07-20
OFF-AP-10000124,Singapore Warehouse,237.0,47.0,In Stock,2026-07-20
FUR-BO-10004560,Rotterdam Warehouse,128.0,25.0,In Stock,2026-07-20
TEC-CO-10003522,Chicago Warehouse,91.0,18.0,In Stock,2026-07-20
OFF-ELI-10000541,Singapore Warehouse,255.0,51.0,In Stock,2026-07-20
OFF-ACC-10002220,,248.0,49.0,In Stock,2026-07-20
FUR-CH-10002573,Rotterdam Warehouse,94.0,18.0,In Stock,2026-07-20
OFF-PA-10003571,Singapore Warehouse,317.0,63.0,In Stock,2026-07-20
TEC-MEM-10004782,Chicago Warehouse,142.0,28.0,In Stock,20/07/2026
OFF-BI-10002225,Singapore Warehouse,312.0,62.0,In Stock,2026-07-20
OFF-SAN-10000722,Singapore Warehouse,302.0,60.0,In Stock,2026-07-20
OFF-EN-10003632,Singapore Warehouse,353.0,70.0,In Stock,2026-07-20
OFF-ST-10000760,Singapore Warehouse,419.0,83.0,,2026-07-20
OFF-ST-10000917,Singapore Warehouse,238.0,47.0,IN STOCK,2026-07-20
OFF-AP-10001776,Singapore Warehouse,461.0,92.0,In Stock,2026-07-20
OFF-LA-10000950,Singapore Warehouse,381.0,76.0,IN STOCK,2026-07-20
FUR-FU-10004712,Rotterdam Warehouse,147.0,29.0,In Stock,2026-07-20
OFF-FA-10003659,Singapore Warehouse,339.0,67.0,In Stock,20/07/2026
FUR-BO-10002632,Rotterdam Warehouse,115.0,23.0,In Stock,2026-07-20
OFF-STA-10001636,Singapore Warehouse,310.0,62.0,In Stock,2026-07-20
TEC-AC-10003628,Chicago Warehouse,186.0,,In Stock,2026-07-20
OFF-PA-10001972,Singapore Warehouse,435.0,87.0,In Stock,2026-07-20
FUR-DAN-10002967,Rotterdam Warehouse,83.0,16.0,In Stock,2026-07-20
FUR-CH-10000690,Rotterdam Warehouse,74.0,14.0,In Stock,2026-07-20
OFF-IBI-10000440,Singapore Warehouse,318.0,63.0,In Stock,2026-07-20
FUR-ADV-10004499,Rotterdam Warehouse,120.0,24.0,In Stock,2026-07-20
TEC-CIS-10003017,Chicago Warehouse,205.0,41.0,In Stock,2026-07-20
OFF-BI-10003112,Singapore Warehouse,364.0,,In Stock,2026-07-20
OFF-PA-10000007,Singapore Warehouse,224.0,44.0,In Stock,2026-07-20
TEC-PH-10002042,Chicago Warehouse,173.0,34.0,In Stock,2026-07-20
TEC-PH-10001590,Chicago Warehouse,214.0,42.0,In Stock,2026-07-20
TEC-MA-10001832,Chicago Warehouse,156.0,31.0,In Stock,2026-07-20
OFF-EN-10001315,Singapore Warehouse,462.0,92.0,In Stock,2026-07-20
TEC-CO-10001654,Chicago Warehouse,85.0,17.0,In Stock,2026-07-20
OFF-STA-10000155,Singapore Warehouse,347.0,69.0,In Stock,2026-07-20
TEC-SAM-10002496,Chicago Warehouse,201.0,40.0,In Stock,2026-07-20
OFF-EN-10000940,Singapore Warehouse,257.0,51.0,In Stock,2026-07-20
OFF-EN-10004941,Singapore Warehouse ,498.0,99.0,In Stock,2026-07-20
OFF-ST-10002122,Singapore Warehouse ,454.0,90.0,In Stock,2026-07-20
OFF-FA-10003931,Singapore Warehouse,236.0,47.0,In Stock,2026-07-20
OFF-LA-10004495,Singapore Warehouse,460.0,92.0,In Stock,2026-07-20
TEC-CO-10001726,Chicago Warehouse,218.0,43.0,In Stock,2026-07-20
OFF-BI-10000698,Singapore Warehouse,482.0,96.0,In Stock,2026-07-20
FUR-FU-10003878,Rotterdam Warehouse,140.0,28.0,In Stock,2026-07-20
OFF-SME-10003033,Singapore Warehouse,461.0,92.0,In Stock,2026-07-20
OFF-KRA-10000113,Singapore Warehouse,256.0,51.0,,2026-07-20
OFF-ST-10001963,Singapore Warehouse,483.0,96.0,In Stock,2026-07-20
OFF-AR-10002440,Singapore Warehouse,427.0,85.0,In Stock,2026-07-20
OFF-ST-10002967,Singapore Warehouse,444.0,88.0,In Stock,2026-07-20
OFF-ST-10000649,Singapore Warehouse,479.0,95.0,In Stock,2026-07-20
OFF-FA-10000074,Singapore Warehouse,489.0,97.0,In Stock,2026-07-20
OFF-AR-10000505,Singapore Warehouse,241.0,48.0,In Stock,2026-07-20
OFF-BI-10001927,Singapore Warehouse,217.0,43.0,In Stock,2026-07-20
OFF-ST-10004835,Singapore Warehouse,305.0,61.0,In Stock,2026-07-20
OFF-EN-10003567,Singapore Warehouse ,473.0,94.0,In Stock,2026-07-20
FUR-CH-10000863,Rotterdam Warehouse ,89.0,17.0,In Stock,2026-07-20
OFF-SU-10004279,Singapore Warehouse,240.0,48.0,In Stock,2026-07-20
OFF-AP-10001458,Singapore Warehouse,395.0,79.0,In Stock,2026-07-20
OFF-BI-10000822,Singapore Warehouse,316.0,63.0,In Stock,2026-07-20
OFF-ST-10003716,Singapore Warehouse,301.0,60.0,In Stock,2026-07-20
OFF-ST-10001752,Singapore Warehouse,272.0,54.0,In Stock,2026-07-20
OFF-SU-10004177,Singapore Warehouse,397.0,79.0,In Stock,
FUR-SAU-10004137,Rotterdam Warehouse,116.0,23.0,In Stock,2026-07-20
FUR-FU-10003370,Rotterdam Warehouse,137.0,27.0,In Stock,2026-07-20
TEC-PAN-10000131,Chicago Warehouse,128.0,25.0,In Stock,20/07/2026
FUR-TA-10000434,Rotterdam Warehouse,85.0,17.0,In Stock,2026-07-20
OFF-CUI-10003670,Singapore Warehouse,389.0,77.0,In Stock,2026-07-20
FUR-HON-10001627,Rotterdam Warehouse,89.0,17.0,In Stock,2026-07-20
OFF-LA-10003444,Singapore Warehouse ,232.0,46.0,In Stock,
OFF-BI-10000179,Singapore Warehouse,464.0,92.0,In Stock,2026-07-20
TEC-MEM-10002280,Chicago Warehouse,232.0,46.0,In Stock,2026-07-20
TEC-SAM-10004785,Chicago Warehouse,162.0,32.0,In Stock,2026-07-20
OFF-ELD-10002199,Singapore Warehouse,233.0,46.0,In Stock,2026-07-20
OFF-BI-10004584,Singapore Warehouse,492.0,98.0,In Stock,2026-07-20
OFF-BI-10002364,Singapore Warehouse,215.0,43.0,In Stock,2026-07-20
OFF-JIF-10002184,Singapore Warehouse,497.0,99.0,In Stock,2026-07-20
FUR-CH-10004194,Rotterdam Warehouse,109.0,21.0,In Stock,2026-07-20
OFF-FA-10003954,Singapore Warehouse,398.0,79.0,In Stock,2026-07-20
OFF-AP-10004372,Singapore Warehouse,380.0,76.0,In Stock,2026-07-20
TEC-MEM-10002919,Chicago Warehouse,244.0,48.0,In Stock,2026-07-20
TEC-CO-10002110,Chicago Warehouse,113.0,22.0,In Stock,2026-07-20
OFF-PA-10001164,Singapore Warehouse,383.0,76.0,In Stock,2026-07-20
OFF-AR-10002153,Singapore Warehouse,379.0,75.0,In Stock,2026-07-20
OFF-FA-10001228,Singapore Warehouse,443.0,88.0,IN STOCK,2026-07-20
FUR-BO-10004404,Rotterdam Warehouse,80.0,16.0,In Stock,2026-07-20
FUR-HON-10001015,Rotterdam Warehouse,123.0,24.0,In Stock,2026-07-20
TEC-MA-10004236,Chicago Warehouse,137.0,27.0,In Stock,2026-07-20
OFF-PA-10003407,Singapore Warehouse,462.0,92.0,In Stock,2026-07-20
TEC-MA-10000122,Chicago Warehouse,250.0,50.0,In Stock,2026-07-20
OFF-SU-10003907,Singapore Warehouse,209.0,41.0,In Stock,20/07/2026
TEC-MA-10001296,Chicago Warehouse ,160.0,32.0,In Stock,2026-07-20
TEC-PH-10001321,Chicago Warehouse,102.0,20.0,In Stock,2026-07-20
TEC-CO-10004191,Chicago Warehouse,155.0,31.0,IN STOCK,2026-07-20
TEC-AC-10003198,Chicago Warehouse,108.0,21.0,In Stock,2026-07-20
OFF-AR-10002710,Singapore Warehouse,270.0,54.0,In Stock,2026-07-20
FUR-BO-10003463,Rotterdam Warehouse,50.0,10.0,In Stock,2026-07-20
TEC-AC-10002048,Chicago Warehouse,223.0,44.0,In Stock,2026-07-20
OFF-BI-10001808,Singapore Warehouse,482.0,96.0,In Stock,2026-07-20
OFF-LA-10000732,Singapore Warehouse,319.0,63.0,In Stock,2026-07-20
TEC-MA-10001777,Chicago Warehouse,92.0,18.0,In Stock,2026-07-20
TEC-PH-10002365,Chicago Warehouse,122.0,24.0,In Stock,2026-07-20
OFF-BI-10001312,Singapore Warehouse,448.0,89.0,In Stock,20/07/2026
OFF-CUI-10000682,Singapore Warehouse,331.0,66.0,In Stock,2026-07-20
OFF-AVE-10004828,Singapore Warehouse,348.0,69.0,In Stock,2026-07-20
OFF-EN-10002985,Singapore Warehouse,464.0,92.0,In Stock,2026-07-20
FUR-TA-10003185,Rotterdam Warehouse,123.0,24.0,In Stock,2026-07-20
TEC-PH-10003437,Chicago Warehouse,167.0,33.0,In Stock,2026-07-20
OFF-AP-10002311,Singapore Warehouse,448.0,89.0,In Stock,2026-07-20
OFF-AP-10000005,Singapore Warehouse,347.0,69.0,In Stock,2026-07-20
OFF-LA-10004918,,234.0,46.0,In Stock,2026-07-20
TEC-AC-10004855,Chicago Warehouse,229.0,45.0,In Stock,2026-07-20
TEC-PH-10002683,Chicago Warehouse,84.0,16.0,In Stock,2026-07-20
OFF-AR-10002467,Singapore Warehouse,456.0,91.0,In Stock,2026-07-20
OFF-JIF-10003890,Singapore Warehouse,420.0,84.0,In Stock,2026-07-20
TEC-CO-10004662,Chicago Warehouse,81.0,16.0,In Stock,2026-07-20
TEC-KON-10003116,Chicago Warehouse,249.0,49.0,In Stock,2026-07-20
FUR-FU-10002698,Rotterdam Warehouse,78.0,15.0,In Stock,2026-07-20
TEC-AC-10004604,Chicago Warehouse,164.0,32.0,In Stock,2026-07-20
OFF-EN-10004469,Singapore Warehouse,353.0,70.0,In Stock,2026-07-20
OFF-AP-10002793,Singapore Warehouse,478.0,95.0,In Stock,2026-07-20
FUR-BO-10004327,Rotterdam Warehouse,91.0,18.0,In Stock,2026-07-20
OFF-AP-10001593,Singapore Warehouse,279.0,55.0,In Stock,2026-07-20
TEC-AC-10000097,Chicago Warehouse,248.0,49.0,In Stock,2026-07-20
FUR-BO-10003631,Rotterdam Warehouse,,24.0,In Stock,2026-07-20
OFF-ST-10002522,Singapore Warehouse,247.0,49.0,In Stock,2026-07-20
TEC-PH-10002601,Chicago Warehouse,199.0,39.0,In Stock,2026-07-20
FUR-TA-10004957,Rotterdam Warehouse,116.0,23.0,In Stock,2026-07-20
OFF-ST-10001326,Singapore Warehouse,343.0,68.0,In Stock,2026-07-20
TEC-PH-10004536,Chicago Warehouse,113.0,22.0,In Stock,2026-07-20
FUR-BO-10000889,Rotterdam Warehouse,107.0,21.0,In Stock,2026-07-20
OFF-AVE-10001750,Singapore Warehouse,433.0,86.0,In Stock,2026-07-20
OFF-AP-10000510,Singapore Warehouse,496.0,99.0,In Stock,2026-07-20
TEC-PH-10004631,Chicago Warehouse,247.0,49.0,In Stock,2026-07-20
FUR-FU-10003451,Rotterdam Warehouse,78.0,15.0,In Stock,2026-07-20
OFF-PA-10004835,,206.0,41.0,,2026-07-20
OFF-AR-10001130,Singapore Warehouse,249.0,49.0,In Stock,2026-07-20
FUR-TA-10001857,Rotterdam Warehouse ,115.0,23.0,In Stock,2026-07-20
OFF-STO-10002449,Singapore Warehouse,430.0,86.0,In Stock,2026-07-20
FUR-FU-10001847,Rotterdam Warehouse,106.0,21.0,IN STOCK,2026-07-20
TEC-AC-10000540,Chicago Warehouse,208.0,41.0,In Stock,2026-07-20
TEC-AC-10000263,Chicago Warehouse,124.0,24.0,In Stock,2026-07-20
FUR-FU-10001161,Rotterdam Warehouse,70.0,14.0,In Stock,2026-07-20
OFF-FA-10003058,Singapore Warehouse,271.0,,In Stock,2026-07-20
FUR-CH-10001674,Rotterdam Warehouse,106.0,21.0,In Stock,2026-07-20
OFF-BI-10001286,Singapore Warehouse,287.0,57.0,In Stock,2026-07-20
OFF-LA-10001175,Singapore Warehouse,229.0,45.0,In Stock,2026-07-20
OFF-LA-10002325,Singapore Warehouse,396.0,79.0,In Stock,20/07/2026
OFF-SU-10003098,Singapore Warehouse,381.0,76.0,In Stock,2026-07-20
OFF-SU-10003651,Singapore Warehouse,396.0,79.0,,2026-07-20
OFF-SU-10002550,,441.0,88.0,In Stock,
OFF-AP-10001178,Singapore Warehouse,419.0,83.0,In Stock,2026-07-20
OFF-AP-10002403,Singapore Warehouse,313.0,62.0,In Stock,2026-07-20
OFF-PA-10000827,Singapore Warehouse,321.0,64.0,In Stock,2026-07-20
TEC-ENE-10000895,Chicago Warehouse,214.0,42.0,In Stock,2026-07-20
FUR-DEF-10000810,Rotterdam Warehouse,82.0,16.0,IN STOCK,2026-07-20
OFF-PA-10004260,Singapore Warehouse,467.0,93.0,In Stock,2026-07-20
FUR-TA-10002582,Rotterdam Warehouse,91.0,18.0,In Stock,2026-07-20
TEC-PH-10001459,Chicago Warehouse,238.0,47.0,In Stock,2026-07-20
FUR-CH-10004863,Rotterdam Warehouse,64.0,12.0,In Stock,2026-07-20
FUR-CH-10003894,Rotterdam Warehouse,82.0,16.0,In Stock,2026-07-20
FUR-FU-10004117,Rotterdam Warehouse,86.0,17.0,In Stock,2026-07-20
OFF-ENE-10002038,Singapore Warehouse,500.0,100.0,In Stock,2026-07-20
OFF-EN-10004885,Singapore Warehouse,408.0,81.0,In Stock,2026-07-20
OFF-LA-10003381,Singapore Warehouse,350.0,70.0,In Stock,2026-07-20
OFF-BI-10001507,Singapore Warehouse,352.0,70.0,IN STOCK,2026-07-20
OFF-LA-10001154,,454.0,90.0,In Stock,2026-07-20
TEC-AC-10002670,Chicago Warehouse,167.0,33.0,In Stock,20/07/2026
TEC-PH-10002483,Chicago Warehouse,165.0,,In Stock,2026-07-20
TEC-PH-10001087,Chicago Warehouse,139.0,27.0,In Stock,2026-07-20
TEC-MA-10001831,Chicago Warehouse,214.0,,In Stock,2026-07-20
OFF-BI-10003708,Singapore Warehouse,388.0,77.0,IN STOCK,2026-07-20
FUR-OFF-10000344,Rotterdam Warehouse,138.0,27.0,In Stock,2026-07-20
OFF-ST-10003964,Singapore Warehouse,441.0,88.0,IN STOCK,2026-07-20
OFF-BI-10000308,Singapore Warehouse,368.0,73.0,In Stock,2026-07-20
OFF-PA-10000675,Singapore Warehouse,286.0,57.0,In Stock,2026-07-20
OFF-ST-10001631,Singapore Warehouse ,298.0,59.0,In Stock,2026-07-20
TEC-MA-10003170,Chicago Warehouse,102.0,20.0,In Stock,2026-07-20
TEC-MEM-10001732,Chicago Warehouse,211.0,42.0,In Stock,2026-07-20
OFF-AR-10003794,Singapore Warehouse,415.0,83.0,In Stock,2026-07-20
OFF-BI-10001787,Singapore Warehouse,201.0,40.0,In Stock,2026-07-20
TEC-MOT-10003050,Chicago Warehouse,92.0,18.0,,2026-07-20
OFF-FA-10000027,Singapore Warehouse,228.0,45.0,In Stock,2026-07-20
OFF-PA-10001509,Singapore Warehouse,408.0,81.0,In Stock,2026-07-20
OFF-WIL-10002593,Singapore Warehouse,484.0,96.0,In Stock,2026-07-20
OFF-TEN-10004270,Singapore Warehouse,386.0,77.0,In Stock,2026-07-20
OFF-PA-10001971,Singapore Warehouse,270.0,54.0,In Stock,2026-07-20
OFF-PA-10004381,Singapore Warehouse,243.0,,In Stock,2026-07-20
OFF-PA-10001170,Singapore Warehouse,495.0,99.0,In Stock,2026-07-20
FUR-FU-10004090,Rotterdam Warehouse,136.0,27.0,In Stock,2026-07-20
TEC-CO-10002423,Chicago Warehouse,143.0,28.0,In Stock,2026-07-20
OFF-FA-10004108,Singapore Warehouse,356.0,71.0,In Stock,2026-07-20
OFF-AR-10000019,Singapore Warehouse,300.0,60.0,In Stock,2026-07-20
OFF-AR-10003183,Singapore Warehouse,321.0,64.0,In Stock,2026-07-20
TEC-PH-10003796,Chicago Warehouse,131.0,26.0,In Stock,2026-07-20
OFF-PA-10001846,Singapore Warehouse,240.0,48.0,In Stock,2026-07-20
OFF-LA-10004727,Singapore Warehouse,406.0,81.0,In Stock,2026-07-20
TEC-AC-10002289,Chicago Warehouse,162.0,32.0,IN STOCK,2026-07-20
OFF-SU-10001762,Singapore Warehouse,276.0,55.0,In Stock,2026-07-20
FUR-FU-10003066,Rotterdam Warehouse,72.0,14.0,In Stock,2026-07-20
FUR-FU-10004516,Rotterdam Warehouse,93.0,18.0,In Stock,2026-07-20
OFF-ST-10003997,Singapore Warehouse,463.0,92.0,IN STOCK,20/07/2026
TEC-MA-10002525,Chicago Warehouse,104.0,20.0,In Stock,2026-07-20
FUR-BO-10004135,Rotterdam Warehouse,53.0,10.0,In Stock,2026-07-20
TEC-CO-10003102,Chicago Warehouse ,219.0,43.0,In Stock,2026-07-20
FUR-TA-10004442,Rotterdam Warehouse,88.0,17.0,In Stock,2026-07-20
OFF-PA-10002319,Singapore Warehouse,496.0,99.0,In Stock,2026-07-20
OFF-AR-10004652,Singapore Warehouse,295.0,59.0,In Stock,2026-07-20
FUR-FU-10000714,Rotterdam Warehouse,140.0,28.0,In Stock,2026-07-20
TEC-AC-10000336,Chicago Warehouse,187.0,37.0,In Stock,2026-07-20
OFF-SU-10003892,Singapore Warehouse,372.0,74.0,In Stock,2026-07-20
FUR-FU-10001852,Rotterdam Warehouse,126.0,25.0,In Stock,2026-07-20
FUR-FU-10003799,Rotterdam Warehouse,52.0,10.0,In Stock,2026-07-20
TEC-AC-10002172,Chicago Warehouse,92.0,18.0,In Stock,
FUR-CH-10002743,Rotterdam Warehouse,95.0,19.0,In Stock,2026-07-20
TEC-PAN-10002613,Chicago Warehouse,151.0,30.0,In Stock,2026-07-20
TEC-PH-10002672,Chicago Warehouse,85.0,17.0,In Stock,2026-07-20
TEC-PH-10003932,Chicago Warehouse,170.0,34.0,In Stock,2026-07-20
OFF-SU-10001968,Singapore Warehouse,255.0,51.0,In Stock,2026-07-20
OFF-BI-10000423,Singapore Warehouse,336.0,67.0,In Stock,2026-07-20
TEC-PH-10000562,Chicago Warehouse ,197.0,39.0,In Stock,2026-07-20
OFF-KIT-10000717,Singapore Warehouse,302.0,60.0,In Stock,2026-07-20
TEC-MA-10004897,Chicago Warehouse,227.0,45.0,In Stock,2026-07-20
TEC-PH-10000960,Chicago Warehouse,152.0,30.0,In Stock,2026-07-20
OFF-BI-10004390,Singapore Warehouse,251.0,50.0,In Stock,2026-07-20
FUR-BO-10001721,Rotterdam Warehouse,55.0,11.0,In Stock,2026-07-20
OFF-FA-10002286,Singapore Warehouse,279.0,55.0,In Stock,2026-07-20
OFF-ROG-10003733,Singapore Warehouse,248.0,49.0,In Stock,2026-07-20
FUR-CH-10004592,Rotterdam Warehouse,91.0,18.0,In Stock,2026-07-20
OFF-PA-10001972,Singapore Warehouse,423.0,84.0,In Stock,2026-07-20
OFF-LA-10002575,Singapore Warehouse,226.0,45.0,In Stock,2026-07-20
OFF-XER-10004519,Singapore Warehouse,333.0,66.0,In Stock,2026-07-20
OFF-FA-10004665,Singapore Warehouse,369.0,73.0,In Stock,2026-07-20
OFF-CUI-10001032,Singapore Warehouse,211.0,,In Stock,2026-07-20
FUR-FU-10000732,Rotterdam Warehouse,123.0,24.0,In Stock,2026-07-20
OFF-SU-10003629,Singapore Warehouse,384.0,76.0,In Stock,2026-07-20
OFF-PA-10004386,Singapore Warehouse,329.0,65.0,In Stock,2026-07-20
TEC-PH-10000037,Chicago Warehouse,149.0,29.0,In Stock,2026-07-20
OFF-BI-10003694,Singapore Warehouse,386.0,77.0,In Stock,
OFF-FA-10003891,Singapore Warehouse,447.0,89.0,In Stock,2026-07-20
OFF-JIF-10002621,Singapore Warehouse,448.0,89.0,In Stock,2026-07-20
FUR-IKE-10002268,Rotterdam Warehouse,95.0,,In Stock,2026-07-20
OFF-WIL-10004697,Singapore Warehouse,458.0,91.0,In Stock,2026-07-20
TEC-PH-10000347,Chicago Warehouse,190.0,38.0,In Stock,2026-07-20
OFF-AR-10003557,Singapore Warehouse,324.0,64.0,In Stock,2026-07-20
TEC-PAN-10002690,Chicago Warehouse,127.0,25.0,In Stock,2026-07-20
OFF-LA-10004122,Singapore Warehouse,284.0,56.0,In Stock,20/07/2026
OFF-PA-10003731,Singapore Warehouse,249.0,49.0,In Stock,2026-07-20
OFF-PA-10001236,Singapore Warehouse,293.0,58.0,In Stock,2026-07-20
OFF-AR-10000989,Singapore Warehouse,375.0,75.0,In Stock,2026-07-20
OFF-BI-10001643,Singapore Warehouse,281.0,56.0,In Stock,2026-07-20
OFF-BI-10000145,Singapore Warehouse,433.0,86.0,In Stock,2026-07-20
FUR-CH-10004606,Rotterdam Warehouse,86.0,17.0,In Stock,2026-07-20
OFF-ROG-10001418,Singapore Warehouse,320.0,64.0,In Stock,2026-07-20
TEC-CO-10001926,Chicago Warehouse,125.0,25.0,In Stock,2026-07-20
TEC-PH-10000011,Chicago Warehouse,165.0,33.0,In Stock,2026-07-20
FUR-NOV-10003195,Rotterdam Warehouse,106.0,21.0,In Stock,2026-07-20
TEC-PH-10000160,Chicago Warehouse,87.0,17.0,In Stock,2026-07-20
FUR-TA-10004745,Rotterdam Warehouse,134.0,26.0,In Stock,2026-07-20
OFF-FA-10003779,Singapore Warehouse,443.0,88.0,IN STOCK,2026-07-20
OFF-FA-10002895,Singapore Warehouse,209.0,41.0,In Stock,2026-07-20
OFF-SAN-10003644,Singapore Warehouse,288.0,57.0,In Stock,2026-07-20
OFF-ST-10000154,Singapore Warehouse,491.0,98.0,In Stock,2026-07-20
TEC-ENE-10002254,Chicago Warehouse,80.0,16.0,In Stock,2026-07-20
OFF-PA-10001115,Singapore Warehouse,298.0,59.0,In Stock,2026-07-20
OFF-BI-10001895,Singapore Warehouse,418.0,83.0,In Stock,2026-07-20
OFF-PA-10004849,Singapore Warehouse,385.0,77.0,In Stock,2026-07-20
FUR-CH-10002817,Rotterdam Warehouse ,136.0,27.0,In Stock,2026-07-20
OFF-PA-10004255,Singapore Warehouse,260.0,52.0,In Stock,2026-07-20
OFF-ST-10004186,Singapore Warehouse ,467.0,93.0,In Stock,2026-07-20
FUR-HON-10004987,Rotterdam Warehouse,75.0,15.0,In Stock,2026-07-20
FUR-IKE-10003682,Rotterdam Warehouse,78.0,15.0,In Stock,2026-07-20
OFF-ST-10000486,Singapore Warehouse,374.0,74.0,In Stock,2026-07-20
OFF-AR-10001958,Singapore Warehouse,319.0,63.0,In Stock,2026-07-20
OFF-AR-10002665,Singapore Warehouse,317.0,63.0,In Stock,2026-07-20
TEC-CO-10004169,Chicago Warehouse,163.0,32.0,In Stock,2026-07-20
TEC-ENE-10004520,Chicago Warehouse,124.0,,In Stock,2026-07-20
OFF-PA-10004665,Singapore Warehouse,488.0,97.0,In Stock,2026-07-20
TEC-KON-10000562,Chicago Warehouse ,187.0,37.0,IN STOCK,2026-07-20
TEC-AC-10002167,Chicago Warehouse,139.0,27.0,In Stock,2026-07-20
TEC-AC-10000474,Chicago Warehouse,201.0,40.0,In Stock,2026-07-20
OFF-BI-10002954,,210.0,,In Stock,2026-07-20
OFF-LA-10003674,Singapore Warehouse,481.0,96.0,In Stock,2026-07-20
OFF-ST-10000624,Singapore Warehouse,410.0,82.0,In Stock,2026-07-20
TEC-AC-10004054,Chicago Warehouse,235.0,47.0,In Stock,2026-07-20
OFF-EN-10000122,Singapore Warehouse,248.0,49.0,In Stock,2026-07-20
FUR-FU-10000936,Rotterdam Warehouse,128.0,25.0,In Stock,2026-07-20
OFF-LA-10004947,Singapore Warehouse,244.0,48.0,In Stock,2026-07-20
OFF-ELI-10003179,Singapore Warehouse,307.0,61.0,In Stock,2026-07-20
OFF-AP-10003972,Singapore Warehouse,419.0,83.0,In Stock,2026-07-20
OFF-LA-10004614,Singapore Warehouse,465.0,93.0,In Stock,2026-07-20
TEC-PH-10003931,,208.0,41.0,In Stock,2026-07-20
OFF-AP-10000228,Singapore Warehouse,278.0,55.0,In Stock,2026-07-20
FUR-FU-10003694,Rotterdam Warehouse,88.0,17.0,In Stock,2026-07-20
FUR-HAR-10004593,Rotterdam Warehouse,65.0,13.0,In Stock,2026-07-20
TEC-MA-10000572,Chicago Warehouse,157.0,31.0,In Stock,20/07/2026
FUR-FU-10003036,Rotterdam Warehouse,101.0,20.0,In Stock,2026-07-20
TEC-AC-10002331,Chicago Warehouse,151.0,30.0,In Stock,2026-07-20
OFF-AR-10000399,Singapore Warehouse,422.0,84.0,In Stock,2026-07-20
FUR-TA-10000198,Rotterdam Warehouse,54.0,10.0,In Stock,2026-07-20
OFF-PA-10003845,Singapore Warehouse,241.0,48.0,In-Stock,2026-07-20
OFF-ST-10004947,Singapore Warehouse ,321.0,64.0,In Stock,2026-07-20
OFF-ST-10003445,Singapore Warehouse,467.0,93.0,In Stock,
OFF-FA-10001375,Singapore Warehouse,442.0,88.0,In Stock,2026-07-20
OFF-HAM-10001387,Singapore Warehouse,310.0,62.0,In Stock,2026-07-20
OFF-BI-10003784,Singapore Warehouse,378.0,75.0,In Stock,2026-07-20
FUR-FU-10002088,Rotterdam Warehouse,147.0,29.0,In Stock,2026-07-20
FUR-FU-10000668,Rotterdam Warehouse,64.0,12.0,In Stock,2026-07-20
OFF-PA-10004735,Singapore Warehouse,217.0,43.0,In Stock,2026-07-20
FUR-RUB-10001310,Rotterdam Warehouse,98.0,19.0,In Stock,2026-07-20
TEC-AC-10000111,Chicago Warehouse,137.0,27.0,In Stock,2026-07-20
OFF-AR-10001965,Singapore Warehouse,392.0,78.0,In Stock,2026-07-20
OFF-PA-10003034,Singapore Warehouse,353.0,70.0,In Stock,2026-07-20
OFF-AP-10003590,Singapore Warehouse,344.0,68.0,IN STOCK,2026-07-20
TEC-MA-10003515,Chicago Warehouse,239.0,47.0,In Stock,2026-07-20
FUR-BO-10003181,Rotterdam Warehouse,84.0,16.0,IN STOCK,2026-07-20
TEC-AC-10002852,Chicago Warehouse,187.0,37.0,In Stock,2026-07-20
OFF-AP-10001322,Singapore Warehouse,258.0,51.0,In Stock,20/07/2026
OFF-AR-10002564,Singapore Warehouse,345.0,69.0,In Stock,2026-07-20
OFF-BI-10001116,Singapore Warehouse,488.0,97.0,In Stock,2026-07-20
OFF-LA-10004747,Singapore Warehouse,360.0,72.0,In Stock,2026-07-20
OFF-AR-10002882,Singapore Warehouse,372.0,74.0,In Stock,2026-07-20
OFF-AR-10000097,Singapore Warehouse,265.0,53.0,In Stock,2026-07-20
OFF-BI-10002483,Singapore Warehouse,358.0,71.0,In Stock,2026-07-20
FUR-CH-10003077,Rotterdam Warehouse,55.0,11.0,In Stock,2026-07-20
OFF-AR-10000462,Singapore Warehouse,367.0,73.0,In Stock,2026-07-20
OFF-PA-10004248,Singapore Warehouse,336.0,67.0,In Stock,2026-07-20
OFF-HAR-10004099,Singapore Warehouse,292.0,58.0,In Stock,2026-07-20
OFF-ST-10000892,Singapore Warehouse,306.0,61.0,In Stock,2026-07-20
OFF-ACM-10002045,Singapore Warehouse,292.0,58.0,In Stock,2026-07-20
OFF-BI-10004275,Singapore Warehouse,349.0,69.0,In Stock,2026-07-20
OFF-PA-10002749,Singapore Warehouse,333.0,66.0,In Stock,2026-07-20
FUR-CH-10003948,Rotterdam Warehouse,134.0,26.0,In Stock,2026-07-20
OFF-LA-10001228,Singapore Warehouse,403.0,80.0,In Stock,2026-07-20
OFF-LA-10001019,Singapore Warehouse,454.0,90.0,In Stock,2026-07-20
TEC-CAN-10002363,Chicago Warehouse,144.0,28.0,In Stock,2026-07-20
OFF-ST-10003996,Singapore Warehouse,440.0,88.0,In Stock,2026-07-20
FUR-HAR-10001792,Rotterdam Warehouse,102.0,20.0,In Stock,2026-07-20
OFF-AR-10000347,Singapore Warehouse,498.0,99.0,In Stock,2026-07-20
FUR-TA-10004575,Rotterdam Warehouse,98.0,19.0,In Stock,2026-07-20
FUR-SAF-10002616,Rotterdam Warehouse,64.0,12.0,In Stock,2026-07-20
FUR-CH-10002061,,52.0,10.0,In Stock,2026-07-20
OFF-SU-10003592,Singapore Warehouse,248.0,49.0,In Stock,2026-07-20
OFF-LA-10001764,Singapore Warehouse,216.0,43.0,In Stock,2026-07-20
FUR-BO-10000636,Rotterdam Warehouse,139.0,27.0,IN STOCK,2026-07-20
TEC-AC-10001491,Chicago Warehouse,139.0,27.0,In Stock,2026-07-20
OFF-PA-10002659,Singapore Warehouse,396.0,79.0,IN STOCK,2026-07-20
FUR-BO-10003499,Rotterdam Warehouse,129.0,25.0,In Stock,2026-07-20
FUR-ELD-10004727,Rotterdam Warehouse,140.0,28.0,In Stock,2026-07-20
FUR-BO-10004075,Rotterdam Warehouse,122.0,24.0,In Stock,2026-07-20
OFF-PA-10001576,Singapore Warehouse,466.0,93.0,In Stock,2026-07-20
OFF-EN-10003472,Singapore Warehouse,324.0,64.0,In Stock,2026-07-20
TEC-ENE-10000690,Chicago Warehouse,85.0,17.0,In Stock,2026-07-20
TEC-CO-10001449,Chicago Warehouse,137.0,27.0,In Stock,2026-07-20
TEC-CO-10003393,Chicago Warehouse,143.0,28.0,In Stock,2026-07-20
OFF-PA-10000477,Singapore Warehouse,321.0,64.0,In Stock,2026-07-20
TEC-CO-10003951,Chicago Warehouse,224.0,44.0,In Stock,2026-07-20
TEC-MA-10001447,Chicago Warehouse,99.0,19.0,In Stock,2026-07-20
OFF-EN-10002186,Singapore Warehouse,398.0,79.0,In Stock,2026-07-20
FUR-FU-10001657,Rotterdam Warehouse,97.0,19.0,In Stock,2026-07-20
OFF-FA-10001229,Singapore Warehouse,343.0,68.0,In Stock,2026-07-20
OFF-PA-10002921,Singapore Warehouse,498.0,99.0,IN STOCK,2026-07-20
OFF-ST-10002463,Singapore Warehouse ,263.0,52.0,In Stock,2026-07-20
TEC-CO-10003807,,182.0,36.0,In Stock,2026-07-20
TEC-CO-10003002,Chicago Warehouse,197.0,39.0,In Stock,20/07/2026
FUR-BO-10004459,Rotterdam Warehouse,150.0,30.0,In Stock,2026-07-20
OFF-PA-10002923,Singapore Warehouse,316.0,63.0,In Stock,2026-07-20
OFF-BI-10000282,Singapore Warehouse,251.0,50.0,In Stock,2026-07-20
FUR-CH-10003199,Rotterdam Warehouse,129.0,25.0,In Stock,2026-07-20
OFF-PA-10001994,Singapore Warehouse,460.0,92.0,In Stock,2026-07-20
TEC-AC-10003413,Chicago Warehouse,235.0,47.0,In Stock,2026-07-20
OFF-WIL-10000604,Singapore Warehouse,266.0,53.0,In Stock,2026-07-20
FUR-CH-10001545,Rotterdam Warehouse,103.0,20.0,In Stock,2026-07-20
OFF-AR-10002221,Singapore Warehouse,343.0,68.0,In Stock,2026-07-20
OFF-EN-10004788,Singapore Warehouse,334.0,66.0,In Stock,2026-07-20
OFF-ST-10004976,Singapore Warehouse,479.0,95.0,In Stock,2026-07-20
OFF-EN-10000378,Singapore Warehouse,283.0,56.0,IN STOCK,2026-07-20
OFF-LA-10002851,Singapore Warehouse,407.0,81.0,In Stock,2026-07-20
FUR-BO-10001537,Rotterdam Warehouse,107.0,21.0,In Stock,2026-07-20
OFF-SU-10001552,Singapore Warehouse,365.0,73.0,In Stock,2026-07-20
TEC-CO-10001818,Chicago Warehouse,148.0,29.0,In Stock,
FUR-FU-10000246,Rotterdam Warehouse,130.0,26.0,In Stock,2026-07-20
OFF-PA-10001004,Singapore Warehouse,463.0,92.0,In Stock,2026-07-20
OFF-EN-10002806,Singapore Warehouse,450.0,90.0,In Stock,2026-07-20
TEC-SAN-10000260,Chicago Warehouse,237.0,47.0,IN STOCK,2026-07-20
FUR-FU-10000339,Rotterdam Warehouse,146.0,29.0,In Stock,2026-07-20
TEC-SAN-10002477,Chicago Warehouse,141.0,28.0,In Stock,2026-07-20
OFF-PA-10001516,Singapore Warehouse,360.0,72.0,In Stock,2026-07-20
TEC-MA-10001279,Chicago Warehouse,222.0,44.0,In Stock,2026-07-20
FUR-CHR-10001018,Rotterdam Warehouse,87.0,17.0,In Stock,2026-07-20
OFF-PA-10000947,Singapore Warehouse,348.0,69.0,In Stock,2026-07-20
TEC-PH-10002713,Chicago Warehouse,138.0,27.0,IN STOCK,2026-07-20
OFF-ST-10003331,Singapore Warehouse,348.0,69.0,In Stock,2026-07-20
TEC-AC-10002857,Chicago Warehouse,233.0,46.0,,20/07/2026
OFF-LA-10001413,Singapore Warehouse,338.0,67.0,In Stock,2026-07-20
TEC-SAN-10001506,Chicago Warehouse,103.0,20.0,In Stock,2026-07-20
OFF-SME-10004160,Singapore Warehouse,310.0,62.0,In Stock,2026-07-20
OFF-EN-10002816,Singapore Warehouse,335.0,67.0,In Stock,2026-07-20
TEC-AC-10000462,Chicago Warehouse,93.0,18.0,In Stock,2026-07-20
OFF-PA-10000955,Singapore Warehouse,302.0,60.0,,2026-07-20
OFF-ST-10003528,Singapore Warehouse,473.0,94.0,In Stock,2026-07-20
TEC-AC-10000089,Chicago Warehouse,166.0,33.0,IN STOCK,2026-07-20
TEC-MA-10003404,Chicago Warehouse,181.0,36.0,In Stock,2026-07-20
OFF-PA-10002303,Singapore Warehouse,488.0,97.0,In Stock,2026-07-20
OFF-OIC-10000855,Singapore Warehouse,470.0,94.0,In Stock,
OFF-FA-10003139,Singapore Warehouse,367.0,73.0,In Stock,2026-07-20
FUR-FU-10000394,Rotterdam Warehouse ,76.0,15.0,In Stock,2026-07-20
FUR-SAF-10003160,Rotterdam Warehouse,88.0,17.0,In Stock,2026-07-20
TEC-PH-10004539,Chicago Warehouse,88.0,17.0,In Stock,2026-07-20
OFF-ACC-10002853,Singapore Warehouse,495.0,99.0,In Stock,2026-07-20
OFF-ST-10000622,Singapore Warehouse,249.0,49.0,In Stock,2026-07-20
TEC-CO-10004981,Chicago Warehouse,240.0,48.0,In Stock,2026-07-20
OFF-EN-10000726,Singapore Warehouse,290.0,58.0,In Stock,2026-07-20
OFF-ST-10003808,Singapore Warehouse ,243.0,48.0,In Stock,2026-07-20
OFF-LA-10003515,Singapore Warehouse,271.0,54.0,In Stock,2026-07-20
OFF-ST-10003231,Singapore Warehouse,498.0,99.0,In Stock,2026-07-20
TEC-MA-10003326,Chicago Warehouse,205.0,41.0,In Stock,2026-07-20
TEC-AC-10003734,Chicago Warehouse,110.0,22.0,In Stock,2026-07-20
FUR-BO-10003893,Rotterdam Warehouse ,148.0,29.0,In Stock,2026-07-20
FUR-TA-10000310,Rotterdam Warehouse,137.0,27.0,In Stock,2026-07-20
OFF-ST-10004341,Singapore Warehouse,233.0,46.0,In Stock,2026-07-20
FUR-BO-10000514,Rotterdam Warehouse,63.0,,In Stock,2026-07-20
OFF-SAN-10001114,Singapore Warehouse,259.0,51.0,In Stock,2026-07-20
OFF-PA-10003256,Singapore Warehouse,365.0,73.0,In Stock,2026-07-20
FUR-CH-10004478,Rotterdam Warehouse,87.0,17.0,In Stock,2026-07-20
FUR-TA-10001520,Rotterdam Warehouse,136.0,27.0,In Stock,2026-07-20
OFF-ST-10003172,Singapore Warehouse,465.0,93.0,In Stock,2026-07-20
OFF-AP-10000534,Singapore Warehouse,,47.0,In Stock,2026-07-20
TEC-CO-10002379,Chicago Warehouse,121.0,24.0,In Stock,2026-07-20
TEC-KON-10002052,Chicago Warehouse,229.0,45.0,In Stock,2026-07-20
OFF-ST-10002800,Singapore Warehouse,238.0,47.0,In Stock,2026-07-20
OFF-ACC-10000102,Singapore Warehouse,331.0,66.0,In Stock,2026-07-20
TEC-PH-10004910,Chicago Warehouse,131.0,26.0,In Stock,2026-07-20
FUR-CH-10002793,Rotterdam Warehouse,67.0,13.0,In Stock,2026-07-20
FUR-CH-10000852,Rotterdam Warehouse,124.0,24.0,In Stock,2026-07-20
OFF-GLO-10000016,Singapore Warehouse,277.0,55.0,In Stock,2026-07-20
OFF-ST-10001513,Singapore Warehouse,442.0,88.0,IN STOCK,2026-07-20
TEC-MA-10001731,Chicago Warehouse,203.0,40.0,In Stock,2026-07-20
FUR-IKE-10003053,Rotterdam Warehouse,81.0,16.0,In Stock,2026-07-20
TEC-CO-10000338,Chicago Warehouse,106.0,21.0,In Stock,2026-07-20
OFF-PA-10000029,Singapore Warehouse,461.0,92.0,In Stock,2026-07-20
OFF-FA-10000757,Singapore Warehouse,402.0,80.0,In Stock,2026-07-20
OFF-EN-10003936,Singapore Warehouse,291.0,58.0,,2026-07-20
TEC-CO-10001630,Chicago Warehouse,194.0,,In Stock,2026-07-20
FUR-CH-10003355,Rotterdam Warehouse,121.0,24.0,In Stock,2026-07-20
TEC-PH-10001284,Chicago Warehouse,105.0,21.0,In Stock,2026-07-20
OFF-AR-10003913,Singapore Warehouse,318.0,63.0,In Stock,2026-07-20
FUR-FU-10002422,Rotterdam Warehouse,52.0,10.0,In Stock,2026-07-20
TEC-CAN-10004913,Chicago Warehouse,116.0,23.0,In Stock,2026-07-20
OFF-SU-10003474,Singapore Warehouse,453.0,90.0,In Stock,2026-07-20
OFF-EN-10004820,Singapore Warehouse,497.0,99.0,In Stock,2026-07-20
TEC-MA-10002941,Chicago Warehouse,212.0,42.0,In Stock,2026-07-20
OFF-AP-10003491,Singapore Warehouse,340.0,68.0,In Stock,2026-07-20
FUR-BO-10001798,Rotterdam Warehouse,142.0,28.0,In Stock,2026-07-20
OFF-STI-10001957,Singapore Warehouse,250.0,50.0,In Stock,2026-07-20
OFF-AP-10002439,Singapore Warehouse,302.0,60.0,In Stock,2026-07-20
TEC-AC-10003610,Chicago Warehouse,109.0,21.0,In Stock,2026-07-20
OFF-SU-10002227,Singapore Warehouse,353.0,70.0,In Stock,2026-07-20
OFF-BI-10002931,Singapore Warehouse,259.0,51.0,In Stock,2026-07-20
OFF-BI-10002289,Singapore Warehouse,276.0,55.0,In Stock,2026-07-20
TEC-PH-10003062,Chicago Warehouse,208.0,41.0,In Stock,2026-07-20
OFF-PA-10002369,Singapore Warehouse,224.0,44.0,In Stock,2026-07-20
OFF-NOV-10000141,Singapore Warehouse,283.0,56.0,In Stock,2026-07-20
FUR-FU-10004049,Rotterdam Warehouse,67.0,13.0,In Stock,2026-07-20
FUR-BO-10001668,Rotterdam Warehouse,138.0,27.0,In Stock,2026-07-20
TEC-PH-10002183,Chicago Warehouse,,43.0,In Stock,2026-07-20
TEC-PH-10003430,Chicago Warehouse,96.0,19.0,In Stock,
OFF-EN-10000812,Singapore Warehouse,341.0,68.0,In Stock,2026-07-20
OFF-AP-10002330,Singapore Warehouse,233.0,46.0,In Stock,2026-07-20
OFF-AP-10003774,Singapore Warehouse,411.0,82.0,IN STOCK,2026-07-20
OFF-AP-10004453,Singapore Warehouse,251.0,50.0,,2026-07-20
OFF-FA-10001530,Singapore Warehouse,492.0,98.0,In Stock,2026-07-20
OFF-AR-10001244,Singapore Warehouse,414.0,82.0,In Stock,2026-07-20
FUR-BO-10004707,Rotterdam Warehouse,68.0,13.0,In Stock,2026-07-20
OFF-FA-10004344,Singapore Warehouse,368.0,73.0,In Stock,2026-07-20
FUR-CH-10000777,Rotterdam Warehouse ,109.0,21.0,In Stock,2026-07-20
TEC-PH-10002799,Chicago Warehouse,247.0,49.0,In Stock,2026-07-20
OFF-ST-10002159,Singapore Warehouse,204.0,40.0,In Stock,2026-07-20
FUR-TA-10000688,Rotterdam Warehouse,82.0,16.0,In Stock,2026-07-20
OFF-ST-10003858,Singapore Warehouse,358.0,71.0,In Stock,2026-07-20
TEC-AC-10004633,Chicago Warehouse,145.0,29.0,In Stock,2026-07-20
OFF-CUI-10001965,Singapore Warehouse,462.0,92.0,In Stock,2026-07-20
FUR-TA-10004817,Rotterdam Warehouse,94.0,18.0,,2026-07-20
TEC-MEM-10002524,Chicago Warehouse,92.0,18.0,In Stock,2026-07-20
FUR-CH-10004600,Rotterdam Warehouse,58.0,11.0,In Stock,2026-07-20
TEC-PH-10001846,Chicago Warehouse,241.0,48.0,In Stock,2026-07-20
OFF-FA-10004968,Singapore Warehouse,401.0,80.0,In Stock,2026-07-20
FUR-CH-10002961,Rotterdam Warehouse,133.0,26.0,In Stock,2026-07-20
TEC-MOT-10004111,Chicago Warehouse,158.0,31.0,In Stock,2026-07-20
FUR-BO-10004191,Rotterdam Warehouse,73.0,14.0,In Stock,2026-07-20
OFF-LA-10000039,Singapore Warehouse,287.0,57.0,IN STOCK,2026-07-20
TEC-AC-10004252,Chicago Warehouse,119.0,23.0,In Stock,2026-07-20
FUR-FU-10001774,Rotterdam Warehouse,139.0,27.0,In Stock,2026-07-20
TEC-PH-10001492,Chicago Warehouse,156.0,31.0,In Stock,2026-07-20
OFF-SU-10004192,Singapore Warehouse,299.0,59.0,In Stock,2026-07-20
OFF-GLO-10000201,Singapore Warehouse,444.0,88.0,In Stock,20/07/2026
OFF-LA-10003396,Singapore Warehouse,447.0,89.0,In Stock,2026-07-20
TEC-MA-10004933,Chicago Warehouse,250.0,50.0,In Stock,2026-07-20
OFF-AR-10000242,Singapore Warehouse,494.0,98.0,In Stock,2026-07-20
TEC-CO-10000967,Chicago Warehouse,125.0,25.0,In Stock,2026-07-20
TEC-CO-10000854,Chicago Warehouse,148.0,29.0,In Stock,2026-07-20
OFF-SU-10000256,Singapore Warehouse,351.0,70.0,In Stock,2026-07-20
TEC-NOK-10001219,Chicago Warehouse,133.0,26.0,In Stock,2026-07-20
FUR-ELD-10003843,Rotterdam Warehouse,60.0,12.0,In Stock,2026-07-20
TEC-AC-10003570,Chicago Warehouse,93.0,18.0,In Stock,20/07/2026
TEC-CO-10004182,Chicago Warehouse,181.0,36.0,In Stock,2026-07-20
OFF-PA-10001448,Singapore Warehouse,418.0,83.0,In Stock,2026-07-20
TEC-AC-10003133,Chicago Warehouse,230.0,46.0,In Stock,2026-07-20
TEC-CO-10002538,Chicago Warehouse,226.0,45.0,In Stock,2026-07-20
FUR-BO-10001155,Rotterdam Warehouse,86.0,17.0,In Stock,2026-07-20
FUR-TA-10002482,Rotterdam Warehouse,80.0,16.0,In Stock,2026-07-20
OFF-ST-10001974,Singapore Warehouse,466.0,93.0,In Stock,
FUR-FU-10002240,Rotterdam Warehouse,57.0,,In Stock,2026-07-20
TEC-CO-10002316,Chicago Warehouse,155.0,31.0,In Stock,2026-07-20
TEC-AC-10004859,Chicago Warehouse,81.0,16.0,In Stock,2026-07-20
OFF-ST-10003459,Singapore Warehouse,341.0,68.0,In Stock,2026-07-20
OFF-EN-10001715,Singapore Warehouse,264.0,52.0,In Stock,20/07/2026
OFF-AP-10002371,Singapore Warehouse,265.0,53.0,In Stock,2026-07-20
FUR-DEF-10004141,Rotterdam Warehouse,138.0,27.0,In Stock,2026-07-20
OFF-FA-10000254,Singapore Warehouse,482.0,96.0,In Stock,2026-07-20
TEC-PH-10001699,Chicago Warehouse,161.0,,In Stock,2026-07-20
OFF-AME-10002956,Singapore Warehouse,249.0,49.0,In Stock,
TEC-PH-10003913,Chicago Warehouse,92.0,18.0,In Stock,2026-07-20
FUR-BO-10002423,Rotterdam Warehouse,81.0,16.0,In Stock,2026-07-20
OFF-PA-10001006,Singapore Warehouse,206.0,41.0,In Stock,2026-07-20
OFF-PA-10003441,Singapore Warehouse,310.0,62.0,,2026-07-20
OFF-LA-10002183,Singapore Warehouse,411.0,82.0,In Stock,2026-07-20
OFF-SU-10003019,Singapore Warehouse,268.0,53.0,In Stock,2026-07-20
OFF-GRE-10002510,Singapore Warehouse ,362.0,72.0,In Stock,2026-07-20
FUR-TA-10000222,Rotterdam Warehouse,128.0,25.0,In Stock,2026-07-20
OFF-AR-10000603,Singapore Warehouse,246.0,49.0,In Stock,2026-07-20
OFF-LA-10002848,Singapore Warehouse,389.0,77.0,In Stock,2026-07-20
OFF-AR-10003373,Singapore Warehouse,414.0,82.0,In Stock,2026-07-20
TEC-SAM-10000613,Chicago Warehouse,119.0,23.0,In Stock,2026-07-20
FUR-TA-10001116,Rotterdam Warehouse,113.0,22.0,In Stock,2026-07-20
TEC-PH-10003457,Chicago Warehouse,203.0,40.0,In Stock,2026-07-20
OFF-FA-10003034,Singapore Warehouse,316.0,63.0,In Stock,2026-07-20
TEC-PH-10003505,Chicago Warehouse,82.0,16.0,In Stock,2026-07-20
OFF-LA-10003295,Singapore Warehouse,280.0,56.0,In Stock,2026-07-20
TEC-PH-10004879,Chicago Warehouse,105.0,21.0,In Stock,2026-07-20
TEC-PH-10000840,Chicago Warehouse,175.0,35.0,In Stock,2026-07-20
OFF-LA-10004544,Singapore Warehouse,216.0,43.0,In Stock,2026-07-20
OFF-ST-10003470,Singapore Warehouse,203.0,40.0,In Stock,2026-07-20
OFF-FA-10004813,Singapore Warehouse,200.0,40.0,In Stock,2026-07-20
OFF-FA-10004739,Singapore Warehouse,413.0,82.0,In Stock,2026-07-20
OFF-ST-10004634,Singapore Warehouse,408.0,81.0,In Stock,20/07/2026
FUR-CH-10000351,Rotterdam Warehouse ,98.0,19.0,In Stock,2026-07-20
TEC-MA-10002952,Chicago Warehouse,149.0,29.0,In Stock,2026-07-20
OFF-BI-10003184,Singapore Warehouse,471.0,94.0,In Stock,2026-07-20
OFF-STI-10001162,Singapore Warehouse,270.0,54.0,In Stock,2026-07-20
OFF-PA-10000533,Singapore Warehouse,500.0,100.0,In Stock,2026-07-20
TEC-AC-10004012,Chicago Warehouse,204.0,40.0,In Stock,2026-07-20
OFF-EN-10003520,Singapore Warehouse,349.0,69.0,In Stock,2026-07-20
TEC-AC-10001754,Chicago Warehouse,235.0,47.0,In Stock,2026-07-20
OFF-SU-10001346,Singapore Warehouse,336.0,,In Stock,2026-07-20
TEC-CO-10000556,Chicago Warehouse,214.0,42.0,In Stock,2026-07-20
OFF-FA-10004175,Singapore Warehouse,292.0,58.0,In Stock,20/07/2026
TEC-PH-10000019,Chicago Warehouse,200.0,40.0,In Stock,2026-07-20
OFF-BIC-10002942,Singapore Warehouse,209.0,41.0,In Stock,2026-07-20
OFF-BI-10004001,Singapore Warehouse,444.0,,In Stock,2026-07-20
OFF-FA-10003833,Singapore Warehouse,356.0,71.0,In Stock,2026-07-20
OFF-EN-10003299,Singapore Warehouse,,90.0,In-Stock,2026-07-20
OFF-SU-10001682,,437.0,87.0,In Stock,
FUR-RUB-10001796,Rotterdam Warehouse,146.0,29.0,In Stock,2026-07-20
TEC-AC-10002049,Chicago Warehouse,190.0,38.0,,2026-07-20
OFF-EN-10003175,Singapore Warehouse,328.0,65.0,In Stock,2026-07-20
OFF-GRE-10000320,Singapore Warehouse,289.0,57.0,In Stock,2026-07-20
OFF-LA-10001229,Singapore Warehouse,276.0,55.0,In Stock,2026-07-20
FUR-CH-10001191,Rotterdam Warehouse,145.0,29.0,In Stock,2026-07-20
FUR-CH-10000994,Rotterdam Warehouse,85.0,17.0,In Stock,2026-07-20
OFF-AP-10003577,Singapore Warehouse,274.0,54.0,In Stock,2026-07-20
OFF-AR-10002747,,404.0,80.0,In Stock,2026-07-20
OFF-ST-10003764,Singapore Warehouse,,99.0,,2026-07-20
FUR-TA-10002638,Rotterdam Warehouse,99.0,19.0,In Stock,2026-07-20
TEC-PH-10003935,Chicago Warehouse,120.0,24.0,In Stock,2026-07-20
OFF-LA-10003583,Singapore Warehouse,256.0,51.0,In Stock,2026-07-20
OFF-AR-10002800,Singapore Warehouse,328.0,65.0,In Stock,2026-07-20
OFF-PA-10000032,Singapore Warehouse,429.0,85.0,,2026-07-20
TEC-CO-10003541,Chicago Warehouse,152.0,30.0,In Stock,2026-07-20
FUR-TA-10002256,Rotterdam Warehouse,94.0,18.0,In Stock,2026-07-20
FUR-BO-10000279,Rotterdam Warehouse,134.0,26.0,In Stock,2026-07-20
FUR-BO-10003878,Rotterdam Warehouse,137.0,27.0,In Stock,2026-07-20
OFF-FA-10004664,Singapore Warehouse,276.0,55.0,In Stock,2026-07-20
OFF-LA-10003148,Singapore Warehouse,335.0,67.0,In Stock,2026-07-20
OFF-PA-10001456,Singapore Warehouse,272.0,54.0,In Stock,2026-07-20
TEC-CO-10000791,Chicago Warehouse,106.0,21.0,In Stock,2026-07-20
OFF-PA-10002363,Singapore Warehouse,480.0,96.0,IN STOCK,2026-07-20
OFF-SU-10001983,,369.0,73.0,In Stock,2026-07-20
OFF-BI-10003468,Singapore Warehouse,462.0,92.0,In Stock,2026-07-20
FUR-FU-10004503,Rotterdam Warehouse,105.0,21.0,In Stock,2026-07-20
OFF-BI-10003350,,298.0,59.0,In Stock,2026-07-20
OFF-PA-10003424,Singapore Warehouse,329.0,65.0,In Stock,2026-07-20
FUR-CH-10004993,Rotterdam Warehouse,128.0,25.0,In Stock,2026-07-20
OFF-NOV-10001238,Singapore Warehouse,481.0,96.0,,2026-07-20
OFF-FA-10003144,Singapore Warehouse,335.0,,In Stock,2026-07-20
OFF-LA-10000760,Singapore Warehouse,301.0,60.0,In Stock,2026-07-20
FUR-CH-10002207,Rotterdam Warehouse,67.0,13.0,In Stock,2026-07-20
TEC-CO-10002659,Chicago Warehouse ,105.0,21.0,In Stock,2026-07-20
FUR-FU-10001935,Rotterdam Warehouse,54.0,10.0,In Stock,2026-07-20
OFF-SAN-10002441,Singapore Warehouse,496.0,99.0,In Stock,2026-07-20
OFF-AR-10002145,,485.0,97.0,In Stock,2026-07-20
OFF-ADV-10003369,Singapore Warehouse,393.0,78.0,In Stock,2026-07-20
OFF-AR-10000481,Singapore Warehouse,298.0,59.0,In Stock,2026-07-20
OFF-PA-10002709,Singapore Warehouse,303.0,60.0,In Stock,2026-07-20
OFF-ST-10002371,Singapore Warehouse,343.0,68.0,In Stock,2026-07-20
TEC-PH-10004626,Chicago Warehouse,155.0,31.0,In Stock,2026-07-20
OFF-AR-10001678,Singapore Warehouse,496.0,99.0,In Stock,2026-07-20
OFF-PA-10001937,Singapore Warehouse,440.0,88.0,In Stock,2026-07-20
OFF-PA-10000520,Singapore Warehouse,227.0,45.0,In Stock,20/07/2026
OFF-ADV-10000551,Singapore Warehouse,393.0,78.0,IN STOCK,2026-07-20
OFF-EN-10001832,Singapore Warehouse,383.0,76.0,In Stock,2026-07-20
OFF-EN-10002955,,319.0,63.0,In Stock,2026-07-20
OFF-SU-10002445,Singapore Warehouse,473.0,94.0,In Stock,2026-07-20
OFF-FA-10004257,Singapore Warehouse,430.0,86.0,In Stock,2026-07-20
OFF-PA-10002870,Singapore Warehouse,405.0,,In Stock,20/07/2026
OFF-PA-10002751,Singapore Warehouse,429.0,85.0,In Stock,2026-07-20
OFF-BI-10002287,Singapore Warehouse,423.0,84.0,In Stock,20/07/2026
TEC-MA-10000161,Chicago Warehouse,242.0,48.0,IN STOCK,2026-07-20
TEC-SAN-10003793,Chicago Warehouse,225.0,45.0,In Stock,2026-07-20
OFF-TEN-10002065,Singapore Warehouse,239.0,47.0,In Stock,2026-07-20
OFF-ROG-10004646,Singapore Warehouse,493.0,98.0,In Stock,2026-07-20
OFF-BI-10004369,Singapore Warehouse,366.0,73.0,In Stock,2026-07-20
OFF-PA-10004943,Singapore Warehouse,400.0,80.0,In Stock,2026-07-20
OFF-BI-10000482,Singapore Warehouse,463.0,92.0,In Stock,2026-07-20
TEC-SAN-10004215,Chicago Warehouse,207.0,41.0,In Stock,2026-07-20
OFF-AP-10003622,Singapore Warehouse,216.0,43.0,In Stock,2026-07-20
OFF-AME-10004651,Singapore Warehouse,375.0,75.0,In Stock,2026-07-20
FUR-FU-10004236,Rotterdam Warehouse,149.0,29.0,In Stock,2026-07-20
FUR-FU-10001015,Rotterdam Warehouse,69.0,13.0,In Stock,2026-07-20
TEC-MA-10004521,,88.0,17.0,In Stock,2026-07-20
OFF-PA-10003022,Singapore Warehouse,459.0,91.0,In Stock,2026-07-20
TEC-PAN-10000092,Chicago Warehouse,94.0,18.0,In Stock,2026-07-20
TEC-OKI-10004464,Chicago Warehouse,152.0,30.0,In Stock,2026-07-20
OFF-AR-10002578,Singapore Warehouse,456.0,91.0,In Stock,2026-07-20
OFF-FA-10001613,Singapore Warehouse,204.0,40.0,IN STOCK,2026-07-20
OFF-BI-10004224,Singapore Warehouse,345.0,69.0,In Stock,2026-07-20
OFF-AP-10000873,Singapore Warehouse,205.0,41.0,In Stock,2026-07-20
OFF-EN-10000947,Singapore Warehouse,428.0,85.0,In Stock,
OFF-ST-10000532,Singapore Warehouse,249.0,49.0,IN STOCK,2026-07-20
TEC-BRO-10003986,Chicago Warehouse,121.0,24.0,In Stock,2026-07-20
OFF-AR-10002939,Singapore Warehouse,316.0,63.0,In Stock,2026-07-20
OFF-AP-10002698,Singapore Warehouse,405.0,81.0,In Stock,2026-07-20
FUR-FU-10001351,Rotterdam Warehouse,60.0,12.0,In Stock,2026-07-20
FUR-FU-10002104,Rotterdam Warehouse,82.0,16.0,In Stock,2026-07-20
OFF-FA-10003472,Singapore Warehouse,347.0,69.0,In Stock,2026-07-20
OFF-SU-10001578,Singapore Warehouse,262.0,52.0,In Stock,2026-07-20
OFF-SAN-10004339,Singapore Warehouse,227.0,45.0,In Stock,2026-07-20
FUR-BO-10000038,Rotterdam Warehouse,87.0,17.0,In Stock,20/07/2026
OFF-FA-10004503,Singapore Warehouse,401.0,80.0,In Stock,2026-07-20
OFF-ST-10003141,Singapore Warehouse,349.0,69.0,In Stock,20/07/2026
OFF-LA-10003285,Singapore Warehouse ,493.0,98.0,In Stock,2026-07-20
FUR-FU-10004460,,105.0,21.0,In Stock,2026-07-20
FUR-FU-10001791,Rotterdam Warehouse,143.0,28.0,In Stock,2026-07-20
OFF-BI-10004826,Singapore Warehouse,357.0,71.0,IN STOCK,2026-07-20
TEC-SAN-10004424,Chicago Warehouse,243.0,48.0,In Stock,2026-07-20
TEC-MA-10000473,Chicago Warehouse,100.0,20.0,In Stock,2026-07-20
TEC-AC-10001486,Chicago Warehouse,241.0,48.0,In Stock,2026-07-20
TEC-AC-10003518,Chicago Warehouse,84.0,16.0,In Stock,2026-07-20
TEC-MA-10002149,Chicago Warehouse,153.0,30.0,In Stock,2026-07-20
FUR-FU-10002696,Rotterdam Warehouse,106.0,21.0,In Stock,2026-07-20
OFF-AR-10004691,Singapore Warehouse,382.0,76.0,In Stock,2026-07-20
TEC-HEW-10002302,Chicago Warehouse,83.0,16.0,In Stock,2026-07-20
OFF-BI-10001067,Singapore Warehouse,461.0,92.0,In Stock,2026-07-20
FUR-TA-10003179,Rotterdam Warehouse,69.0,13.0,In Stock,2026-07-20
OFF-FEL-10002399,Singapore Warehouse,207.0,41.0,In Stock,2026-07-20
FUR-DAN-10003065,Rotterdam Warehouse,104.0,20.0,In Stock,20/07/2026
OFF-PA-10001385,Singapore Warehouse,233.0,46.0,In Stock,2026-07-20
OFF-BI-10003709,Singapore Warehouse,434.0,86.0,In Stock,2026-07-20
OFF-AP-10000696,Singapore Warehouse,264.0,52.0,In Stock,2026-07-20
TEC-PH-10004042,Chicago Warehouse,156.0,31.0,In Stock,2026-07-20
OFF-ST-10004046,Singapore Warehouse,337.0,67.0,In Stock,2026-07-20
OFF-EN-10003661,Singapore Warehouse,425.0,85.0,In Stock,2026-07-20
OFF-BI-10000341,Singapore Warehouse,,89.0,In Stock,2026-07-20
FUR-CH-10004054,Rotterdam Warehouse,149.0,29.0,In Stock,2026-07-20
OFF-AP-10003621,Singapore Warehouse,244.0,48.0,In Stock,2026-07-20
OFF-PA-10004613,Singapore Warehouse,365.0,73.0,,20/07/2026
OFF-HON-10003230,Singapore Warehouse,412.0,82.0,In Stock,2026-07-20
TEC-MA-10004902,Chicago Warehouse,,46.0,In Stock,2026-07-20
OFF-FA-10000263,Singapore Warehouse,277.0,55.0,In Stock,2026-07-20
FUR-BO-10000624,Rotterdam Warehouse,79.0,15.0,In Stock,2026-07-20
FUR-TA-10001786,Rotterdam Warehouse,88.0,17.0,In Stock,2026-07-20
FUR-CH-10000667,Rotterdam Warehouse,134.0,26.0,In Stock,2026-07-20
TEC-STA-10003386,Chicago Warehouse,168.0,33.0,In Stock,2026-07-20
OFF-SU-10003046,Singapore Warehouse,289.0,57.0,In Stock,2026-07-20
FUR-TA-10002855,Rotterdam Warehouse,80.0,16.0,In Stock,2026-07-20
OFF-KRA-10002126,Singapore Warehouse,452.0,90.0,In Stock,2026-07-20
TEC-MA-10001726,Chicago Warehouse,110.0,22.0,In Stock,2026-07-20
OFF-PA-10003868,Singapore Warehouse,224.0,44.0,In Stock,2026-07-20
OFF-FA-10002011,Singapore Warehouse,203.0,40.0,In Stock,2026-07-20
TEC-MA-10002134,Chicago Warehouse,103.0,20.0,In Stock,2026-07-20
OFF-AVE-10003558,Singapore Warehouse,338.0,67.0,In Stock,
OFF-AR-10001897,Singapore Warehouse,496.0,99.0,In Stock,2026-07-20
FUR-CH-10004751,Rotterdam Warehouse,134.0,26.0,In Stock,2026-07-20
OFF-SU-10003537,Singapore Warehouse,437.0,87.0,In Stock,2026-07-20
OFF-SU-10000157,Singapore Warehouse,201.0,40.0,In Stock,2026-07-20
OFF-BI-10000977,Singapore Warehouse,379.0,75.0,In Stock,2026-07-20
OFF-BI-10000323,Singapore Warehouse,460.0,92.0,In Stock,2026-07-20
OFF-AVE-10004404,Singapore Warehouse,247.0,49.0,In Stock,2026-07-20
OFF-SU-10001848,Singapore Warehouse,375.0,75.0,In Stock,20/07/2026
OFF-BI-10000724,Singapore Warehouse,259.0,51.0,In Stock,2026-07-20
FUR-FU-10004281,Rotterdam Warehouse,104.0,20.0,In Stock,2026-07-20
FUR-FU-10003804,Rotterdam Warehouse,82.0,16.0,In Stock,2026-07-20
FUR-TA-10004634,Rotterdam Warehouse,120.0,24.0,In Stock,2026-07-20
TEC-CO-10003410,Chicago Warehouse,107.0,21.0,In Stock,2026-07-20
OFF-AR-10003829,Singapore Warehouse,330.0,66.0,In Stock,20/07/2026
OFF-AR-10004022,Singapore Warehouse,456.0,91.0,In Stock,2026-07-20
FUR-CH-10001647,Rotterdam Warehouse,52.0,10.0,In Stock,2026-07-20
OFF-AR-10001228,Singapore Warehouse,292.0,58.0,In Stock,2026-07-20
OFF-SU-10000925,Singapore Warehouse,481.0,96.0,In Stock,2026-07-20
OFF-FA-10001761,Singapore Warehouse,293.0,58.0,In Stock,2026-07-20
OFF-PA-10000048,Singapore Warehouse,422.0,84.0,In Stock,2026-07-20
TEC-SAN-10000235,Chicago Warehouse,106.0,21.0,In Stock,2026-07-20
OFF-KIT-10003938,Singapore Warehouse,311.0,62.0,In Stock,20/07/2026
FUR-NOV-10000847,Rotterdam Warehouse,150.0,-30.0,In Stock,2026-07-20
FUR-BO-10003297,Rotterdam Warehouse,118.0,23.0,In Stock,2026-07-20
TEC-NOK-10004278,,234.0,46.0,In Stock,2026-07-20
OFF-SU-10003801,Singapore Warehouse,402.0,80.0,In Stock,2026-07-20
OFF-LA-10000134,,441.0,88.0,In Stock,2026-07-20
OFF-AP-10000486,Singapore Warehouse,363.0,72.0,In Stock,2026-07-20
TEC-CO-10004985,Chicago Warehouse,117.0,23.0,In Stock,2026-07-20
OFF-AP-10003259,Singapore Warehouse,490.0,98.0,In Stock,2026-07-20
OFF-AR-10003179,Singapore Warehouse,434.0,86.0,In Stock,2026-07-20
OFF-ST-10004060,Singapore Warehouse ,290.0,58.0,In Stock,2026-07-20
OFF-AR-10001461,Singapore Warehouse,374.0,74.0,In Stock,2026-07-20
TEC-HEW-10002304,Chicago Warehouse,188.0,37.0,In Stock,2026-07-20
OFF-KIT-10001213,Singapore Warehouse,474.0,94.0,In Stock,2026-07-20
OFF-STO-10004496,Singapore Warehouse,313.0,62.0,In Stock,2026-07-20
TEC-AC-10002145,Chicago Warehouse,174.0,34.0,In Stock,2026-07-20
TEC-AC-10003832,Chicago Warehouse,213.0,42.0,In Stock,2026-07-20
OFF-FA-10000197,Singapore Warehouse,212.0,,,2026-07-20
OFF-KIT-10003337,Singapore Warehouse,269.0,53.0,In Stock,2026-07-20
TEC-AC-10000860,Chicago Warehouse,150.0,30.0,In Stock,2026-07-20
OFF-PA-10000587,Singapore Warehouse,233.0,46.0,In Stock,2026-07-20
OFF-EN-10001327,Singapore Warehouse,289.0,57.0,In Stock,2026-07-20
OFF-LA-10001383,Singapore Warehouse,476.0,95.0,In Stock,2026-07-20
FUR-BO-10000533,Rotterdam Warehouse,142.0,28.0,In Stock,2026-07-20
OFF-EN-10003361,Singapore Warehouse,415.0,83.0,In Stock,2026-07-20
FUR-IKE-10003771,Rotterdam Warehouse,93.0,18.0,In Stock,20/07/2026
TEC-CO-10003570,Chicago Warehouse,169.0,33.0,In Stock,2026-07-20
FUR-FU-10001507,Rotterdam Warehouse,139.0,27.0,In Stock,
OFF-AR-10003651,Singapore Warehouse ,457.0,91.0,In Stock,2026-07-20
TEC-AC-10003911,,100.0,20.0,In Stock,2026-07-20
OFF-ST-10002714,Singapore Warehouse,324.0,64.0,In Stock,2026-07-20
TEC-MA-10004298,Chicago Warehouse,107.0,21.0,In Stock,2026-07-20
OFF-SU-10001980,Singapore Warehouse,243.0,48.0,In Stock,2026-07-20
OFF-AR-10002538,Singapore Warehouse,244.0,48.0,In Stock,2026-07-20
OFF-FA-10001135,Singapore Warehouse,457.0,91.0,In Stock,2026-07-20
FUR-TA-10000299,Rotterdam Warehouse,142.0,28.0,In Stock,2026-07-20
OFF-LA-10002900,Singapore Warehouse,270.0,54.0,In Stock,2026-07-20
OFF-EN-10003721,Singapore Warehouse,354.0,70.0,In Stock,2026-07-20
OFF-OIC-10002625,Singapore Warehouse,334.0,66.0,In Stock,2026-07-20
OFF-PA-10003744,Singapore Warehouse,431.0,86.0,In Stock,2026-07-20
OFF-EN-10003448,Singapore Warehouse,,45.0,In Stock,2026-07-20
OFF-PA-10001795,Singapore Warehouse,500.0,100.0,In Stock,2026-07-20
OFF-HON-10000934,Singapore Warehouse,444.0,88.0,In Stock,2026-07-20
FUR-FU-10000065,Rotterdam Warehouse,124.0,24.0,In Stock,2026-07-20
OFF-AP-10004540,Singapore Warehouse,286.0,57.0,IN STOCK,2026-07-20
OFF-FA-10001563,Singapore Warehouse,373.0,74.0,In Stock,2026-07-20
FUR-FU-10002553,Rotterdam Warehouse,95.0,19.0,In Stock,2026-07-20
OFF-EN-10004895,Singapore Warehouse,342.0,68.0,In Stock,2026-07-20
FUR-HON-10003137,Rotterdam Warehouse ,142.0,28.0,In Stock,20/07/2026
FUR-CH-10003123,Rotterdam Warehouse,69.0,13.0,In Stock,2026-07-20
OFF-SU-10001831,Singapore Warehouse,209.0,41.0,In Stock,2026-07-20
FUR-CH-10002890,Rotterdam Warehouse,139.0,27.0,In Stock,2026-07-20
OFF-PA-10004610,Singapore Warehouse,491.0,98.0,In Stock,2026-07-20
TEC-MA-10004584,Chicago Warehouse,109.0,21.0,In Stock,2026-07-20
OFF-AP-10002932,Singapore Warehouse,209.0,41.0,In Stock,2026-07-20
OFF-BI-10003364,Singapore Warehouse,282.0,56.0,In Stock,2026-07-20
OFF-AP-10002753,Singapore Warehouse,334.0,66.0,In Stock,2026-07-20
TEC-CO-10001342,Chicago Warehouse,85.0,17.0,In Stock,2026-07-20
TEC-CO-10000601,Chicago Warehouse,241.0,48.0,In Stock,2026-07-20
TEC-PH-10003636,Chicago Warehouse,229.0,45.0,In Stock,2026-07-20
FUR-FU-10001717,Rotterdam Warehouse ,73.0,14.0,In Stock,2026-07-20
OFF-LA-10002939,Singapore Warehouse,329.0,65.0,In Stock,20/07/2026
OFF-EN-10003737,Singapore Warehouse,200.0,40.0,In Stock,2026-07-20
FUR-CH-10000774,Rotterdam Warehouse,69.0,13.0,In Stock,2026-07-20
TEC-PH-10003361,Chicago Warehouse,143.0,28.0,In Stock,2026-07-20
FUR-TA-10004504,Rotterdam Warehouse,84.0,16.0,In Stock,2026-07-20
OFF-BIC-10000718,Singapore Warehouse,453.0,90.0,In Stock,2026-07-20
FUR-FU-10004597,Rotterdam Warehouse,82.0,16.0,In Stock,2026-07-20
FUR-BO-10004725,Rotterdam Warehouse,121.0,24.0,In Stock,2026-07-20
TEC-MA-10003471,Chicago Warehouse,164.0,32.0,In Stock,2026-07-20
OFF-AR-10002513,Singapore Warehouse,498.0,99.0,In Stock,2026-07-20
TEC-MOT-10003348,Chicago Warehouse,195.0,39.0,In Stock,2026-07-20
OFF-SU-10002962,Singapore Warehouse ,447.0,89.0,In Stock,2026-07-20
TEC-PH-10003580,Chicago Warehouse,133.0,26.0,In Stock,2026-07-20
TEC-MA-10003779,Chicago Warehouse,91.0,18.0,In Stock,2026-07-20
OFF-PA-10004741,Singapore Warehouse,270.0,54.0,In Stock,2026-07-20
OFF-SAN-10001237,Singapore Warehouse,281.0,56.0,In Stock,2026-07-20
OFF-LA-10002544,Singapore Warehouse,400.0,80.0,In Stock,
OFF-JIF-10000556,Singapore Warehouse,208.0,41.0,In Stock,2026-07-20
TEC-MA-10004693,Chicago Warehouse,117.0,23.0,In Stock,2026-07-20
OFF-LA-10004753,Singapore Warehouse ,238.0,47.0,In Stock,2026-07-20
OFF-SU-10002135,Singapore Warehouse,326.0,65.0,In Stock,2026-07-20
FUR-FU-10002813,Rotterdam Warehouse,96.0,19.0,In Stock,2026-07-20
FUR-CH-10003180,Rotterdam Warehouse,68.0,13.0,In Stock,2026-07-20
FUR-BO-10001749,Rotterdam Warehouse,62.0,12.0,In Stock,2026-07-20
OFF-FA-10000294,Singapore Warehouse,252.0,50.0,In Stock,2026-07-20
TEC-CO-10004664,Chicago Warehouse,181.0,36.0,In Stock,2026-07-20
OFF-BI-10002455,Singapore Warehouse,316.0,63.0,IN STOCK,2026-07-20
OFF-BIN-10002061,Singapore Warehouse,305.0,61.0,In Stock,2026-07-20
FUR-BO-10004142,Rotterdam Warehouse,56.0,11.0,In Stock,2026-07-20
TEC-PH-10000730,Chicago Warehouse,114.0,22.0,In Stock,2026-07-20
FUR-CH-10001347,Rotterdam Warehouse,122.0,24.0,In Stock,2026-07-20
FUR-CH-10000136,Rotterdam Warehouse,109.0,21.0,,2026-07-20
TEC-AC-10000596,Chicago Warehouse,143.0,28.0,In Stock,
OFF-AME-10002697,Singapore Warehouse,292.0,58.0,In Stock,20/07/2026
OFF-ST-10004431,Singapore Warehouse,376.0,75.0,In Stock,2026-07-20
TEC-PH-10004636,Chicago Warehouse,134.0,26.0,In Stock,2026-07-20
OFF-HON-10001132,Singapore Warehouse,418.0,83.0,In Stock,2026-07-20
FUR-BO-10001233,Rotterdam Warehouse,148.0,29.0,In Stock,2026-07-20
OFF-EN-10002613,Singapore Warehouse,395.0,79.0,In Stock,2026-07-20
OFF-BI-10003142,Singapore Warehouse,429.0,85.0,In Stock,2026-07-20
OFF-ST-10002622,Singapore Warehouse,328.0,65.0,In Stock,2026-07-20
OFF-FA-10003745,Singapore Warehouse,499.0,99.0,In Stock,2026-07-20
TEC-AC-10002799,Chicago Warehouse,,32.0,In Stock,2026-07-20
FUR-FU-10000110,Rotterdam Warehouse ,146.0,29.0,In Stock,2026-07-20
FUR-TA-10001600,Rotterdam Warehouse,55.0,11.0,In Stock,2026-07-20
FUR-FU-10001918,Rotterdam Warehouse,72.0,14.0,In Stock,2026-07-20
OFF-ST-10002515,Singapore Warehouse,312.0,62.0,In Stock,2026-07-20
OFF-LA-10002868,Singapore Warehouse,271.0,54.0,In Stock,2026-07-20
OFF-AR-10002727,Singapore Warehouse,437.0,87.0,In Stock,2026-07-20
OFF-EN-10004568,Singapore Warehouse,462.0,92.0,In Stock,2026-07-20
OFF-BI-10001525,Singapore Warehouse,381.0,76.0,IN STOCK,2026-07-20
FUR-CH-10003114,Rotterdam Warehouse,81.0,16.0,In-Stock,2026-07-20
OFF-EN-10004418,,264.0,52.0,In Stock,2026-07-20
OFF-BI-10003725,Singapore Warehouse,422.0,84.0,In Stock,20/07/2026
OFF-PA-10000483,Singapore Warehouse,321.0,64.0,In Stock,2026-07-20
OFF-FA-10004523,Singapore Warehouse,267.0,53.0,In Stock,2026-07-20
OFF-ST-10002759,Singapore Warehouse,361.0,72.0,IN STOCK,2026-07-20
OFF-AR-10004260,Singapore Warehouse,422.0,84.0,In Stock,20/07/2026
OFF-AR-10001129,Singapore Warehouse,223.0,44.0,In Stock,2026-07-20
TEC-MA-10003361,Chicago Warehouse,154.0,30.0,In Stock,2026-07-20
TEC-PH-10001644,Chicago Warehouse ,192.0,38.0,In Stock,2026-07-20
OFF-CUI-10002269,Singapore Warehouse,315.0,63.0,In Stock,2026-07-20
TEC-MA-10000334,Chicago Warehouse,125.0,25.0,In Stock,2026-07-20
FUR-BO-10001436,Rotterdam Warehouse,125.0,25.0,In Stock,2026-07-20
FUR-CH-10001204,Rotterdam Warehouse,52.0,10.0,In Stock,2026-07-20
OFF-LA-10002034,Singapore Warehouse,333.0,66.0,In Stock,2026-07-20
FUR-DEF-10001763,Rotterdam Warehouse,82.0,16.0,In Stock,2026-07-20
FUR-BO-10003022,Rotterdam Warehouse,72.0,14.0,In Stock,2026-07-20
OFF-AP-10004572,Singapore Warehouse,283.0,56.0,In Stock,2026-07-20
OFF-ST-10001393,Singapore Warehouse,302.0,60.0,In Stock,2026-07-20
OFF-BI-10004054,Singapore Warehouse,380.0,76.0,In Stock,2026-07-20
OFF-PA-10002771,Singapore Warehouse,279.0,55.0,In Stock,2026-07-20
FUR-HAR-10003548,Rotterdam Warehouse ,104.0,20.0,In Stock,2026-07-20
OFF-AVE-10003504,Singapore Warehouse,355.0,71.0,In Stock,2026-07-20
OFF-AP-10001882,Singapore Warehouse,463.0,92.0,In Stock,2026-07-20
TEC-MA-10004023,Chicago Warehouse,150.0,30.0,In Stock,2026-07-20
TEC-HP -10004971,Chicago Warehouse,224.0,44.0,In Stock,2026-07-20
OFF-EN-10004495,Singapore Warehouse,268.0,53.0,In Stock,2026-07-20
TEC-SAN-10000250,Chicago Warehouse,212.0,42.0,In Stock,2026-07-20
TEC-STA-10003330,Chicago Warehouse,222.0,44.0,In Stock,2026-07-20
OFF-BI-10000960,Singapore Warehouse,340.0,68.0,In Stock,2026-07-20
TEC-CO-10001162,Chicago Warehouse,140.0,28.0,In Stock,2026-07-20
OFF-ST-10003994,Singapore Warehouse,334.0,66.0,In Stock,2026-07-20
TEC-CO-10003763,Chicago Warehouse,148.0,29.0,In Stock,2026-07-20
OFF-AR-10001606,Singapore Warehouse,244.0,48.0,In Stock,2026-07-20
TEC-PH-10002035,Chicago Warehouse,205.0,41.0,In Stock,2026-07-20
OFF-AP-10002229,Singapore Warehouse,278.0,55.0,In Stock,2026-07-20
TEC-MA-10001139,Chicago Warehouse,234.0,46.0,In Stock,2026-07-20
TEC-AC-10001592,Chicago Warehouse,172.0,34.0,In Stock,2026-07-20
FUR-SAF-10001870,Rotterdam Warehouse,136.0,27.0,In Stock,2026-07-20
OFF-BI-10003181,Singapore Warehouse,338.0,67.0,In Stock,2026-07-20
FUR-CH-10004163,Rotterdam Warehouse,143.0,28.0,In Stock,2026-07-20
OFF-EN-10003715,Singapore Warehouse,435.0,-87.0,In Stock,2026-07-20
OFF-ST-10000142,,330.0,66.0,In Stock,2026-07-20
FUR-FU-10003826,Rotterdam Warehouse,134.0,26.0,In Stock,2026-07-20
OFF-LA-10000973,Singapore Warehouse,411.0,82.0,In Stock,2026-07-20
FUR-BO-10002852,Rotterdam Warehouse,117.0,23.0,In Stock,2026-07-20
TEC-MOT-10002272,Chicago Warehouse,107.0,21.0,In Stock,2026-07-20
OFF-ST-10004315,Singapore Warehouse,340.0,68.0,In Stock,2026-07-20
OFF-FA-10002247,Singapore Warehouse,229.0,45.0,In Stock,
OFF-EAT-10001303,Singapore Warehouse,411.0,82.0,In Stock,2026-07-20
OFF-ST-10004185,Singapore Warehouse,310.0,62.0,In Stock,2026-07-20
OFF-AP-10002531,Singapore Warehouse,319.0,63.0,In Stock,2026-07-20
TEC-CO-10000270,Chicago Warehouse,147.0,29.0,In Stock,2026-07-20
OFF-LA-10000471,Singapore Warehouse,391.0,78.0,In Stock,2026-07-20
FUR-TA-10001113,Rotterdam Warehouse,82.0,16.0,In Stock,2026-07-20
FUR-CH-10004387,Rotterdam Warehouse,118.0,23.0,In Stock,2026-07-20
TEC-CIS-10001877,Chicago Warehouse,174.0,34.0,In Stock,2026-07-20
TEC-HP -10003559,Chicago Warehouse,205.0,41.0,In Stock,2026-07-20
OFF-AP-10000263,Singapore Warehouse,416.0,83.0,In Stock,2026-07-20
FUR-HAR-10001144,Rotterdam Warehouse,55.0,11.0,In Stock,2026-07-20
FUR-FU-10003874,Rotterdam Warehouse,54.0,10.0,In Stock,2026-07-20
TEC-PH-10004358,Chicago Warehouse,143.0,28.0,In Stock,2026-07-20
TEC-MA-10004997,Chicago Warehouse,107.0,21.0,In Stock,2026-07-20
OFF-PA-10000350,Singapore Warehouse,305.0,61.0,In Stock,2026-07-20
OFF-EN-10001099,Singapore Warehouse,398.0,79.0,In Stock,2026-07-20
OFF-FA-10002831,Singapore Warehouse,268.0,53.0,In Stock,2026-07-20
OFF-PA-10002927,Singapore Warehouse,211.0,42.0,In Stock,2026-07-20
FUR-IKE-10000521,Rotterdam Warehouse,54.0,10.0,In Stock,2026-07-20
OFF-BI-10002080,Singapore Warehouse,335.0,67.0,In Stock,2026-07-20
TEC-BRO-10003876,Chicago Warehouse,237.0,47.0,In Stock,2026-07-20
OFF-PA-10001302,Singapore Warehouse,413.0,82.0,In Stock,
TEC-APP-10004469,Chicago Warehouse,94.0,18.0,In Stock,2026-07-20
TEC-CO-10002283,Chicago Warehouse,118.0,23.0,In Stock,2026-07-20
OFF-AP-10002351,Singapore Warehouse,498.0,99.0,In Stock,2026-07-20
FUR-FU-10002598,Rotterdam Warehouse,87.0,17.0,In Stock,2026-07-20
OFF-BI-10003870,Singapore Warehouse,360.0,72.0,In Stock,2026-07-20
OFF-ST-10002538,Singapore Warehouse,364.0,72.0,In Stock,2026-07-20
OFF-HOO-10000638,,446.0,89.0,In Stock,2026-07-20
OFF-AP-10000595,Singapore Warehouse,331.0,66.0,In Stock,2026-07-20
OFF-EN-10003537,Singapore Warehouse,357.0,71.0,In Stock,2026-07-20
FUR-CH-10004540,Rotterdam Warehouse,109.0,21.0,In Stock,2026-07-20
TEC-CO-10002063,Chicago Warehouse,224.0,44.0,In Stock,2026-07-20
FUR-BO-10004537,Rotterdam Warehouse,99.0,19.0,In Stock,2026-07-20
OFF-BI-10003984,Singapore Warehouse,217.0,43.0,In Stock,2026-07-20
OFF-PA-10003938,Singapore Warehouse,368.0,73.0,,2026-07-20
OFF-AP-10002651,Singapore Warehouse,330.0,66.0,In Stock,2026-07-20
FUR-BO-10001580,Rotterdam Warehouse,64.0,,In Stock,2026-07-20
OFF-FA-10000300,Singapore Warehouse,434.0,86.0,In Stock,2026-07-20
OFF-SAN-10001074,Singapore Warehouse,422.0,84.0,In Stock,2026-07-20
TEC-PH-10000702,Chicago Warehouse,201.0,40.0,In Stock,2026-07-20
TEC-OKI-10003655,Chicago Warehouse,192.0,38.0,In Stock,2026-07-20
OFF-AP-10002765,Singapore Warehouse,425.0,85.0,In Stock,2026-07-20
OFF-HAR-10001855,Singapore Warehouse,327.0,,IN STOCK,2026-07-20
OFF-ST-10003656,Singapore Warehouse,304.0,60.0,In Stock,2026-07-20
OFF-BI-10003440,Singapore Warehouse,488.0,97.0,In Stock,2026-07-20
TEC-AC-10004708,Chicago Warehouse ,201.0,40.0,In Stock,2026-07-20
OFF-LA-10002744,Singapore Warehouse,223.0,44.0,In Stock,2026-07-20
OFF-CAR-10003703,Singapore Warehouse,238.0,47.0,In Stock,2026-07-20
OFF-PA-10001307,Singapore Warehouse ,473.0,94.0,In Stock,2026-07-20
FUR-BO-10001216,Rotterdam Warehouse,124.0,24.0,In Stock,2026-07-20
OFF-FA-10002708,Singapore Warehouse,426.0,85.0,In Stock,2026-07-20
FUR-CH-10001270,Rotterdam Warehouse,135.0,27.0,In Stock,2026-07-20
OFF-TEN-10001129,Singapore Warehouse,342.0,68.0,In Stock,2026-07-20
OFF-FEL-10003848,Singapore Warehouse,322.0,64.0,In Stock,2026-07-20
TEC-BRO-10003555,Chicago Warehouse,224.0,,In Stock,2026-07-20
OFF-LA-10003851,Singapore Warehouse,432.0,86.0,In Stock,2026-07-20
TEC-PH-10000526,Chicago Warehouse,127.0,25.0,In Stock,2026-07-20
OFF-TEN-10004194,Singapore Warehouse,333.0,66.0,In Stock,2026-07-20
FUR-FU-10002253,Rotterdam Warehouse,82.0,16.0,In Stock,2026-07-20
FUR-CH-10004827,Rotterdam Warehouse,63.0,12.0,In Stock,2026-07-20
OFF-BI-10001324,Singapore Warehouse,396.0,79.0,In Stock,2026-07-20
OFF-BI-10000546,Singapore Warehouse,294.0,58.0,In Stock,2026-07-20
OFF-BI-10003166,Singapore Warehouse,452.0,90.0,In Stock,2026-07-20
OFF-AP-10003281,Singapore Warehouse,248.0,49.0,In Stock,2026-07-20
OFF-LA-10004538,Singapore Warehouse,409.0,81.0,In Stock,2026-07-20
OFF-FA-10001237,Singapore Warehouse,338.0,67.0,In Stock,2026-07-20
OFF-PA-10002237,Singapore Warehouse,227.0,45.0,In Stock,2026-07-20
OFF-LA-10001202,Singapore Warehouse,349.0,69.0,In Stock,2026-07-20
OFF-AR-10000390,Singapore Warehouse,308.0,61.0,In Stock,2026-07-20
OFF-AP-10000653,Singapore Warehouse,268.0,53.0,In Stock,2026-07-20
OFF-GRE-10001521,Singapore Warehouse,433.0,86.0,In-Stock,2026-07-20
OFF-SU-10004452,Singapore Warehouse,434.0,86.0,In Stock,2026-07-20
TEC-PH-10002583,Chicago Warehouse,119.0,23.0,In Stock,2026-07-20
TEC-CO-10002244,Chicago Warehouse,96.0,19.0,In Stock,2026-07-20
OFF-LA-10001658,Singapore Warehouse,456.0,91.0,In Stock,2026-07-20
TEC-PH-10001640,Chicago Warehouse,156.0,31.0,In Stock,2026-07-20
OFF-SU-10004663,Singapore Warehouse,322.0,64.0,In Stock,2026-07-20
OFF-PA-10000871,Singapore Warehouse,275.0,55.0,In Stock,2026-07-20
TEC-CO-10004690,Chicago Warehouse,142.0,28.0,In Stock,2026-07-20
OFF-PA-10001826,Singapore Warehouse,286.0,57.0,In Stock,2026-07-20
TEC-PH-10003691,Chicago Warehouse,102.0,,In Stock,2026-07-20
TEC-CO-10004143,Chicago Warehouse,211.0,42.0,In Stock,2026-07-20
OFF-ST-10001562,Singapore Warehouse,441.0,88.0,In Stock,2026-07-20
OFF-LA-10003141,Singapore Warehouse ,333.0,66.0,In Stock,2026-07-20
OFF-ACC-10003984,Singapore Warehouse,220.0,44.0,IN STOCK,20/07/2026
TEC-AC-10002844,Chicago Warehouse,153.0,30.0,In Stock,2026-07-20
OFF-ST-10003426,Singapore Warehouse,295.0,,IN STOCK,2026-07-20
OFF-EN-10002592,Singapore Warehouse,473.0,94.0,In Stock,2026-07-20
TEC-MA-10004452,Chicago Warehouse,97.0,19.0,In Stock,2026-07-20
FUR-TA-10003164,Rotterdam Warehouse,86.0,17.0,In Stock,
OFF-ST-10000650,Singapore Warehouse,366.0,73.0,In Stock,2026-07-20
OFF-AR-10004068,Singapore Warehouse,464.0,92.0,In Stock,2026-07-20
OFF-AP-10002697,Singapore Warehouse,211.0,42.0,In Stock,2026-07-20
OFF-AP-10001154,Singapore Warehouse,491.0,98.0,In Stock,2026-07-20
TEC-STA-10004834,,202.0,40.0,In Stock,2026-07-20
FUR-CH-10004685,Rotterdam Warehouse ,52.0,10.0,In Stock,2026-07-20
TEC-AC-10002938,Chicago Warehouse,181.0,36.0,In Stock,2026-07-20
FUR-FU-10003447,Rotterdam Warehouse,65.0,13.0,In Stock,2026-07-20
TEC-AC-10001013,Chicago Warehouse,107.0,21.0,In Stock,2026-07-20
OFF-AP-10003559,Singapore Warehouse,243.0,48.0,IN STOCK,2026-07-20
OFF-BI-10002329,Singapore Warehouse,354.0,70.0,In Stock,2026-07-20
FUR-CH-10002477,Rotterdam Warehouse,83.0,16.0,In Stock,2026-07-20
OFF-ST-10004340,Singapore Warehouse,435.0,87.0,In Stock,2026-07-20
OFF-LA-10002401,Singapore Warehouse,274.0,54.0,In Stock,2026-07-20
OFF-BOS-10004262,Singapore Warehouse,484.0,96.0,In Stock,2026-07-20
OFF-EN-10003360,Singapore Warehouse ,324.0,,In Stock,2026-07-20
OFF-BI-10002919,Singapore Warehouse,451.0,90.0,In Stock,20/07/2026
OFF-PA-10000915,Singapore Warehouse,471.0,94.0,In Stock,2026-07-20
OFF-AR-10003514,Singapore Warehouse,304.0,60.0,In Stock,2026-07-20
OFF-AR-10003758,Singapore Warehouse,327.0,65.0,In Stock,2026-07-20
OFF-SAN-10001862,Singapore Warehouse,283.0,56.0,In Stock,2026-07-20
TEC-PH-10001014,Chicago Warehouse,141.0,28.0,IN STOCK,2026-07-20
TEC-PH-10004287,Chicago Warehouse,114.0,22.0,In Stock,20/07/2026
FUR-FU-10004622,Rotterdam Warehouse,136.0,27.0,In Stock,2026-07-20
OFF-ELI-10001685,Singapore Warehouse,315.0,63.0,In Stock,
OFF-ACM-10004150,Singapore Warehouse,458.0,91.0,IN STOCK,2026-07-20
OFF-AP-10003849,Singapore Warehouse,440.0,88.0,In Stock,2026-07-20
TEC-CAN-10004166,,91.0,18.0,In Stock,2026-07-20
FUR-CH-10002872,Rotterdam Warehouse,110.0,22.0,In Stock,2026-07-20
OFF-FA-10001246,Singapore Warehouse,239.0,47.0,In Stock,2026-07-20
OFF-LA-10002469,Singapore Warehouse,276.0,55.0,,2026-07-20
TEC-MA-10001607,Chicago Warehouse,,22.0,In Stock,2026-07-20
TEC-AC-10003947,Chicago Warehouse,129.0,25.0,In Stock,2026-07-20
FUR-TA-10002041,Rotterdam Warehouse,99.0,19.0,IN STOCK,2026-07-20
TEC-CO-10001531,,146.0,29.0,In Stock,2026-07-20
FUR-BO-10001619,Rotterdam Warehouse,56.0,11.0,IN STOCK,2026-07-20
OFF-BI-10003579,Singapore Warehouse,369.0,73.0,In Stock,2026-07-20
OFF-SU-10001968,Singapore Warehouse,,92.0,In Stock,2026-07-20
OFF-FA-10004586,Singapore Warehouse ,228.0,45.0,In Stock,2026-07-20
OFF-FA-10000447,Singapore Warehouse,388.0,77.0,In Stock,2026-07-20
OFF-HAM-10003040,Singapore Warehouse,314.0,62.0,In-Stock,2026-07-20
TEC-AC-10003408,Chicago Warehouse,91.0,18.0,In Stock,2026-07-20
OFF-PA-10003906,Singapore Warehouse,399.0,79.0,In Stock,2026-07-20
OFF-PA-10004842,Singapore Warehouse,444.0,88.0,In Stock,2026-07-20
FUR-BO-10004771,Rotterdam Warehouse,55.0,11.0,In Stock,2026-07-20
OFF-SU-10002388,Singapore Warehouse,252.0,50.0,In Stock,2026-07-20
OFF-ST-10001025,Singapore Warehouse,226.0,45.0,In Stock,2026-07-20
OFF-EN-10001993,Singapore Warehouse,296.0,59.0,In Stock,2026-07-20
TEC-AC-10003824,Chicago Warehouse,206.0,41.0,In Stock,2026-07-20
OFF-FA-10004878,Singapore Warehouse,296.0,59.0,In Stock,2026-07-20
TEC-CO-10003083,Chicago Warehouse,220.0,44.0,IN STOCK,
OFF-AR-10002650,Singapore Warehouse,416.0,83.0,In Stock,2026-07-20
FUR-FU-10001343,Rotterdam Warehouse,112.0,22.0,In Stock,2026-07-20
OFF-WIL-10003299,Singapore Warehouse ,328.0,65.0,In Stock,2026-07-20
OFF-PA-10004990,Singapore Warehouse ,403.0,80.0,In Stock,2026-07-20
OFF-FA-10000611,Singapore Warehouse,401.0,80.0,In Stock,2026-07-20
TEC-AC-10001076,Chicago Warehouse,163.0,32.0,IN STOCK,2026-07-20
OFF-PA-10003416,Singapore Warehouse,201.0,40.0,IN STOCK,20/07/2026
OFF-FA-10003429,Singapore Warehouse,429.0,85.0,In Stock,2026-07-20
OFF-ST-10002632,Singapore Warehouse,210.0,42.0,In Stock,2026-07-20
TEC-CO-10002240,Chicago Warehouse,180.0,36.0,In Stock,2026-07-20
TEC-PH-10003823,Chicago Warehouse,176.0,35.0,In Stock,2026-07-20
TEC-AC-10004814,Chicago Warehouse,248.0,49.0,In Stock,2026-07-20
TEC-MA-10000199,Chicago Warehouse,112.0,22.0,In Stock,2026-07-20
OFF-PA-10004990,Singapore Warehouse,464.0,92.0,In-Stock,2026-07-20
OFF-FA-10001010,Singapore Warehouse,473.0,94.0,In Stock,2026-07-20
OFF-PA-10001804,Singapore Warehouse,359.0,71.0,In Stock,2026-07-20
OFF-ST-10002460,Singapore Warehouse,213.0,42.0,IN STOCK,20/07/2026
TEC-PH-10002807,Chicago Warehouse,214.0,42.0,In Stock,2026-07-20
OFF-BI-10002193,Singapore Warehouse,328.0,65.0,In Stock,2026-07-20
FUR-FU-10000889,Rotterdam Warehouse,134.0,26.0,In Stock,2026-07-20
OFF-AP-10004512,Singapore Warehouse,340.0,68.0,In Stock,2026-07-20
FUR-FU-10002304,,94.0,18.0,In Stock,2026-07-20
OFF-ST-10001290,Singapore Warehouse,288.0,57.0,In Stock,2026-07-20
OFF-FA-10003022,Singapore Warehouse,475.0,95.0,In Stock,
TEC-MA-10001148,Chicago Warehouse,156.0,31.0,In Stock,2026-07-20
OFF-ACC-10000233,Singapore Warehouse,403.0,80.0,In Stock,2026-07-20
OFF-EN-10003529,Singapore Warehouse,453.0,90.0,In Stock,2026-07-20
TEC-CO-10004099,Chicago Warehouse,244.0,48.0,In Stock,
FUR-RUB-10002067,Rotterdam Warehouse,118.0,23.0,In Stock,2026-07-20
TEC-CIS-10000758,Chicago Warehouse,223.0,44.0,In Stock,2026-07-20
TEC-CO-10001703,Chicago Warehouse ,153.0,30.0,In Stock,2026-07-20
FUR-BO-10003904,Rotterdam Warehouse,132.0,26.0,In Stock,2026-07-20
OFF-ST-10002250,Singapore Warehouse,429.0,85.0,In Stock,2026-07-20
FUR-CH-10004801,Rotterdam Warehouse,75.0,15.0,In Stock,2026-07-20
OFF-BI-10002353,Singapore Warehouse,267.0,53.0,In Stock,2026-07-20
OFF-AR-10002255,Singapore Warehouse,364.0,72.0,In Stock,2026-07-20
OFF-IBI-10000959,Singapore Warehouse,405.0,81.0,In Stock,2026-07-20
TEC-MA-10002043,Chicago Warehouse,98.0,19.0,In Stock,2026-07-20
OFF-PA-10004405,Singapore Warehouse,237.0,47.0,In Stock,2026-07-20
OFF-AP-10001776,Singapore Warehouse,227.0,45.0,In Stock,2026-07-20
TEC-MA-10001311,Chicago Warehouse,199.0,39.0,In Stock,2026-07-20
TEC-AC-10002049,Chicago Warehouse,176.0,35.0,In Stock,2026-07-20
OFF-TEN-10003948,Singapore Warehouse,280.0,56.0,In Stock,2026-07-20
OFF-SU-10004236,Singapore Warehouse,383.0,76.0,In Stock,2026-07-20
OFF-BI-10002897,Singapore Warehouse,484.0,96.0,In Stock,2026-07-20
OFF-SU-10002547,Singapore Warehouse,280.0,,In Stock,2026-07-20
TEC-SHA-10000971,Chicago Warehouse,193.0,38.0,In Stock,2026-07-20
OFF-EN-10001991,Singapore Warehouse,273.0,54.0,In Stock,2026-07-20
FUR-CH-10003499,Rotterdam Warehouse,89.0,17.0,In Stock,2026-07-20
OFF-SU-10003804,Singapore Warehouse,221.0,44.0,In Stock,2026-07-20
OFF-SME-10002740,Singapore Warehouse,497.0,99.0,In Stock,2026-07-20
FUR-DEF-10004355,Rotterdam Warehouse,93.0,18.0,In Stock,2026-07-20
FUR-BO-10003326,Rotterdam Warehouse,79.0,15.0,IN STOCK,
TEC-MA-10004552,Chicago Warehouse,147.0,29.0,In Stock,
OFF-CAR-10002931,Singapore Warehouse ,249.0,,In Stock,2026-07-20
TEC-MA-10004929,Chicago Warehouse,141.0,28.0,In Stock,2026-07-20
OFF-SAN-10001094,Singapore Warehouse,384.0,76.0,In Stock,2026-07-20
OFF-LA-10003610,Singapore Warehouse,206.0,41.0,In Stock,2026-07-20
TEC-CO-10003800,Chicago Warehouse,203.0,40.0,In Stock,2026-07-20
FUR-BO-10002133,Rotterdam Warehouse,131.0,26.0,In Stock,2026-07-20
OFF-PA-10003729,Singapore Warehouse,265.0,53.0,In Stock,2026-07-20
TEC-MA-10003315,Chicago Warehouse,144.0,28.0,In Stock,2026-07-20
FUR-SAF-10003745,Rotterdam Warehouse,58.0,11.0,In Stock,2026-07-20
OFF-HOO-10004243,Singapore Warehouse,485.0,97.0,In Stock,
OFF-EN-10003463,Singapore Warehouse,430.0,86.0,In Stock,2026-07-20
OFF-LA-10001287,Singapore Warehouse,,85.0,In Stock,2026-07-20
OFF-FA-10000089,Singapore Warehouse,289.0,57.0,In Stock,2026-07-20
TEC-MA-10002931,Chicago Warehouse,188.0,37.0,In Stock,2026-07-20
OFF-AR-10000387,Singapore Warehouse,257.0,51.0,In Stock,
OFF-FA-10000746,Singapore Warehouse,448.0,89.0,In Stock,2026-07-20
FUR-BO-10001372,Rotterdam Warehouse,110.0,22.0,IN STOCK,2026-07-20
FUR-FU-10000159,Rotterdam Warehouse,138.0,27.0,In Stock,2026-07-20
OFF-ACC-10001028,Singapore Warehouse,493.0,98.0,In Stock,2026-07-20
FUR-CH-10002989,Rotterdam Warehouse,129.0,25.0,In Stock,2026-07-20
TEC-AC-10004773,Chicago Warehouse,153.0,30.0,In Stock,2026-07-20
TEC-CO-10001933,Chicago Warehouse,220.0,44.0,In Stock,
TEC-AC-10004188,Chicago Warehouse,97.0,19.0,In Stock,2026-07-20
OFF-BI-10002827,Singapore Warehouse,380.0,76.0,In Stock,2026-07-20
OFF-SAN-10004633,Singapore Warehouse,472.0,94.0,In Stock,2026-07-20
OFF-ST-10001034,Singapore Warehouse,216.0,43.0,In Stock,2026-07-20
FUR-SAF-10001136,Rotterdam Warehouse,117.0,23.0,In Stock,2026-07-20
TEC-KON-10001624,Chicago Warehouse,250.0,50.0,In Stock,2026-07-20
OFF-ST-10004794,Singapore Warehouse,475.0,95.0,In Stock,2026-07-20
TEC-PH-10002075,Chicago Warehouse,144.0,28.0,In Stock,2026-07-20
TEC-CO-10003212,Chicago Warehouse,89.0,17.0,In Stock,2026-07-20
TEC-MA-10004975,Chicago Warehouse,189.0,37.0,In Stock,2026-07-20
FUR-FU-10000771,Rotterdam Warehouse ,101.0,20.0,In Stock,2026-07-20
OFF-AR-10000751,Singapore Warehouse,428.0,85.0,In Stock,2026-07-20
FUR-BO-10000330,Rotterdam Warehouse,68.0,13.0,In Stock,2026-07-20
OFF-SU-10002566,Singapore Warehouse,333.0,66.0,In Stock,2026-07-20
OFF-FA-10003930,Singapore Warehouse,233.0,46.0,In Stock,2026-07-20
OFF-EN-10003623,Singapore Warehouse,344.0,68.0,In Stock,2026-07-20
OFF-BI-10002243,Singapore Warehouse,340.0,68.0,In Stock,2026-07-20
TEC-SHA-10000479,Chicago Warehouse,119.0,23.0,In Stock,2026-07-20
OFF-HAR-10000242,Singapore Warehouse,378.0,75.0,,2026-07-20
FUR-CH-10001044,Rotterdam Warehouse,143.0,28.0,In Stock,2026-07-20
OFF-PA-10003475,Singapore Warehouse ,233.0,46.0,In Stock,2026-07-20
OFF-BI-10000346,Singapore Warehouse,437.0,87.0,In Stock,2026-07-20
OFF-ST-10003692,Singapore Warehouse,272.0,54.0,In Stock,2026-07-20
OFF-AR-10004999,Singapore Warehouse,480.0,96.0,In Stock,2026-07-20
OFF-PA-10003899,Singapore Warehouse,438.0,87.0,In Stock,2026-07-20
OFF-EN-10003675,Singapore Warehouse,454.0,90.0,In Stock,2026-07-20
OFF-BIC-10001458,Singapore Warehouse,212.0,42.0,In Stock,2026-07-20
TEC-AC-10004508,Chicago Warehouse,,22.0,In Stock,2026-07-20
OFF-LA-10004777,Singapore Warehouse,343.0,68.0,In Stock,2026-07-20
FUR-TA-10002568,Rotterdam Warehouse,57.0,11.0,In Stock,2026-07-20
OFF-AP-10000729,Singapore Warehouse,311.0,62.0,In Stock,2026-07-20
FUR-CH-10000414,Rotterdam Warehouse,125.0,25.0,In Stock,2026-07-20
FUR-CH-10000663,Rotterdam Warehouse,122.0,24.0,,2026-07-20
OFF-LA-10003627,Singapore Warehouse,430.0,86.0,In Stock,2026-07-20
OFF-AR-10001546,Singapore Warehouse,386.0,77.0,In Stock,2026-07-20
FUR-FU-10004587,Rotterdam Warehouse,126.0,25.0,In Stock,20/07/2026
TEC-MA-10004613,Chicago Warehouse,162.0,32.0,In-Stock,2026-07-20
FUR-CH-10002927,Rotterdam Warehouse,59.0,11.0,In Stock,2026-07-20
TEC-STA-10002497,Chicago Warehouse,158.0,31.0,,2026-07-20
FUR-BO-10003028,Rotterdam Warehouse,59.0,11.0,In Stock,2026-07-20
OFF-AP-10003400,Singapore Warehouse,343.0,68.0,In Stock,2026-07-20
TEC-CO-10002150,Chicago Warehouse,103.0,20.0,In Stock,2026-07-20
OFF-AR-10004078,Singapore Warehouse,416.0,83.0,In Stock,2026-07-20
OFF-STI-10002262,Singapore Warehouse,313.0,62.0,In Stock,20/07/2026
FUR-CH-10001975,Rotterdam Warehouse,57.0,11.0,In Stock,20/07/2026
OFF-BI-10000081,Singapore Warehouse,279.0,55.0,In Stock,2026-07-20
TEC-CO-10000051,Chicago Warehouse,201.0,40.0,In Stock,2026-07-20
TEC-MA-10001009,,98.0,19.0,In Stock,2026-07-20
FUR-FU-10002930,Rotterdam Warehouse,77.0,15.0,IN STOCK,2026-07-20
TEC-AC-10001990,Chicago Warehouse,190.0,38.0,In Stock,2026-07-20
OFF-BI-10001757,Singapore Warehouse,310.0,62.0,In Stock,2026-07-20
OFF-PA-10003063,Singapore Warehouse,495.0,99.0,In Stock,2026-07-20
TEC-CO-10002857,Chicago Warehouse,130.0,26.0,In Stock,2026-07-20
FUR-IKE-10004853,Rotterdam Warehouse,126.0,25.0,In Stock,2026-07-20
OFF-BI-10003372,Singapore Warehouse,467.0,93.0,In Stock,2026-07-20
OFF-LA-10000757,Singapore Warehouse,301.0,60.0,In Stock,2026-07-20
OFF-AR-10003759,Singapore Warehouse,304.0,60.0,In Stock,2026-07-20
OFF-AR-10003281,Singapore Warehouse,404.0,80.0,In Stock,2026-07-20
OFF-ST-10001627,Singapore Warehouse,459.0,91.0,In Stock,2026-07-20
OFF-ST-10000299,Singapore Warehouse,500.0,100.0,In Stock,2026-07-20
OFF-SU-10001087,Singapore Warehouse,206.0,41.0,In Stock,2026-07-20
FUR-BUS-10001187,Rotterdam Warehouse,64.0,12.0,In Stock,2026-07-20
OFF-EN-10004550,Singapore Warehouse,247.0,49.0,In Stock,2026-07-20
OFF-ACC-10004278,Singapore Warehouse,277.0,55.0,In Stock,2026-07-20
TEC-AC-10001553,Chicago Warehouse,162.0,32.0,In Stock,2026-07-20
OFF-FIS-10002661,Singapore Warehouse,425.0,85.0,In Stock,2026-07-20
OFF-AP-10003945,Singapore Warehouse,418.0,,In Stock,2026-07-20
OFF-AR-10004173,Singapore Warehouse,422.0,84.0,In Stock,2026-07-20
OFF-LA-10001028,Singapore Warehouse,394.0,78.0,In Stock,2026-07-20
OFF-AR-10003481,Singapore Warehouse,350.0,70.0,In Stock,2026-07-20
FUR-TA-10002935,Rotterdam Warehouse,76.0,15.0,In Stock,20/07/2026
OFF-EN-10004667,Singapore Warehouse,292.0,58.0,In Stock,2026-07-20
TEC-AC-10002550,Chicago Warehouse,146.0,29.0,In Stock,2026-07-20
TEC-MA-10004064,Chicago Warehouse,135.0,27.0,In Stock,2026-07-20
FUR-CH-10001805,Rotterdam Warehouse,108.0,21.0,In Stock,2026-07-20
OFF-PA-10001497,Singapore Warehouse,240.0,48.0,In Stock,2026-07-20
OFF-PA-10002918,Singapore Warehouse,442.0,88.0,In Stock,2026-07-20
OFF-EN-10003040,Singapore Warehouse,377.0,75.0,In Stock,2026-07-20
TEC-CO-10003342,Chicago Warehouse,192.0,,IN STOCK,2026-07-20
TEC-MA-10004323,Chicago Warehouse,173.0,34.0,In Stock,2026-07-20
TEC-AC-10003399,Chicago Warehouse,230.0,,In Stock,20/07/2026
OFF-ST-10001534,Singapore Warehouse,391.0,78.0,In Stock,2026-07-20
TEC-CO-10003924,Chicago Warehouse,181.0,36.0,In Stock,2026-07-20
OFF-AR-10003989,Singapore Warehouse,438.0,87.0,In Stock,2026-07-20
FUR-ELD-10003479,Rotterdam Warehouse,78.0,15.0,In Stock,2026-07-20
OFF-AP-10000437,Singapore Warehouse,469.0,93.0,IN STOCK,2026-07-20
OFF-KLE-10001644,Singapore Warehouse,297.0,59.0,In Stock,2026-07-20
TEC-PH-10004577,Chicago Warehouse,168.0,33.0,In Stock,2026-07-20
FUR-BO-10003697,Rotterdam Warehouse,133.0,26.0,In Stock,2026-07-20
TEC-OKI-10001433,Chicago Warehouse,194.0,38.0,In Stock,2026-07-20
OFF-BI-10000305,Singapore Warehouse,472.0,94.0,In Stock,2026-07-20
OFF-BI-10002986,Singapore Warehouse,331.0,66.0,,
OFF-FA-10002552,Singapore Warehouse,203.0,40.0,In Stock,2026-07-20
FUR-CH-10002727,Rotterdam Warehouse,70.0,14.0,In Stock,2026-07-20
FUR-BO-10004360,Rotterdam Warehouse,80.0,16.0,In Stock,2026-07-20
OFF-BRE-10002706,Singapore Warehouse,258.0,51.0,,2026-07-20
TEC-LOG-10001137,Chicago Warehouse,208.0,41.0,In Stock,2026-07-20
TEC-CO-10003353,Chicago Warehouse,101.0,20.0,In Stock,2026-07-20
OFF-AR-10001696,Singapore Warehouse,494.0,98.0,In Stock,2026-07-20
TEC-MA-10001330,Chicago Warehouse,222.0,44.0,In Stock,2026-07-20
FUR-CH-10002547,Rotterdam Warehouse,100.0,20.0,In Stock,2026-07-20
OFF-ST-10001758,Singapore Warehouse,221.0,44.0,In Stock,2026-07-20
OFF-LA-10002337,Singapore Warehouse,364.0,,In Stock,2026-07-20
OFF-FA-10001727,Singapore Warehouse,490.0,98.0,In Stock,2026-07-20
FUR-CH-10002410,Rotterdam Warehouse,107.0,21.0,In Stock,2026-07-20
OFF-ST-10003931,Singapore Warehouse,210.0,42.0,In Stock,2026-07-20
OFF-PA-10001838,Singapore Warehouse,431.0,86.0,In Stock,2026-07-20
OFF-LA-10001170,Singapore Warehouse,445.0,89.0,In Stock,2026-07-20
FUR-TA-10002235,Rotterdam Warehouse,84.0,16.0,In Stock,2026-07-20
OFF-HOO-10002386,Singapore Warehouse,498.0,99.0,In Stock,2026-07-20
FUR-BO-10002235,Rotterdam Warehouse,111.0,22.0,In Stock,2026-07-20
OFF-LA-10000714,Singapore Warehouse,274.0,54.0,In Stock,2026-07-20
FUR-BO-10001555,Rotterdam Warehouse,-83.0,16.0,In Stock,2026-07-20
OFF-ST-10000035,Singapore Warehouse,253.0,50.0,In Stock,2026-07-20
OFF-BI-10000542,Singapore Warehouse,228.0,45.0,In Stock,2026-07-20
FUR-NOV-10004003,Rotterdam Warehouse,133.0,26.0,In Stock,2026-07-20
FUR-CH-10004010,Rotterdam Warehouse,61.0,12.0,In Stock,2026-07-20
OFF-AR-10000658,Singapore Warehouse,362.0,72.0,In Stock,2026-07-20
OFF-EN-10003785,Singapore Warehouse,471.0,94.0,In Stock,2026-07-20
FUR-FU-10000267,,108.0,21.0,In Stock,2026-07-20
OFF-AR-10000588,Singapore Warehouse,486.0,97.0,In Stock,2026-07-20
OFF-BI-10004685,Singapore Warehouse,498.0,99.0,In Stock,2026-07-20
TEC-MA-10004002,Chicago Warehouse,152.0,30.0,In Stock,2026-07-20
OFF-EN-10003604,Singapore Warehouse,361.0,72.0,In Stock,2026-07-20
TEC-NOK-10004183,Chicago Warehouse,235.0,47.0,In Stock,2026-07-20
OFF-SU-10001697,Singapore Warehouse,352.0,70.0,In Stock,2026-07-20
TEC-SAN-10002684,Chicago Warehouse,200.0,40.0,In Stock,2026-07-20
OFF-EN-10001958,Singapore Warehouse,468.0,93.0,In Stock,2026-07-20
TEC-CO-10004570,Chicago Warehouse,151.0,30.0,In Stock,2026-07-20
TEC-MA-10002073,,148.0,29.0,IN STOCK,20/07/2026
OFF-LA-10001191,Singapore Warehouse,297.0,59.0,In Stock,2026-07-20
FUR-FU-10002759,Rotterdam Warehouse,122.0,24.0,In Stock,2026-07-20
OFF-LA-10002731,Singapore Warehouse,364.0,72.0,In Stock,2026-07-20
TEC-SAN-10002954,Chicago Warehouse,89.0,17.0,,2026-07-20
FUR-FU-10004188,Rotterdam Warehouse,,26.0,In Stock,20/07/2026
OFF-EN-10003073,Singapore Warehouse,499.0,99.0,In Stock,2026-07-20
TEC-STA-10004542,Chicago Warehouse,172.0,34.0,In Stock,2026-07-20
FUR-HON-10002941,Rotterdam Warehouse,86.0,17.0,In Stock,2026-07-20
OFF-SU-10001343,Singapore Warehouse,205.0,41.0,In Stock,2026-07-20
TEC-AC-10001311,Chicago Warehouse,103.0,20.0,In Stock,2026-07-20
FUR-TA-10002797,Rotterdam Warehouse,116.0,23.0,In Stock,2026-07-20
OFF-KRA-10004876,Singapore Warehouse,421.0,84.0,In Stock,2026-07-20
OFF-LA-10002895,Singapore Warehouse,408.0,81.0,In Stock,2026-07-20
OFF-LA-10000081,Singapore Warehouse,346.0,69.0,IN STOCK,2026-07-20
OFF-CAR-10001358,Singapore Warehouse,351.0,70.0,In Stock,2026-07-20
OFF-EN-10004030,Singapore Warehouse,223.0,44.0,In Stock,2026-07-20
FUR-BO-10001781,Rotterdam Warehouse,-62.0,12.0,In Stock,2026-07-20
TEC-AC-10001703,Chicago Warehouse,246.0,49.0,In Stock,
OFF-PA-10003115,Singapore Warehouse,473.0,94.0,In Stock,2026-07-20
OFF-ROG-10000566,Singapore Warehouse,496.0,99.0,In Stock,2026-07-20
OFF-BRE-10003382,,390.0,78.0,In Stock,20/07/2026
OFF-ST-10000485,Singapore Warehouse,220.0,44.0,In Stock,2026-07-20
OFF-SU-10004780,Singapore Warehouse,231.0,46.0,In Stock,2026-07-20
OFF-PA-10000304,Singapore Warehouse,216.0,43.0,In Stock,2026-07-20
OFF-BI-10002881,Singapore Warehouse,479.0,95.0,In Stock,2026-07-20
OFF-SU-10003509,Singapore Warehouse,361.0,72.0,In Stock,2026-07-20
TEC-MA-10000258,Chicago Warehouse,161.0,32.0,In Stock,2026-07-20
FUR-TA-10002885,Rotterdam Warehouse,129.0,25.0,In Stock,2026-07-20
OFF-PA-10001184,Singapore Warehouse,233.0,46.0,In Stock,2026-07-20
FUR-SAF-10000565,Rotterdam Warehouse,109.0,21.0,In Stock,2026-07-20
OFF-ACM-10001587,Singapore Warehouse,466.0,93.0,In Stock,20/07/2026
TEC-AC-10001874,Chicago Warehouse,242.0,48.0,In Stock,2026-07-20
FUR-BO-10001972,Rotterdam Warehouse,109.0,21.0,In Stock,2026-07-20
FUR-FU-10004422,Rotterdam Warehouse,109.0,21.0,In Stock,2026-07-20
FUR-CH-10002033,Rotterdam Warehouse,105.0,21.0,In Stock,2026-07-20
FUR-CH-10001944,Rotterdam Warehouse,122.0,24.0,In Stock,2026-07-20
FUR-BO-10000711,Rotterdam Warehouse,112.0,22.0,In Stock,2026-07-20
OFF-PA-10003681,Singapore Warehouse,248.0,49.0,In Stock,2026-07-20
OFF-EN-10001940,Singapore Warehouse,346.0,69.0,In Stock,2026-07-20
OFF-PA-10001409,Singapore Warehouse,345.0,69.0,In Stock,2026-07-20
OFF-WIL-10000777,Singapore Warehouse,462.0,92.0,In Stock,
OFF-BI-10000329,Singapore Warehouse,498.0,99.0,In Stock,2026-07-20
OFF-LA-10001417,Singapore Warehouse,474.0,94.0,In Stock,2026-07-20
OFF-TEN-10004210,Singapore Warehouse,294.0,58.0,In-Stock,2026-07-20
OFF-PA-10000562,Singapore Warehouse,295.0,59.0,In Stock,2026-07-20
FUR-CH-10003232,Rotterdam Warehouse,112.0,22.0,In Stock,2026-07-20
FUR-DAN-10001622,Rotterdam Warehouse,62.0,12.0,In Stock,2026-07-20
OFF-FA-10001670,Singapore Warehouse,372.0,74.0,In Stock,2026-07-20
OFF-EN-10004422,Singapore Warehouse,202.0,40.0,In Stock,2026-07-20
OFF-GRE-10004359,Singapore Warehouse,362.0,72.0,In Stock,2026-07-20
TEC-AC-10004114,Chicago Warehouse,170.0,34.0,In Stock,2026-07-20
OFF-ACM-10002131,Singapore Warehouse,314.0,62.0,In Stock,
TEC-MA-10003927,Chicago Warehouse,170.0,34.0,In Stock,2026-07-20
TEC-CO-10003448,Chicago Warehouse,96.0,19.0,In Stock,2026-07-20
TEC-PH-10003491,Chicago Warehouse,109.0,21.0,In Stock,2026-07-20
OFF-PA-10002338,Singapore Warehouse,399.0,79.0,In Stock,2026-07-20
OFF-PA-10001686,Singapore Warehouse,,77.0,In Stock,2026-07-20
OFF-EN-10004560,Singapore Warehouse,280.0,56.0,In Stock,2026-07-20
TEC-AC-10001688,Chicago Warehouse,206.0,41.0,In Stock,2026-07-20
TEC-CO-10004089,Chicago Warehouse,90.0,18.0,In Stock,2026-07-20
TEC-SAN-10000740,Chicago Warehouse,146.0,29.0,In Stock,2026-07-20
OFF-ST-10003929,Singapore Warehouse,382.0,76.0,In Stock,2026-07-20
OFF-FA-10003050,Singapore Warehouse,271.0,54.0,In Stock,2026-07-20
FUR-TA-10001496,Rotterdam Warehouse,93.0,18.0,In Stock,2026-07-20
OFF-AR-10003680,Singapore Warehouse,443.0,88.0,In Stock,2026-07-20
FUR-FU-10001252,Rotterdam Warehouse,83.0,16.0,In Stock,2026-07-20
TEC-CO-10001177,Chicago Warehouse,93.0,18.0,In Stock,2026-07-20
TEC-CIS-10000436,Chicago Warehouse,218.0,43.0,In Stock,2026-07-20
OFF-PA-10000919,Singapore Warehouse,475.0,95.0,In Stock,2026-07-20
OFF-AR-10000823,Singapore Warehouse,327.0,65.0,In Stock,2026-07-20
FUR-SAF-10002757,Rotterdam Warehouse,83.0,16.0,In Stock,2026-07-20
OFF-SU-10001992,Singapore Warehouse,363.0,72.0,In Stock,2026-07-20
FUR-CH-10003485,Rotterdam Warehouse,57.0,11.0,In Stock,2026-07-20
FUR-CH-10000422,Rotterdam Warehouse,50.0,10.0,IN STOCK,2026-07-20
FUR-TA-10000971,Rotterdam Warehouse,64.0,12.0,In Stock,2026-07-20
OFF-LA-10000760,Singapore Warehouse,420.0,84.0,In Stock,2026-07-20
OFF-AR-10001374,Singapore Warehouse,315.0,63.0,In Stock,2026-07-20
OFF-PA-10003270,Singapore Warehouse,375.0,75.0,In Stock,2026-07-20
FUR-CH-10001138,Rotterdam Warehouse,90.0,18.0,In Stock,2026-07-20
OFF-BI-10004534,Singapore Warehouse,459.0,91.0,In Stock,2026-07-20
TEC-CO-10002065,Chicago Warehouse,98.0,19.0,IN STOCK,2026-07-20
OFF-AR-10002783,Singapore Warehouse,233.0,46.0,In Stock,20/07/2026
FUR-CH-10002320,Rotterdam Warehouse,146.0,29.0,In Stock,2026-07-20
OFF-PA-10001818,Singapore Warehouse,293.0,58.0,In Stock,2026-07-20
OFF-SME-10000520,Singapore Warehouse,393.0,78.0,In Stock,2026-07-20
FUR-FU-10002250,Rotterdam Warehouse,145.0,29.0,In Stock,2026-07-20
FUR-FU-10000073,Rotterdam Warehouse,86.0,17.0,In Stock,2026-07-20
OFF-LA-10001038,Singapore Warehouse,468.0,93.0,In Stock,2026-07-20
FUR-CH-10001871,Rotterdam Warehouse,,20.0,In Stock,2026-07-20
OFF-AR-10004153,,288.0,57.0,In Stock,2026-07-20
OFF-FA-10004186,Singapore Warehouse,384.0,76.0,In Stock,2026-07-20
TEC-AC-10000712,Chicago Warehouse,85.0,17.0,In Stock,2026-07-20
TEC-CO-10000427,Chicago Warehouse,151.0,30.0,In Stock,2026-07-20
OFF-PA-10000994,Singapore Warehouse,268.0,53.0,In Stock,2026-07-20
TEC-PH-10003970,Chicago Warehouse ,215.0,43.0,In Stock,2026-07-20
TEC-PH-10001824,Chicago Warehouse,132.0,26.0,In Stock,2026-07-20
OFF-BI-10003650,Singapore Warehouse,316.0,63.0,In Stock,2026-07-20
OFF-AR-10003685,Singapore Warehouse,487.0,97.0,In Stock,2026-07-20
OFF-FA-10000856,Singapore Warehouse,486.0,-97.0,In Stock,2026-07-20
FUR-FU-10004579,Rotterdam Warehouse,140.0,28.0,In Stock,2026-07-20
OFF-SAN-10001634,Singapore Warehouse,364.0,72.0,In Stock,2026-07-20
TEC-AC-10004704,Chicago Warehouse,153.0,,In Stock,2026-07-20
FUR-BUS-10002192,Rotterdam Warehouse,93.0,18.0,,2026-07-20
OFF-AP-10004755,Singapore Warehouse,200.0,40.0,In Stock,20/07/2026
OFF-FA-10001561,Singapore Warehouse,220.0,44.0,In Stock,2026-07-20
FUR-BO-10001585,Rotterdam Warehouse,69.0,13.0,In Stock,2026-07-20
TEC-PH-10004093,Chicago Warehouse,160.0,32.0,In Stock,2026-07-20
FUR-TA-10002533,Rotterdam Warehouse,116.0,23.0,In Stock,2026-07-20
OFF-ST-10003805,Singapore Warehouse,428.0,85.0,In Stock,2026-07-20
OFF-FA-10000467,Singapore Warehouse,320.0,64.0,In Stock,2026-07-20
OFF-BI-10003527,Singapore Warehouse,236.0,47.0,In Stock,2026-07-20
OFF-AR-10000799,Singapore Warehouse,360.0,72.0,In Stock,2026-07-20
FUR-BO-10001646,Rotterdam Warehouse,60.0,12.0,In Stock,2026-07-20
TEC-NOK-10000002,Chicago Warehouse,151.0,30.0,In Stock,2026-07-20
TEC-AC-10004652,Chicago Warehouse,228.0,45.0,IN STOCK,2026-07-20
OFF-ENE-10003274,Singapore Warehouse,397.0,79.0,In Stock,2026-07-20
FUR-TA-10000323,Rotterdam Warehouse,55.0,11.0,In Stock,2026-07-20
FUR-BO-10000895,Rotterdam Warehouse,130.0,26.0,In Stock,2026-07-20
OFF-BI-10000821,Singapore Warehouse,407.0,81.0,In Stock,
OFF-FA-10002066,Singapore Warehouse,498.0,99.0,In Stock,2026-07-20
OFF-SU-10004846,Singapore Warehouse,220.0,44.0,In Stock,2026-07-20
OFF-AR-10003217,Singapore Warehouse,363.0,72.0,In Stock,2026-07-20
TEC-CAN-10004556,Chicago Warehouse ,188.0,37.0,In Stock,2026-07-20
FUR-TA-10000989,Rotterdam Warehouse,65.0,13.0,In Stock,2026-07-20
TEC-MA-10000261,Chicago Warehouse,159.0,31.0,IN STOCK,2026-07-20
FUR-HON-10001504,Rotterdam Warehouse,54.0,10.0,In Stock,2026-07-20
OFF-PA-10004185,,488.0,97.0,In Stock,2026-07-20
OFF-EAT-10004979,Singapore Warehouse,479.0,95.0,IN STOCK,20/07/2026
OFF-ST-10002466,Singapore Warehouse,293.0,58.0,In Stock,20/07/2026
FUR-FU-10003605,Rotterdam Warehouse,110.0,22.0,In Stock,2026-07-20
FUR-CH-10003336,Rotterdam Warehouse,128.0,25.0,In Stock,2026-07-20
OFF-AR-10004109,Singapore Warehouse,409.0,81.0,In Stock,2026-07-20
TEC-AC-10001696,Chicago Warehouse,190.0,38.0,In Stock,
TEC-LOG-10003539,Chicago Warehouse,95.0,19.0,In Stock,2026-07-20
OFF-LA-10000615,Singapore Warehouse,289.0,57.0,In Stock,2026-07-20
OFF-ST-10003017,Singapore Warehouse,250.0,50.0,In Stock,2026-07-20
TEC-AC-10003873,Chicago Warehouse,94.0,18.0,In Stock,2026-07-20
OFF-FA-10004533,Singapore Warehouse,226.0,45.0,In Stock,2026-07-20
OFF-LA-10004050,Singapore Warehouse,304.0,60.0,In Stock,
OFF-PA-10003455,Singapore Warehouse,353.0,70.0,In Stock,2026-07-20
OFF-EN-10004181,Singapore Warehouse,204.0,40.0,In Stock,2026-07-20
OFF-PA-10002479,Singapore Warehouse,469.0,93.0,In Stock,2026-07-20
TEC-PH-10001070,Chicago Warehouse,108.0,21.0,In Stock,2026-07-20
OFF-LA-10001297,Singapore Warehouse,436.0,87.0,In Stock,2026-07-20
TEC-MA-10003986,Chicago Warehouse,147.0,29.0,In Stock,2026-07-20
TEC-AC-10004877,Chicago Warehouse,139.0,27.0,IN STOCK,2026-07-20
FUR-BO-10001318,Rotterdam Warehouse,107.0,21.0,In Stock,2026-07-20
FUR-TA-10001095,Rotterdam Warehouse,80.0,16.0,In Stock,2026-07-20
OFF-ACC-10000497,Singapore Warehouse,244.0,48.0,In Stock,
TEC-PH-10004655,Chicago Warehouse,85.0,17.0,In Stock,2026-07-20
OFF-BI-10004541,Singapore Warehouse,477.0,95.0,In Stock,2026-07-20
OFF-FA-10001309,Singapore Warehouse,404.0,80.0,In Stock,2026-07-20
OFF-PA-10000474,Singapore Warehouse,234.0,46.0,,2026-07-20
FUR-CH-10002991,Rotterdam Warehouse,145.0,29.0,In Stock,2026-07-20
OFF-ST-10001558,Singapore Warehouse,423.0,84.0,In Stock,2026-07-20
OFF-PA-10004379,Singapore Warehouse,446.0,89.0,In Stock,2026-07-20
OFF-EN-10001768,Singapore Warehouse,216.0,43.0,In Stock,2026-07-20
OFF-BI-10004177,Singapore Warehouse,322.0,64.0,In Stock,2026-07-20
FUR-CH-10002203,Rotterdam Warehouse,53.0,10.0,In Stock,2026-07-20
TEC-PH-10003012,Chicago Warehouse,243.0,48.0,In Stock,2026-07-20
OFF-IBI-10001494,Singapore Warehouse,486.0,97.0,In Stock,20/07/2026
TEC-AC-10003469,Chicago Warehouse,155.0,31.0,In Stock,2026-07-20
OFF-ST-10002505,Singapore Warehouse,256.0,51.0,IN STOCK,2026-07-20
OFF-AR-10001915,Singapore Warehouse,470.0,94.0,In Stock,2026-07-20
OFF-EAT-10000854,Singapore Warehouse,345.0,69.0,In Stock,2026-07-20
FUR-FU-10004064,Rotterdam Warehouse,106.0,21.0,In Stock,2026-07-20
OFF-BI-10001717,Singapore Warehouse,500.0,100.0,IN STOCK,2026-07-20
TEC-PH-10001614,Chicago Warehouse,150.0,30.0,In Stock,20/07/2026
OFF-AR-10002417,Singapore Warehouse,403.0,80.0,In Stock,2026-07-20
OFF-AP-10003568,Singapore Warehouse,392.0,78.0,In Stock,2026-07-20
TEC-MA-10001695,Chicago Warehouse,178.0,35.0,In Stock,2026-07-20
OFF-FA-10000038,Singapore Warehouse,252.0,50.0,In Stock,2026-07-20
FUR-TA-10001089,Rotterdam Warehouse,68.0,13.0,In Stock,2026-07-20
OFF-ST-10004464,Singapore Warehouse,209.0,41.0,IN STOCK,2026-07-20
OFF-PA-10002259,Singapore Warehouse,374.0,74.0,In Stock,2026-07-20
TEC-MA-10003183,Chicago Warehouse ,114.0,22.0,In Stock,2026-07-20
OFF-SU-10002325,Singapore Warehouse,497.0,99.0,In Stock,2026-07-20
OFF-BI-10002075,Singapore Warehouse,346.0,69.0,In Stock,2026-07-20
OFF-AR-10001162,Singapore Warehouse,200.0,40.0,In Stock,2026-07-20
OFF-PA-10001950,Singapore Warehouse,289.0,57.0,In Stock,2026-07-20
OFF-PA-10003177,Singapore Warehouse,430.0,86.0,In Stock,2026-07-20
OFF-EN-10000761,Singapore Warehouse,236.0,47.0,In Stock,2026-07-20
FUR-BO-10001708,Rotterdam Warehouse,139.0,27.0,In Stock,2026-07-20
OFF-SU-10001894,Singapore Warehouse,494.0,98.0,In Stock,2026-07-20
TEC-HEW-10001908,Chicago Warehouse,193.0,38.0,In Stock,2026-07-20
FUR-TA-10002957,Rotterdam Warehouse,54.0,10.0,IN STOCK,2026-07-20
FUR-DEF-10000495,Rotterdam Warehouse,73.0,14.0,In Stock,2026-07-20
FUR-TA-10004308,Rotterdam Warehouse,143.0,28.0,In Stock,2026-07-20
OFF-AR-10002036,Singapore Warehouse,200.0,40.0,In Stock,2026-07-20
FUR-OFF-10003104,Rotterdam Warehouse,68.0,13.0,In Stock,2026-07-20
FUR-FU-10003849,Rotterdam Warehouse,106.0,21.0,In Stock,2026-07-20
TEC-PH-10003601,Chicago Warehouse ,137.0,27.0,In Stock,2026-07-20
TEC-AC-10004683,Chicago Warehouse,120.0,24.0,In Stock,2026-07-20
FUR-CH-10003836,Rotterdam Warehouse,78.0,15.0,In Stock,2026-07-20
TEC-STA-10003925,Chicago Warehouse,172.0,34.0,In Stock,2026-07-20
FUR-TA-10002571,Rotterdam Warehouse,94.0,18.0,In Stock,2026-07-20
FUR-CH-10001455,Rotterdam Warehouse,98.0,19.0,In Stock,2026-07-20
TEC-BRO-10001568,Chicago Warehouse,157.0,31.0,In Stock,2026-07-20
OFF-AP-10000691,Singapore Warehouse,260.0,52.0,In Stock,2026-07-20
OFF-PA-10001815,Singapore Warehouse,366.0,73.0,In Stock,2026-07-20
OFF-ST-10001214,Singapore Warehouse,,79.0,IN STOCK,2026-07-20
TEC-AC-10001258,Chicago Warehouse,132.0,26.0,In Stock,2026-07-20
OFF-GRE-10003943,,223.0,44.0,In Stock,2026-07-20
OFF-BI-10002393,Singapore Warehouse,410.0,82.0,In Stock,2026-07-20
TEC-MA-10004423,Chicago Warehouse,157.0,31.0,In-Stock,2026-07-20
OFF-ACC-10004430,Singapore Warehouse,494.0,98.0,In Stock,20/07/2026
OFF-PA-10002254,Singapore Warehouse ,411.0,82.0,In Stock,2026-07-20
OFF-PA-10003303,Singapore Warehouse,257.0,51.0,In Stock,2026-07-20
OFF-PA-10001970,Singapore Warehouse,420.0,84.0,In Stock,
FUR-CH-10002830,Rotterdam Warehouse,69.0,13.0,In Stock,2026-07-20
OFF-KLE-10002118,Singapore Warehouse,464.0,92.0,In Stock,2026-07-20
TEC-AC-10003081,Chicago Warehouse,194.0,38.0,In Stock,2026-07-20
OFF-FA-10001082,Singapore Warehouse,309.0,61.0,IN STOCK,2026-07-20
TEC-PH-10000879,Chicago Warehouse,140.0,28.0,In Stock,2026-07-20
OFF-EN-10001453,Singapore Warehouse,273.0,54.0,In Stock,2026-07-20
OFF-ST-10003648,Singapore Warehouse,394.0,78.0,In Stock,2026-07-20
OFF-SU-10001731,Singapore Warehouse,252.0,50.0,In Stock,2026-07-20
TEC-MA-10002242,Chicago Warehouse,210.0,42.0,In Stock,2026-07-20
TEC-EPS-10002920,Chicago Warehouse,193.0,38.0,In Stock,2026-07-20
TEC-CO-10000961,Chicago Warehouse,170.0,,In Stock,2026-07-20
OFF-LA-10000984,Singapore Warehouse,376.0,75.0,In Stock,2026-07-20
OFF-PA-10002968,Singapore Warehouse,318.0,63.0,In Stock,2026-07-20
TEC-CO-10000263,Chicago Warehouse,177.0,35.0,IN STOCK,2026-07-20
FUR-DAN-10004940,Rotterdam Warehouse,113.0,22.0,In Stock,2026-07-20
FUR-FU-10001438,Rotterdam Warehouse,128.0,25.0,In Stock,2026-07-20
OFF-AVE-10000585,Singapore Warehouse,289.0,57.0,In Stock,2026-07-20
OFF-PA-10002971,Singapore Warehouse,414.0,82.0,In Stock,2026-07-20
TEC-PH-10003439,Chicago Warehouse,217.0,43.0,In Stock,2026-07-20
OFF-WIL-10000164,Singapore Warehouse,230.0,46.0,In Stock,2026-07-20
TEC-PH-10004875,Chicago Warehouse,84.0,16.0,In Stock,2026-07-20
OFF-AVE-10002014,Singapore Warehouse,448.0,89.0,In Stock,20/07/2026
TEC-PH-10001198,Chicago Warehouse,175.0,35.0,In Stock,2026-07-20
TEC-PH-10002428,Chicago Warehouse,192.0,38.0,In Stock,2026-07-20
FUR-FU-10000482,Rotterdam Warehouse,68.0,13.0,In Stock,2026-07-20
OFF-AP-10004921,Singapore Warehouse,278.0,55.0,In Stock,2026-07-20
TEC-KON-10004774,Chicago Warehouse,82.0,16.0,In Stock,2026-07-20
TEC-CO-10002157,Chicago Warehouse,218.0,43.0,In Stock,2026-07-20
FUR-BO-10001641,Rotterdam Warehouse,54.0,10.0,In Stock,2026-07-20
OFF-PA-10000477,Singapore Warehouse,,82.0,In Stock,2026-07-20
OFF-ST-10000557,Singapore Warehouse,320.0,64.0,In Stock,2026-07-20
OFF-PA-10003016,Singapore Warehouse,295.0,59.0,In Stock,2026-07-20
OFF-PA-10003796,Singapore Warehouse,339.0,67.0,In Stock,2026-07-20
OFF-PA-10000210,Singapore Warehouse,341.0,68.0,In Stock,2026-07-20
OFF-LA-10002635,Singapore Warehouse,319.0,63.0,In Stock,2026-07-20
OFF-BI-10000138,Singapore Warehouse,393.0,78.0,In Stock,2026-07-20
OFF-AP-10003079,Singapore Warehouse,444.0,88.0,In Stock,2026-07-20
TEC-AC-10002815,Chicago Warehouse,165.0,33.0,In Stock,2026-07-20
OFF-AR-10002816,Singapore Warehouse,434.0,86.0,IN STOCK,2026-07-20
OFF-JIF-10004777,Singapore Warehouse,209.0,41.0,In Stock,2026-07-20
OFF-STI-10002245,Singapore Warehouse,378.0,75.0,In Stock,2026-07-20
FUR-CH-10001663,Rotterdam Warehouse,,17.0,In Stock,2026-07-20
OFF-AR-10003245,Singapore Warehouse,408.0,81.0,In Stock,2026-07-20
FUR-FU-10002019,Rotterdam Warehouse,124.0,24.0,In Stock,2026-07-20
OFF-SU-10000272,Singapore Warehouse,270.0,54.0,In Stock,2026-07-20
OFF-BI-10004098,Singapore Warehouse,391.0,78.0,In Stock,2026-07-20
FUR-BAR-10000560,Rotterdam Warehouse,62.0,12.0,In Stock,2026-07-20
OFF-ST-10002615,Singapore Warehouse,470.0,94.0,In Stock,2026-07-20
OFF-PA-10000752,Singapore Warehouse,495.0,,In Stock,2026-07-20
OFF-PA-10000167,Singapore Warehouse,455.0,91.0,In Stock,2026-07-20
OFF-AP-10001067,Singapore Warehouse,347.0,69.0,In Stock,2026-07-20
OFF-LA-10004409,Singapore Warehouse,217.0,43.0,In Stock,2026-07-20
OFF-BI-10002278,Singapore Warehouse,272.0,54.0,In Stock,2026-07-20
OFF-AP-10001254,Singapore Warehouse,339.0,67.0,In Stock,2026-07-20
OFF-ELI-10002160,Singapore Warehouse,374.0,74.0,In Stock,2026-07-20
FUR-TA-10000360,Rotterdam Warehouse,128.0,25.0,In Stock,2026-07-20
OFF-SAN-10000335,Singapore Warehouse,414.0,82.0,In Stock,
OFF-ST-10000036,Singapore Warehouse,497.0,99.0,In Stock,2026-07-20
OFF-FA-10002058,Singapore Warehouse,,89.0,In Stock,2026-07-20
FUR-CH-10003982,Rotterdam Warehouse,87.0,17.0,In Stock,2026-07-20
OFF-LA-10000519,Singapore Warehouse,497.0,99.0,In Stock,2026-07-20
TEC-AC-10000110,Chicago Warehouse,197.0,39.0,In Stock,2026-07-20
TEC-AC-10001355,Chicago Warehouse,88.0,17.0,In Stock,20/07/2026
OFF-SME-10002870,Singapore Warehouse,266.0,53.0,In Stock,2026-07-20
OFF-FA-10003595,Singapore Warehouse,317.0,63.0,In Stock,2026-07-20
OFF-AP-10001682,,264.0,52.0,In Stock,2026-07-20
TEC-MA-10001411,Chicago Warehouse,150.0,30.0,In Stock,2026-07-20
FUR-BO-10004218,Rotterdam Warehouse,67.0,13.0,In Stock,2026-07-20
OFF-PA-10000289,Singapore Warehouse,481.0,96.0,In Stock,2026-07-20
TEC-MA-10004954,Chicago Warehouse,181.0,36.0,In Stock,2026-07-20
OFF-PA-10000382,Singapore Warehouse,336.0,67.0,IN STOCK,2026-07-20
OFF-FA-10003378,Singapore Warehouse,267.0,53.0,In Stock,2026-07-20
OFF-AP-10004415,Singapore Warehouse,372.0,74.0,In Stock,2026-07-20
OFF-PA-10000528,Singapore Warehouse,399.0,79.0,In Stock,2026-07-20
OFF-AR-10001545,Singapore Warehouse,330.0,66.0,IN STOCK,2026-07-20
OFF-SU-10002653,Singapore Warehouse,383.0,76.0,In Stock,2026-07-20
OFF-IBI-10002637,Singapore Warehouse,307.0,61.0,In Stock,2026-07-20
TEC-CO-10001628,Chicago Warehouse,121.0,24.0,In Stock,2026-07-20
FUR-CH-10002212,Rotterdam Warehouse,141.0,28.0,In Stock,2026-07-20
TEC-MA-10003886,Chicago Warehouse,169.0,33.0,In Stock,2026-07-20
OFF-FA-10002763,Singapore Warehouse,318.0,63.0,In Stock,2026-07-20
OFF-BI-10002005,Singapore Warehouse,404.0,80.0,IN STOCK,2026-07-20
OFF-BRE-10004436,Singapore Warehouse,385.0,77.0,In Stock,2026-07-20
OFF-EN-10004604,Singapore Warehouse,400.0,80.0,In Stock,2026-07-20
TEC-AC-10001364,Chicago Warehouse,152.0,30.0,In Stock,2026-07-20
TEC-SHA-10003670,Chicago Warehouse,157.0,31.0,In Stock,2026-07-20
OFF-EN-10002873,Singapore Warehouse,379.0,75.0,In-Stock,2026-07-20
FUR-BO-10004053,Rotterdam Warehouse,147.0,29.0,In Stock,2026-07-20
OFF-BI-10002982,Singapore Warehouse,254.0,50.0,In Stock,2026-07-20
TEC-AC-10000710,Chicago Warehouse,221.0,44.0,In Stock,20/07/2026
OFF-HON-10002456,Singapore Warehouse ,254.0,50.0,In Stock,2026-07-20
FUR-TA-10004801,Rotterdam Warehouse,115.0,23.0,In Stock,2026-07-20
FUR-TA-10004154,Rotterdam Warehouse,89.0,17.0,In Stock,2026-07-20
OFF-EN-10004909,Singapore Warehouse,311.0,62.0,In Stock,2026-07-20
TEC-AC-10003180,,117.0,23.0,In Stock,2026-07-20
OFF-ST-10002292,Singapore Warehouse,460.0,92.0,In Stock,2026-07-20
OFF-HAR-10000681,Singapore Warehouse,485.0,97.0,In Stock,20/07/2026
FUR-CH-10002974,Rotterdam Warehouse,101.0,20.0,In Stock,2026-07-20
OFF-AR-10000937,Singapore Warehouse,239.0,47.0,IN STOCK,20/07/2026
OFF-PA-10003380,Singapore Warehouse,249.0,49.0,In Stock,2026-07-20
FUR-BO-10004162,Rotterdam Warehouse,140.0,28.0,In Stock,2026-07-20
OFF-FA-10000179,Singapore Warehouse,340.0,68.0,In Stock,2026-07-20
OFF-BI-10002681,Singapore Warehouse,211.0,42.0,In Stock,2026-07-20
FUR-FU-10001200,Rotterdam Warehouse,91.0,18.0,In Stock,2026-07-20
OFF-PA-10000791,Singapore Warehouse,457.0,91.0,In Stock,2026-07-20
FUR-SAU-10003872,Rotterdam Warehouse,142.0,28.0,In Stock,2026-07-20
OFF-FA-10003615,Singapore Warehouse,459.0,91.0,In Stock,2026-07-20
FUR-CH-10003558,Rotterdam Warehouse,106.0,21.0,In Stock,2026-07-20
OFF-BI-10002524,Singapore Warehouse,333.0,66.0,In Stock,2026-07-20
FUR-FU-10004995,Rotterdam Warehouse,61.0,12.0,In Stock,2026-07-20
OFF-SU-10000343,Singapore Warehouse,294.0,58.0,In Stock,2026-07-20
TEC-MA-10004212,Chicago Warehouse,122.0,24.0,In Stock,2026-07-20
FUR-FU-10003806,Rotterdam Warehouse,117.0,23.0,In Stock,2026-07-20
FUR-FU-10000163,Rotterdam Warehouse,63.0,12.0,In Stock,2026-07-20
OFF-BI-10004716,Singapore Warehouse,207.0,41.0,In Stock,2026-07-20
OFF-ST-10000952,Singapore Warehouse,396.0,79.0,IN STOCK,2026-07-20
OFF-AP-10000806,Singapore Warehouse,349.0,,In Stock,2026-07-20
OFF-SU-10001683,Singapore Warehouse ,391.0,78.0,In Stock,2026-07-20
FUR-FU-10001876,Rotterdam Warehouse,,11.0,In Stock,2026-07-20
OFF-AP-10004274,Singapore Warehouse,241.0,48.0,In Stock,2026-07-20
OFF-EN-10002263,Singapore Warehouse,459.0,91.0,In Stock,20/07/2026
OFF-ST-10003741,Singapore Warehouse,455.0,91.0,In Stock,2026-07-20
FUR-FU-10004640,Rotterdam Warehouse ,122.0,24.0,In Stock,2026-07-20
OFF-SU-10004119,Singapore Warehouse,305.0,61.0,In Stock,2026-07-20
OFF-SU-10000782,Singapore Warehouse,222.0,44.0,In Stock,2026-07-20
TEC-CO-10003262,Chicago Warehouse,230.0,46.0,In Stock,2026-07-20
OFF-EN-10004571,Singapore Warehouse,242.0,48.0,In Stock,2026-07-20
OFF-XER-10003495,Singapore Warehouse,432.0,86.0,In Stock,2026-07-20
TEC-PH-10003177,Chicago Warehouse,104.0,20.0,In Stock,2026-07-20
FUR-BO-10003828,Rotterdam Warehouse,59.0,11.0,In Stock,2026-07-20
TEC-MA-10002864,Chicago Warehouse,193.0,38.0,In Stock,2026-07-20
TEC-PH-10003772,Chicago Warehouse,134.0,26.0,In Stock,2026-07-20
OFF-SU-10004782,Singapore Warehouse,340.0,68.0,In Stock,20/07/2026
OFF-ST-10003995,Singapore Warehouse,466.0,93.0,In Stock,2026-07-20
OFF-AR-10001479,Singapore Warehouse,437.0,87.0,In Stock,2026-07-20
OFF-FA-10004474,Singapore Warehouse,464.0,92.0,In Stock,2026-07-20
OFF-ST-10001414,Singapore Warehouse,468.0,93.0,In Stock,2026-07-20
OFF-ST-10002105,Singapore Warehouse,457.0,91.0,In Stock,2026-07-20
OFF-BI-10001275,Singapore Warehouse,227.0,45.0,In Stock,2026-07-20
OFF-PA-10002499,Singapore Warehouse,374.0,74.0,In Stock,2026-07-20
FUR-CH-10000969,Rotterdam Warehouse,53.0,10.0,In Stock,2026-07-20
FUR-BO-10000468,Rotterdam Warehouse,129.0,25.0,In Stock,2026-07-20
OFF-AR-10003179,Singapore Warehouse,235.0,47.0,In Stock,2026-07-20
OFF-FA-10000631,Singapore Warehouse,426.0,85.0,In Stock,2026-07-20
OFF-LA-10000897,Singapore Warehouse,393.0,78.0,In Stock,2026-07-20
OFF-ST-10001026,Singapore Warehouse,471.0,94.0,In Stock,2026-07-20
FUR-SAF-10001873,Rotterdam Warehouse,130.0,26.0,In Stock,2026-07-20
OFF-BI-10004233,Singapore Warehouse,319.0,63.0,,2026-07-20
TEC-PH-10002170,Chicago Warehouse,200.0,40.0,In Stock,2026-07-20
OFF-ST-10004702,Singapore Warehouse,267.0,53.0,In Stock,
OFF-FA-10002308,Singapore Warehouse,373.0,74.0,In Stock,2026-07-20
OFF-FA-10003318,Singapore Warehouse,367.0,73.0,IN STOCK,2026-07-20
TEC-PH-10004618,Chicago Warehouse,171.0,34.0,In Stock,2026-07-20
FUR-FU-10000813,Rotterdam Warehouse,102.0,20.0,In Stock,2026-07-20
OFF-AP-10000600,Singapore Warehouse,282.0,56.0,In Stock,2026-07-20
FUR-SAU-10003188,Rotterdam Warehouse,140.0,28.0,In Stock,20/07/2026
OFF-AR-10002897,Singapore Warehouse,227.0,45.0,In Stock,2026-07-20
TEC-AC-10002076,Chicago Warehouse,90.0,18.0,In Stock,2026-07-20
FUR-TA-10001980,Rotterdam Warehouse,98.0,19.0,In Stock,2026-07-20
FUR-CH-10002126,Rotterdam Warehouse,120.0,24.0,In Stock,2026-07-20
OFF-AP-10001504,Singapore Warehouse,305.0,61.0,In Stock,2026-07-20
OFF-PA-10003715,Singapore Warehouse,475.0,95.0,In Stock,2026-07-20
FUR-CH-10002247,Rotterdam Warehouse,101.0,20.0,In Stock,2026-07-20
TEC-PH-10001700,Chicago Warehouse,93.0,18.0,In Stock,2026-07-20
OFF-BI-10002594,Singapore Warehouse,384.0,76.0,In Stock,2026-07-20
FUR-CH-10001153,Rotterdam Warehouse,127.0,25.0,In Stock,2026-07-20
FUR-FU-10002539,Rotterdam Warehouse,115.0,23.0,In Stock,2026-07-20
FUR-CH-10003107,Rotterdam Warehouse,108.0,21.0,In Stock,2026-07-20
OFF-STA-10004108,Singapore Warehouse,385.0,77.0,In Stock,2026-07-20
OFF-BI-10000042,Singapore Warehouse,373.0,74.0,In Stock,20/07/2026
FUR-TA-10001539,Rotterdam Warehouse,141.0,28.0,In Stock,2026-07-20
OFF-FA-10001843,Singapore Warehouse,290.0,58.0,In Stock,2026-07-20
OFF-PA-10003129,Singapore Warehouse,486.0,97.0,In Stock,2026-07-20
TEC-MA-10003146,Chicago Warehouse,149.0,29.0,In Stock,2026-07-20
OFF-LA-10001672,Singapore Warehouse,451.0,90.0,In Stock,2026-07-20
FUR-TA-10001226,Rotterdam Warehouse,110.0,22.0,In Stock,2026-07-20
FUR-CH-10000089,Rotterdam Warehouse,50.0,10.0,In Stock,2026-07-20
OFF-AR-10001419,Singapore Warehouse,476.0,95.0,In Stock,2026-07-20
TEC-AC-10002881,Chicago Warehouse,181.0,36.0,In Stock,2026-07-20
OFF-CAM-10004002,Singapore Warehouse ,250.0,50.0,In Stock,2026-07-20
FUR-BO-10002387,Rotterdam Warehouse,56.0,11.0,In Stock,2026-07-20
OFF-EN-10002559,Singapore Warehouse,399.0,79.0,In Stock,2026-07-20
OFF-EN-10004453,Singapore Warehouse,208.0,41.0,In Stock,2026-07-20
TEC-MEM-10000178,Chicago Warehouse,224.0,44.0,In Stock,2026-07-20
OFF-STI-10002040,Singapore Warehouse,225.0,45.0,In Stock,2026-07-20
FUR-BO-10003007,Rotterdam Warehouse,50.0,10.0,In Stock,2026-07-20
TEC-BEL-10003896,Chicago Warehouse,207.0,41.0,In Stock,2026-07-20
FUR-DEF-10000622,Rotterdam Warehouse,124.0,24.0,,2026-07-20
OFF-AR-10002833,Singapore Warehouse,348.0,69.0,In Stock,2026-07-20
OFF-EN-10003939,Singapore Warehouse,,41.0,In Stock,2026-07-20
TEC-AC-10003668,Chicago Warehouse,193.0,38.0,In Stock,2026-07-20
OFF-BI-10001622,Singapore Warehouse,337.0,67.0,IN STOCK,2026-07-20
OFF-AP-10004980,Singapore Warehouse,232.0,46.0,In Stock,2026-07-20
OFF-ELI-10004597,Singapore Warehouse,429.0,85.0,In Stock,2026-07-20
OFF-PA-10000588,Singapore Warehouse,317.0,,,2026-07-20
OFF-BI-10000829,Singapore Warehouse,259.0,51.0,In Stock,2026-07-20
OFF-CAM-10002159,Singapore Warehouse,493.0,98.0,In Stock,2026-07-20
TEC-PH-10003511,Chicago Warehouse,172.0,34.0,In Stock,2026-07-20
OFF-ST-10001413,Singapore Warehouse,,64.0,In Stock,2026-07-20
OFF-AR-10003066,Singapore Warehouse,333.0,66.0,In Stock,2026-07-20
OFF-ST-10003807,Singapore Warehouse,236.0,47.0,In Stock,2026-07-20
TEC-CO-10001196,Chicago Warehouse,166.0,33.0,In Stock,2026-07-20
OFF-ST-10000642,Singapore Warehouse,417.0,83.0,In Stock,2026-07-20
OFF-AP-10001565,Singapore Warehouse,391.0,78.0,In Stock,2026-07-20
OFF-SU-10003665,Singapore Warehouse,211.0,42.0,In Stock,2026-07-20
TEC-CO-10004701,Chicago Warehouse,157.0,31.0,In Stock,2026-07-20
OFF-BI-10001362,Singapore Warehouse,282.0,56.0,In Stock,2026-07-20
TEC-MA-10002998,Chicago Warehouse ,163.0,,In Stock,
OFF-AR-10001752,Singapore Warehouse,323.0,64.0,In Stock,2026-07-20
FUR-FU-10003420,Rotterdam Warehouse,99.0,19.0,In Stock,2026-07-20
FUR-BO-10004648,Rotterdam Warehouse,94.0,18.0,In Stock,2026-07-20
TEC-PH-10002932,Chicago Warehouse,163.0,32.0,In Stock,2026-07-20
OFF-AR-10001336,Singapore Warehouse,272.0,54.0,In Stock,2026-07-20
TEC-AC-10004761,Chicago Warehouse,207.0,41.0,In Stock,2026-07-20
OFF-FA-10004626,Singapore Warehouse,261.0,52.0,In Stock,2026-07-20
OFF-ELD-10002207,Singapore Warehouse,230.0,46.0,In Stock,2026-07-20
TEC-CIS-10002598,Chicago Warehouse,220.0,,In Stock,2026-07-20
OFF-AP-10004168,Singapore Warehouse,372.0,74.0,In Stock,2026-07-20
OFF-PA-10000659,Singapore Warehouse,369.0,73.0,In Stock,2026-07-20
OFF-PA-10001800,Singapore Warehouse,244.0,48.0,In Stock,2026-07-20
OFF-BOS-10002558,Singapore Warehouse,223.0,44.0,,2026-07-20
TEC-PH-10003927,Chicago Warehouse,249.0,,In Stock,2026-07-20
TEC-KON-10002050,Chicago Warehouse,234.0,46.0,In Stock,2026-07-20
OFF-BI-10003919,Singapore Warehouse,,98.0,In Stock,2026-07-20
OFF-KIT-10002357,Singapore Warehouse,416.0,83.0,In Stock,2026-07-20
OFF-TEN-10000360,Singapore Warehouse,301.0,60.0,,2026-07-20
OFF-AP-10004698,Singapore Warehouse,416.0,83.0,In Stock,2026-07-20
FUR-CH-10004609,Rotterdam Warehouse,145.0,29.0,In Stock,20/07/2026
TEC-AC-10000580,Chicago Warehouse,148.0,29.0,In Stock,2026-07-20
TEC-PH-10004522,Chicago Warehouse,214.0,42.0,In Stock,2026-07-20
TEC-PH-10002076,Chicago Warehouse,249.0,49.0,In Stock,2026-07-20
TEC-CO-10000222,Chicago Warehouse,201.0,40.0,In Stock,2026-07-20
OFF-EN-10003111,Singapore Warehouse,398.0,79.0,In Stock,2026-07-20
OFF-BI-10004209,Singapore Warehouse,319.0,63.0,In Stock,2026-07-20
TEC-CO-10001674,Chicago Warehouse,194.0,38.0,In Stock,2026-07-20
OFF-AP-10001492,Singapore Warehouse,393.0,78.0,In Stock,2026-07-20
TEC-MA-10002093,Chicago Warehouse,124.0,24.0,In Stock,2026-07-20
OFF-HON-10001783,Singapore Warehouse,348.0,69.0,In Stock,2026-07-20
FUR-TA-10002972,Rotterdam Warehouse,67.0,13.0,In Stock,2026-07-20
FUR-HAR-10002288,Rotterdam Warehouse,62.0,12.0,In Stock,2026-07-20
FUR-BO-10002613,Rotterdam Warehouse,146.0,29.0,In Stock,2026-07-20
OFF-BI-10000590,Singapore Warehouse,434.0,86.0,In Stock,2026-07-20
TEC-CO-10002197,Chicago Warehouse,120.0,,In Stock,2026-07-20
OFF-AR-10002380,Singapore Warehouse ,379.0,,In Stock,2026-07-20
OFF-PA-10002363,Singapore Warehouse,480.0,96.0,IN STOCK,2026-07-20
OFF-BOS-10000477,Singapore Warehouse,225.0,45.0,In Stock,2026-07-20
OFF-LA-10004848,Singapore Warehouse,391.0,78.0,In Stock,2026-07-20
TEC-AC-10004812,Chicago Warehouse,179.0,35.0,In Stock,2026-07-20
TEC-MA-10002701,Chicago Warehouse,127.0,25.0,In Stock,2026-07-20
FUR-FU-10002122,Rotterdam Warehouse,64.0,12.0,In Stock,2026-07-20
TEC-CIS-10000791,Chicago Warehouse,123.0,24.0,In Stock,2026-07-20
TEC-AC-10003711,Chicago Warehouse,183.0,36.0,IN STOCK,2026-07-20
FUR-BO-10000214,Rotterdam Warehouse,87.0,17.0,IN STOCK,2026-07-20
OFF-BI-10002682,Singapore Warehouse,487.0,97.0,IN STOCK,2026-07-20
OFF-FA-10003962,Singapore Warehouse,486.0,97.0,In Stock,2026-07-20
OFF-AME-10004759,Singapore Warehouse,277.0,55.0,In Stock,2026-07-20
FUR-FU-10004923,Rotterdam Warehouse,98.0,19.0,In Stock,2026-07-20
OFF-ACC-10003745,Singapore Warehouse,297.0,59.0,In Stock,2026-07-20
TEC-APP-10004049,Chicago Warehouse,228.0,45.0,In Stock,2026-07-20
OFF-AR-10003890,Singapore Warehouse,404.0,80.0,In Stock,2026-07-20
OFF-LA-10004345,Singapore Warehouse,464.0,92.0,In Stock,2026-07-20
TEC-PH-10001066,Chicago Warehouse,89.0,17.0,In Stock,2026-07-20
OFF-AP-10001510,Singapore Warehouse,463.0,92.0,In Stock,
OFF-FA-10003631,Singapore Warehouse,353.0,70.0,In Stock,2026-07-20
OFF-AR-10004594,Singapore Warehouse,403.0,80.0,In Stock,2026-07-20
OFF-AR-10001110,Singapore Warehouse,403.0,80.0,In Stock,2026-07-20
OFF-PA-10003273,Singapore Warehouse,464.0,92.0,In Stock,2026-07-20
FUR-FU-10004790,Rotterdam Warehouse,125.0,25.0,In Stock,2026-07-20
OFF-ST-10002406,Singapore Warehouse,412.0,82.0,In Stock,2026-07-20
TEC-PH-10000160,Chicago Warehouse,98.0,19.0,In Stock,2026-07-20
FUR-SAF-10002557,Rotterdam Warehouse,133.0,26.0,In Stock,2026-07-20
FUR-FU-10004017,Rotterdam Warehouse,62.0,12.0,In Stock,2026-07-20
OFF-SU-10001535,Singapore Warehouse,322.0,64.0,In Stock,2026-07-20
TEC-CO-10004961,Chicago Warehouse,184.0,36.0,In Stock,2026-07-20
OFF-BI-10003774,Singapore Warehouse,463.0,92.0,In Stock,2026-07-20
OFF-EN-10004744,Singapore Warehouse,429.0,85.0,In Stock,2026-07-20
OFF-PA-10002250,Singapore Warehouse,209.0,41.0,IN STOCK,2026-07-20
TEC-SAM-10004940,Chicago Warehouse,120.0,24.0,In Stock,2026-07-20
FUR-FU-10001142,Rotterdam Warehouse,127.0,25.0,In Stock,2026-07-20
TEC-SAM-10001131,Chicago Warehouse,149.0,29.0,In Stock,20/07/2026
OFF-ST-10003810,Singapore Warehouse,420.0,84.0,In Stock,2026-07-20
TEC-AC-10003921,Chicago Warehouse,240.0,48.0,In Stock,2026-07-20
FUR-BO-10003530,Rotterdam Warehouse,90.0,18.0,In Stock,2026-07-20
OFF-BI-10002222,Singapore Warehouse,388.0,77.0,In Stock,2026-07-20
FUR-CH-10002940,Rotterdam Warehouse,50.0,10.0,In Stock,2026-07-20
OFF-PA-10003699,Singapore Warehouse,462.0,92.0,In Stock,2026-07-20
OFF-AP-10002499,Singapore Warehouse,474.0,94.0,In Stock,2026-07-20
OFF-ST-10004800,Singapore Warehouse,277.0,55.0,In Stock,2026-07-20
OFF-ST-10000798,Singapore Warehouse,266.0,53.0,In Stock,2026-07-20
TEC-AC-10001616,Chicago Warehouse,109.0,21.0,In Stock,2026-07-20
OFF-PA-10004734,Singapore Warehouse,465.0,93.0,In Stock,2026-07-20
TEC-PH-10000841,Chicago Warehouse,142.0,28.0,In Stock,2026-07-20
FUR-TA-10001968,Rotterdam Warehouse,74.0,14.0,In Stock,
FUR-FU-10001602,Rotterdam Warehouse,115.0,23.0,In Stock,2026-07-20
OFF-BI-10003616,Singapore Warehouse,208.0,41.0,In Stock,2026-07-20
OFF-PA-10002666,Singapore Warehouse,-486.0,97.0,In Stock,2026-07-20
OFF-AR-10001812,Singapore Warehouse,453.0,90.0,In Stock,2026-07-20
OFF-AR-10002280,Singapore Warehouse,444.0,88.0,In Stock,2026-07-20
OFF-BI-10004868,Singapore Warehouse,387.0,,In Stock,2026-07-20
OFF-AP-10004186,Singapore Warehouse,250.0,50.0,In Stock,2026-07-20
OFF-FIS-10002759,Singapore Warehouse,464.0,92.0,In Stock,2026-07-20
FUR-CH-10003817,Rotterdam Warehouse,111.0,22.0,In Stock,2026-07-20
TEC-CO-10001407,Chicago Warehouse,149.0,29.0,,2026-07-20
OFF-TEN-10000433,Singapore Warehouse,428.0,85.0,In Stock,20/07/2026
OFF-LA-10001541,Singapore Warehouse,392.0,78.0,In Stock,2026-07-20
FUR-FU-10002191,Rotterdam Warehouse,123.0,24.0,In Stock,2026-07-20
TEC-STA-10001407,Chicago Warehouse,139.0,27.0,,
OFF-EN-10002003,Singapore Warehouse,253.0,50.0,In Stock,2026-07-20
OFF-ST-10001142,Singapore Warehouse,481.0,96.0,In Stock,2026-07-20
OFF-BOS-10003113,Singapore Warehouse,497.0,99.0,In Stock,2026-07-20
FUR-BO-10003881,Rotterdam Warehouse,133.0,26.0,In Stock,2026-07-20
OFF-EN-10004459,Singapore Warehouse,367.0,73.0,In Stock,2026-07-20
OFF-AME-10002923,Singapore Warehouse,254.0,50.0,IN STOCK,2026-07-20
FUR-FU-10001691,Rotterdam Warehouse,124.0,24.0,In Stock,2026-07-20
OFF-PA-10000206,Singapore Warehouse,494.0,98.0,In Stock,20/07/2026
FUR-CH-10001282,Rotterdam Warehouse ,90.0,18.0,In Stock,2026-07-20
OFF-BI-10001150,Singapore Warehouse,306.0,61.0,In Stock,2026-07-20
TEC-AC-10003554,Chicago Warehouse,113.0,22.0,In Stock,2026-07-20
OFF-AR-10003028,Singapore Warehouse,266.0,53.0,In Stock,2026-07-20
OFF-SAN-10003368,Singapore Warehouse,209.0,41.0,In Stock,2026-07-20
FUR-BO-10000820,,140.0,28.0,In Stock,2026-07-20
OFF-BI-10004712,Singapore Warehouse,444.0,88.0,In Stock,2026-07-20
OFF-ST-10000300,Singapore Warehouse,229.0,45.0,In Stock,2026-07-20
OFF-AR-10004990,Singapore Warehouse,270.0,54.0,In Stock,2026-07-20
OFF-AR-10001192,Singapore Warehouse,421.0,84.0,In Stock,2026-07-20
OFF-BI-10003633,Singapore Warehouse,,52.0,In Stock,2026-07-20
OFF-JIF-10002454,Singapore Warehouse,294.0,58.0,,2026-07-20
OFF-EN-10000857,Singapore Warehouse,354.0,70.0,In Stock,2026-07-20
OFF-BI-10004042,Singapore Warehouse,289.0,,In Stock,2026-07-20
OFF-LA-10001924,Singapore Warehouse,254.0,50.0,In Stock,2026-07-20
TEC-MA-10000772,Chicago Warehouse,244.0,48.0,In Stock,2026-07-20
TEC-AC-10004808,Chicago Warehouse,163.0,32.0,,2026-07-20
OFF-AVE-10002102,Singapore Warehouse,229.0,45.0,In Stock,2026-07-20
OFF-FA-10002177,Singapore Warehouse,489.0,97.0,In Stock,2026-07-20
OFF-HAM-10004917,Singapore Warehouse,392.0,78.0,In Stock,2026-07-20
FUR-FU-10000850,Rotterdam Warehouse,103.0,20.0,In Stock,2026-07-20
FUR-RUB-10002507,Rotterdam Warehouse,124.0,24.0,In Stock,2026-07-20
OFF-BI-10002386,Singapore Warehouse,258.0,51.0,In Stock,2026-07-20
TEC-AC-10002649,Chicago Warehouse,247.0,49.0,In Stock,2026-07-20
OFF-BI-10003012,Singapore Warehouse,395.0,79.0,In Stock,2026-07-20
FUR-FU-10000521,Rotterdam Warehouse,121.0,24.0,In Stock,2026-07-20
OFF-ST-10004368,Singapore Warehouse,324.0,64.0,In Stock,2026-07-20
OFF-EN-10002634,Singapore Warehouse,452.0,90.0,In Stock,2026-07-20
OFF-AR-10000185,Singapore Warehouse,489.0,97.0,In Stock,20/07/2026
FUR-TA-10004826,Rotterdam Warehouse,148.0,29.0,In Stock,2026-07-20
TEC-AC-10000991,Chicago Warehouse,219.0,43.0,In Stock,2026-07-20
OFF-AR-10001278,Singapore Warehouse,436.0,87.0,In Stock,2026-07-20
OFF-PA-10002616,Singapore Warehouse,246.0,49.0,In Stock,2026-07-20
OFF-EN-10001712,Singapore Warehouse,262.0,52.0,In Stock,2026-07-20
OFF-LA-10002943,Singapore Warehouse,276.0,55.0,In Stock,2026-07-20
OFF-PA-10001745,Singapore Warehouse,241.0,48.0,In Stock,2026-07-20
TEC-BEL-10002516,Chicago Warehouse,212.0,42.0,In Stock,2026-07-20
TEC-CO-10000771,Chicago Warehouse,231.0,46.0,In Stock,2026-07-20
OFF-BI-10003392,Singapore Warehouse,426.0,85.0,IN STOCK,2026-07-20
OFF-AP-10000615,Singapore Warehouse,432.0,86.0,In Stock,2026-07-20
FUR-FU-10003362,Rotterdam Warehouse,111.0,22.0,In Stock,2026-07-20
TEC-CO-10000137,Chicago Warehouse,202.0,40.0,In Stock,2026-07-20
FUR-BO-10004567,Rotterdam Warehouse,75.0,15.0,In Stock,2026-07-20
OFF-AP-10002709,Singapore Warehouse ,460.0,92.0,In Stock,2026-07-20
OFF-ELD-10000024,Singapore Warehouse,208.0,41.0,In Stock,2026-07-20
OFF-SU-10000150,Singapore Warehouse,422.0,84.0,In Stock,2026-07-20
TEC-PH-10002898,Chicago Warehouse ,250.0,50.0,In Stock,2026-07-20
OFF-BI-10001399,Singapore Warehouse,395.0,79.0,In Stock,2026-07-20
OFF-ACC-10002327,Singapore Warehouse,239.0,47.0,In Stock,20/07/2026
TEC-AC-10004864,Chicago Warehouse ,191.0,38.0,IN STOCK,2026-07-20
OFF-EN-10001975,Singapore Warehouse,230.0,46.0,In Stock,2026-07-20
OFF-PA-10003134,Singapore Warehouse,441.0,88.0,In Stock,2026-07-20
FUR-TA-10002101,Rotterdam Warehouse,110.0,22.0,In Stock,2026-07-20
FUR-TA-10002065,Rotterdam Warehouse,108.0,21.0,In Stock,2026-07-20
TEC-NOK-10003034,Chicago Warehouse,237.0,47.0,In Stock,2026-07-20
FUR-FU-10000320,Rotterdam Warehouse,139.0,27.0,In Stock,2026-07-20
OFF-STO-10003342,Singapore Warehouse,482.0,96.0,IN STOCK,2026-07-20
OFF-STO-10002857,Singapore Warehouse,361.0,72.0,In Stock,2026-07-20
OFF-AR-10000203,Singapore Warehouse,427.0,85.0,In Stock,2026-07-20
FUR-FU-10003264,Rotterdam Warehouse,105.0,21.0,In Stock,2026-07-20
OFF-HOO-10001987,Singapore Warehouse,228.0,45.0,In Stock,2026-07-20
OFF-HOO-10003338,Singapore Warehouse,295.0,59.0,In Stock,2026-07-20
TEC-PH-10003487,Chicago Warehouse,83.0,16.0,In Stock,2026-07-20
OFF-FA-10004139,Singapore Warehouse,322.0,64.0,In Stock,2026-07-20
FUR-OFF-10001552,Rotterdam Warehouse,108.0,21.0,In Stock,2026-07-20
FUR-CH-10003846,Rotterdam Warehouse,132.0,26.0,In Stock,2026-07-20
OFF-LA-10000240,Singapore Warehouse,452.0,90.0,In Stock,2026-07-20
OFF-PA-10002230,Singapore Warehouse,362.0,72.0,In Stock,2026-07-20
OFF-AP-10003562,Singapore Warehouse,426.0,85.0,In Stock,2026-07-20
TEC-PH-10001063,Chicago Warehouse,230.0,46.0,In Stock,2026-07-20
OFF-AP-10001242,Singapore Warehouse,321.0,64.0,In Stock,2026-07-20
OFF-KRA-10000117,Singapore Warehouse,252.0,50.0,In Stock,2026-07-20
OFF-BI-10001598,Singapore Warehouse,417.0,83.0,In Stock,2026-07-20
OFF-AR-10003914,Singapore Warehouse,432.0,86.0,In Stock,2026-07-20
OFF-LA-10002272,Singapore Warehouse,339.0,,In Stock,
TEC-PH-10002867,Chicago Warehouse,231.0,46.0,IN STOCK,2026-07-20
OFF-BI-10000216,Singapore Warehouse,359.0,71.0,In Stock,2026-07-20
FUR-BO-10001519,Rotterdam Warehouse,118.0,23.0,In Stock,2026-07-20
OFF-EN-10003055,Singapore Warehouse,353.0,,In Stock,2026-07-20
OFF-EN-10003607,Singapore Warehouse,355.0,71.0,In Stock,2026-07-20
FUR-FU-10000260,Rotterdam Warehouse,102.0,20.0,In Stock,2026-07-20
OFF-HON-10004825,Singapore Warehouse,368.0,73.0,In Stock,2026-07-20
FUR-CH-10001043,Rotterdam Warehouse,79.0,15.0,In Stock,2026-07-20
TEC-PH-10001137,Chicago Warehouse,114.0,22.0,In Stock,2026-07-20
OFF-SU-10004231,Singapore Warehouse,380.0,76.0,In Stock,2026-07-20
OFF-SU-10003505,Singapore Warehouse,241.0,48.0,In Stock,2026-07-20
OFF-AR-10001446,Singapore Warehouse ,363.0,72.0,In Stock,2026-07-20
TEC-MA-10001403,Chicago Warehouse,148.0,29.0,In Stock,2026-07-20
FUR-FU-10003540,Rotterdam Warehouse,123.0,24.0,In Stock,2026-07-20
TEC-CO-10000407,Chicago Warehouse,228.0,45.0,In Stock,2026-07-20
OFF-LA-10001469,Singapore Warehouse,476.0,95.0,IN STOCK,2026-07-20
TEC-CAN-10004291,Chicago Warehouse,121.0,24.0,In Stock,20/07/2026
FUR-BO-10003086,Rotterdam Warehouse,73.0,14.0,In Stock,2026-07-20
OFF-BI-10004554,Singapore Warehouse,496.0,99.0,IN STOCK,2026-07-20
OFF-ST-10000362,Singapore Warehouse,471.0,94.0,In Stock,2026-07-20
OFF-AP-10004841,Singapore Warehouse,327.0,65.0,In Stock,2026-07-20
OFF-ACM-10000277,Singapore Warehouse,224.0,44.0,In Stock,2026-07-20
OFF-PA-10003656,Singapore Warehouse,303.0,60.0,In Stock,2026-07-20
TEC-CO-10002663,Chicago Warehouse,96.0,19.0,In Stock,2026-07-20
FUR-ELD-10003802,Rotterdam Warehouse,100.0,20.0,In Stock,2026-07-20
TEC-PH-10001148,Chicago Warehouse,191.0,38.0,In Stock,2026-07-20
OFF-PA-10003625,Singapore Warehouse,219.0,43.0,In Stock,2026-07-20
OFF-EN-10002406,Singapore Warehouse,417.0,83.0,In Stock,2026-07-20
FUR-BO-10003043,Rotterdam Warehouse,140.0,28.0,In Stock,2026-07-20
OFF-SME-10002417,Singapore Warehouse,248.0,49.0,In Stock,2026-07-20
OFF-AP-10002684,Singapore Warehouse,328.0,65.0,In Stock,2026-07-20
OFF-AP-10001402,Singapore Warehouse ,249.0,49.0,In Stock,2026-07-20
OFF-SU-10001368,Singapore Warehouse,367.0,73.0,In Stock,2026-07-20
TEC-CIS-10001122,Chicago Warehouse,156.0,31.0,In Stock,2026-07-20
OFF-NOV-10003180,Singapore Warehouse,317.0,63.0,In Stock,2026-07-20
OFF-BIC-10003800,Singapore Warehouse,479.0,95.0,In Stock,2026-07-20
OFF-LA-10001045,Singapore Warehouse,245.0,49.0,In Stock,2026-07-20
OFF-ST-10002151,Singapore Warehouse,337.0,67.0,In Stock,2026-07-20
OFF-FA-10003961,Singapore Warehouse,335.0,67.0,In Stock,2026-07-20
FUR-FU-10001746,Rotterdam Warehouse,126.0,25.0,In Stock,2026-07-20
OFF-ST-10001458,Singapore Warehouse,315.0,63.0,In Stock,2026-07-20
OFF-AR-10000896,Singapore Warehouse,463.0,92.0,In Stock,2026-07-20
FUR-CH-10001914,Rotterdam Warehouse,53.0,-10.0,In Stock,2026-07-20
FUR-FU-10004450,Rotterdam Warehouse,115.0,23.0,In Stock,2026-07-20
TEC-HEW-10003260,Chicago Warehouse,245.0,49.0,In Stock,2026-07-20
TEC-SHA-10001413,Chicago Warehouse,178.0,35.0,In Stock,2026-07-20
OFF-KIT-10001245,Singapore Warehouse,478.0,95.0,In Stock,2026-07-20
FUR-TA-10000207,Rotterdam Warehouse,,28.0,IN STOCK,2026-07-20
TEC-CO-10004589,Chicago Warehouse,128.0,25.0,IN STOCK,2026-07-20
OFF-SU-10003229,Singapore Warehouse,,49.0,In Stock,2026-07-20
TEC-AC-10003989,Chicago Warehouse,142.0,28.0,IN STOCK,2026-07-20
FUR-ELD-10000335,Rotterdam Warehouse,,19.0,In Stock,2026-07-20
FUR-CH-10001414,,128.0,25.0,In Stock,2026-07-20
OFF-SU-10003085,Singapore Warehouse,362.0,72.0,In Stock,20/07/2026
TEC-SAM-10003205,Chicago Warehouse,204.0,40.0,In Stock,2026-07-20
OFF-LA-10000508,Singapore Warehouse,283.0,56.0,In Stock,2026-07-20
OFF-PA-10002195,Singapore Warehouse,322.0,64.0,In Stock,2026-07-20
OFF-BIC-10003680,Singapore Warehouse,447.0,89.0,In Stock,2026-07-20
OFF-EN-10003737,Singapore Warehouse,364.0,72.0,In Stock,2026-07-20
FUR-CH-10001190,Rotterdam Warehouse,53.0,10.0,In Stock,2026-07-20
OFF-AR-10002956,Singapore Warehouse,272.0,54.0,In Stock,2026-07-20
OFF-AR-10001518,Singapore Warehouse,225.0,45.0,In Stock,2026-07-20
OFF-SU-10003522,Singapore Warehouse,313.0,62.0,IN STOCK,2026-07-20
OFF-ST-10004830,Singapore Warehouse,409.0,81.0,In Stock,2026-07-20
TEC-CO-10001482,Chicago Warehouse,190.0,38.0,In Stock,2026-07-20
OFF-BI-10004593,Singapore Warehouse,491.0,98.0,In Stock,2026-07-20
TEC-PH-10002218,Chicago Warehouse,221.0,44.0,In Stock,2026-07-20
FUR-FU-10004586,Rotterdam Warehouse,93.0,18.0,In Stock,2026-07-20
TEC-MA-10004125,Chicago Warehouse,187.0,37.0,In Stock,2026-07-20
TEC-MA-10003730,Chicago Warehouse,101.0,20.0,In Stock,2026-07-20
TEC-PH-10000611,Chicago Warehouse,250.0,50.0,In Stock,2026-07-20
FUR-BO-10001356,Rotterdam Warehouse,77.0,15.0,In Stock,2026-07-20
OFF-BI-10003712,Singapore Warehouse,401.0,80.0,In Stock,
TEC-MA-10001360,,101.0,20.0,In Stock,2026-07-20
FUR-FU-10000546,Rotterdam Warehouse,52.0,10.0,In Stock,2026-07-20
OFF-SU-10003332,Singapore Warehouse,489.0,97.0,In Stock,2026-07-20
OFF-EN-10000615,Singapore Warehouse,286.0,57.0,In Stock,2026-07-20
OFF-AR-10000491,Singapore Warehouse,287.0,57.0,In Stock,2026-07-20
OFF-ST-10002957,Singapore Warehouse,476.0,95.0,In Stock,2026-07-20
OFF-HAR-10001714,Singapore Warehouse,233.0,46.0,In Stock,2026-07-20
OFF-IBI-10002486,Singapore Warehouse,305.0,61.0,In Stock,2026-07-20
OFF-FA-10003836,Singapore Warehouse,235.0,47.0,In Stock,2026-07-20
OFF-PA-10004353,Singapore Warehouse,207.0,41.0,,2026-07-20
OFF-BI-10002799,Singapore Warehouse,254.0,50.0,In Stock,2026-07-20
OFF-SU-10004737,Singapore Warehouse,496.0,99.0,IN STOCK,2026-07-20
OFF-ELD-10002240,Singapore Warehouse,328.0,,In Stock,2026-07-20
OFF-SU-10002627,Singapore Warehouse,412.0,82.0,In Stock,2026-07-20
OFF-EN-10004404,Singapore Warehouse,403.0,80.0,In Stock,2026-07-20
OFF-SU-10003137,Singapore Warehouse,394.0,78.0,In Stock,2026-07-20
OFF-AVE-10000065,Singapore Warehouse,264.0,52.0,In Stock,2026-07-20
FUR-BO-10004821,Rotterdam Warehouse,59.0,11.0,In Stock,2026-07-20
TEC-AC-10000025,Chicago Warehouse,130.0,26.0,In Stock,2026-07-20
TEC-CO-10002526,Chicago Warehouse,155.0,31.0,In Stock,2026-07-20
TEC-MEM-10004524,Chicago Warehouse,217.0,43.0,In Stock,2026-07-20
OFF-AP-10000916,Singapore Warehouse,335.0,67.0,In Stock,2026-07-20
OFF-EN-10003577,Singapore Warehouse,319.0,63.0,In Stock,2026-07-20
TEC-PH-10003954,Chicago Warehouse,92.0,18.0,In Stock,20/07/2026
FUR-TA-10001768,Rotterdam Warehouse,55.0,11.0,In Stock,2026-07-20
OFF-ST-10001755,Singapore Warehouse,237.0,47.0,In Stock,2026-07-20
OFF-SU-10002230,Singapore Warehouse,203.0,40.0,In Stock,2026-07-20
OFF-BI-10002813,Singapore Warehouse,216.0,43.0,In Stock,2026-07-20
OFF-SU-10004711,Singapore Warehouse,220.0,44.0,In Stock,2026-07-20
OFF-AR-10001002,Singapore Warehouse,413.0,82.0,In Stock,2026-07-20
OFF-HON-10001706,Singapore Warehouse,440.0,88.0,In Stock,2026-07-20
OFF-SU-10004938,Singapore Warehouse,370.0,74.0,In Stock,
FUR-BO-10001779,Rotterdam Warehouse,122.0,24.0,In Stock,20/07/2026
TEC-AC-10000376,Chicago Warehouse,163.0,32.0,In Stock,2026-07-20
FUR-FU-10002803,Rotterdam Warehouse,58.0,11.0,In Stock,2026-07-20
TEC-CO-10002466,Chicago Warehouse,163.0,32.0,In Stock,2026-07-20
OFF-FA-10002280,Singapore Warehouse,284.0,56.0,In Stock,2026-07-20
OFF-HOO-10000318,Singapore Warehouse,,100.0,In Stock,2026-07-20
OFF-BI-10002103,,338.0,67.0,In Stock,2026-07-20
OFF-AR-10000751,Singapore Warehouse,362.0,72.0,In Stock,2026-07-20
OFF-HON-10003921,Singapore Warehouse,299.0,59.0,In Stock,2026-07-20
TEC-BEL-10003311,Chicago Warehouse,178.0,35.0,In Stock,2026-07-20
FUR-TA-10001633,Rotterdam Warehouse,85.0,17.0,In Stock,2026-07-20
OFF-SU-10004299,Singapore Warehouse,395.0,79.0,IN STOCK,2026-07-20
OFF-ST-10002499,Singapore Warehouse,339.0,67.0,In Stock,2026-07-20
OFF-FEL-10001630,Singapore Warehouse,343.0,68.0,In Stock,2026-07-20
FUR-SAU-10000893,Rotterdam Warehouse,134.0,26.0,In Stock,2026-07-20
OFF-SU-10000885,Singapore Warehouse,374.0,74.0,In Stock,2026-07-20
OFF-SME-10001853,Singapore Warehouse,227.0,45.0,In Stock,2026-07-20
OFF-STO-10002803,Singapore Warehouse,278.0,55.0,In Stock,2026-07-20
TEC-MOT-10000939,Chicago Warehouse,86.0,17.0,In Stock,2026-07-20
FUR-TA-10002774,Rotterdam Warehouse,55.0,11.0,In Stock,2026-07-20
FUR-FU-10002829,Rotterdam Warehouse,80.0,16.0,IN STOCK,2026-07-20
OFF-PA-10000317,Singapore Warehouse,477.0,95.0,In Stock,2026-07-20
OFF-BI-10002432,Singapore Warehouse,424.0,84.0,In Stock,2026-07-20
TEC-AC-10003454,Chicago Warehouse,143.0,28.0,In Stock,2026-07-20
OFF-ST-10004020,Singapore Warehouse,373.0,74.0,In Stock,2026-07-20
OFF-AP-10002283,Singapore Warehouse,289.0,57.0,In Stock,2026-07-20
OFF-PA-10000726,Singapore Warehouse,500.0,100.0,In Stock,2026-07-20
OFF-ST-10000560,Singapore Warehouse,480.0,96.0,In Stock,2026-07-20
TEC-PH-10001845,Chicago Warehouse,232.0,46.0,In Stock,2026-07-20
OFF-PA-10001609,,383.0,76.0,In Stock,2026-07-20
OFF-AR-10001468,Singapore Warehouse,365.0,73.0,In Stock,2026-07-20
TEC-MA-10002040,Chicago Warehouse,225.0,45.0,In Stock,
FUR-TA-10003079,Rotterdam Warehouse,116.0,23.0,In Stock,2026-07-20
TEC-CO-10002674,Chicago Warehouse,232.0,46.0,,2026-07-20
TEC-MA-10002827,Chicago Warehouse,155.0,31.0,In Stock,2026-07-20
TEC-AC-10000865,Chicago Warehouse,87.0,17.0,In Stock,2026-07-20
OFF-PA-10001125,Singapore Warehouse,374.0,74.0,In Stock,2026-07-20
OFF-EN-10001539,Singapore Warehouse,452.0,90.0,In Stock,2026-07-20
FUR-ADV-10004159,Rotterdam Warehouse,74.0,14.0,,2026-07-20
OFF-CAM-10000497,Singapore Warehouse,389.0,77.0,In Stock,2026-07-20
OFF-AVE-10000894,Singapore Warehouse,479.0,95.0,In Stock,2026-07-20
FUR-SAU-10004221,Rotterdam Warehouse,78.0,15.0,In Stock,2026-07-20
OFF-STO-10002026,Singapore Warehouse,266.0,53.0,In Stock,2026-07-20
TEC-MA-10001681,Chicago Warehouse,162.0,32.0,In Stock,2026-07-20
OFF-AP-10002104,Singapore Warehouse,233.0,46.0,,2026-07-20
OFF-SU-10000178,Singapore Warehouse,389.0,,In Stock,2026-07-20
OFF-BRE-10002738,Singapore Warehouse,361.0,72.0,In Stock,2026-07-20
TEC-MA-10003101,Chicago Warehouse,145.0,29.0,In Stock,20/07/2026
FUR-TA-10003273,Rotterdam Warehouse,122.0,24.0,In Stock,2026-07-20
TEC-PH-10003187,Chicago Warehouse,82.0,16.0,In Stock,2026-07-20
FUR-BO-10001876,Rotterdam Warehouse,,16.0,In Stock,2026-07-20
OFF-FA-10000700,Singapore Warehouse,369.0,73.0,IN STOCK,2026-07-20
OFF-PA-10000579,Singapore Warehouse,234.0,46.0,,2026-07-20
FUR-TEN-10004388,Rotterdam Warehouse,147.0,29.0,In Stock,2026-07-20
FUR-TA-10003152,Rotterdam Warehouse,76.0,15.0,In Stock,2026-07-20
OFF-AP-10002904,Singapore Warehouse,473.0,94.0,In Stock,2026-07-20
TEC-PH-10003522,Chicago Warehouse,149.0,29.0,In Stock,2026-07-20
OFF-FA-10002025,Singapore Warehouse,344.0,68.0,In Stock,2026-07-20
OFF-ST-10001522,Singapore Warehouse,500.0,100.0,In Stock,2026-07-20
OFF-AR-10003876,Singapore Warehouse,482.0,96.0,In Stock,2026-07-20
OFF-EN-10001647,Singapore Warehouse,214.0,42.0,In Stock,2026-07-20
OFF-EN-10004580,Singapore Warehouse,271.0,54.0,In Stock,2026-07-20
OFF-BI-10002854,Singapore Warehouse,444.0,88.0,In Stock,2026-07-20
TEC-CO-10001087,Chicago Warehouse,180.0,36.0,In Stock,2026-07-20
OFF-AP-10004425,Singapore Warehouse,306.0,61.0,In Stock,2026-07-20
TEC-PH-10004901,Chicago Warehouse ,95.0,19.0,IN STOCK,2026-07-20
OFF-SME-10004702,Singapore Warehouse,337.0,67.0,In Stock,2026-07-20
FUR-BO-10004709,Rotterdam Warehouse,97.0,19.0,In Stock,2026-07-20
TEC-CO-10000178,Chicago Warehouse,236.0,47.0,In Stock,2026-07-20
OFF-FA-10004239,Singapore Warehouse,294.0,58.0,In Stock,2026-07-20
OFF-PA-10002488,Singapore Warehouse,267.0,53.0,In Stock,2026-07-20
OFF-BI-10004656,Singapore Warehouse,228.0,45.0,In Stock,2026-07-20
TEC-HEW-10004522,Chicago Warehouse,204.0,,In Stock,2026-07-20
FUR-CH-10000479,Rotterdam Warehouse,83.0,16.0,In Stock,2026-07-20
OFF-EAT-10002463,Singapore Warehouse,375.0,75.0,In Stock,2026-07-20
OFF-EN-10003160,Singapore Warehouse,301.0,60.0,In Stock,2026-07-20
FUR-ADV-10004395,Rotterdam Warehouse,99.0,19.0,In Stock,2026-07-20
OFF-ACM-10000777,Singapore Warehouse,366.0,73.0,In Stock,2026-07-20
OFF-FA-10003399,Singapore Warehouse,325.0,65.0,In Stock,2026-07-20
FUR-CH-10002228,Rotterdam Warehouse,81.0,16.0,In Stock,2026-07-20
OFF-LA-10001312,Singapore Warehouse,490.0,98.0,In Stock,2026-07-20
TEC-CO-10001839,Chicago Warehouse,104.0,20.0,In Stock,2026-07-20
OFF-EN-10000623,Singapore Warehouse,381.0,76.0,In Stock,2026-07-20
OFF-FA-10002983,Singapore Warehouse,307.0,61.0,In Stock,2026-07-20
OFF-STI-10001743,Singapore Warehouse,308.0,61.0,In Stock,2026-07-20
TEC-PH-10000193,Chicago Warehouse,175.0,35.0,In Stock,2026-07-20
OFF-AP-10002317,Singapore Warehouse,206.0,-41.0,In Stock,2026-07-20
OFF-SU-10000646,Singapore Warehouse,498.0,99.0,In Stock,2026-07-20
FUR-FU-10004241,Rotterdam Warehouse,65.0,13.0,In Stock,2026-07-20
TEC-LOG-10003896,Chicago Warehouse,86.0,17.0,In Stock,2026-07-20
TEC-CO-10001869,Chicago Warehouse,96.0,19.0,In Stock,2026-07-20
OFF-GLO-10001348,Singapore Warehouse,489.0,97.0,In Stock,2026-07-20
OFF-BI-10001904,Singapore Warehouse,265.0,53.0,In Stock,2026-07-20
OFF-AP-10000162,Singapore Warehouse,287.0,57.0,IN STOCK,2026-07-20
TEC-PH-10004221,Chicago Warehouse,121.0,24.0,In Stock,2026-07-20
TEC-AC-10004883,Chicago Warehouse,215.0,43.0,In Stock,2026-07-20
OFF-BI-10004193,Singapore Warehouse,284.0,56.0,In Stock,2026-07-20
OFF-ACC-10004713,Singapore Warehouse,490.0,98.0,In Stock,2026-07-20
OFF-LA-10002821,Singapore Warehouse,339.0,67.0,In Stock,2026-07-20
FUR-SAF-10001949,Rotterdam Warehouse,94.0,18.0,In Stock,2026-07-20
TEC-PH-10000497,Chicago Warehouse,220.0,44.0,In Stock,2026-07-20
TEC-CAN-10001981,Chicago Warehouse,181.0,36.0,In Stock,2026-07-20
OFF-PA-10002292,Singapore Warehouse,406.0,81.0,In Stock,2026-07-20
OFF-ADV-10002299,Singapore Warehouse,337.0,67.0,In Stock,2026-07-20
OFF-ST-10002205,Singapore Warehouse,362.0,72.0,In Stock,2026-07-20
OFF-BI-10003281,Singapore Warehouse,214.0,42.0,In Stock,2026-07-20
TEC-CO-10004267,Chicago Warehouse,195.0,39.0,In Stock,2026-07-20
OFF-AP-10000545,Singapore Warehouse ,410.0,82.0,In Stock,2026-07-20
OFF-EN-10004981,Singapore Warehouse,452.0,90.0,,2026-07-20
OFF-AP-10004958,Singapore Warehouse,296.0,59.0,In Stock,2026-07-20
TEC-MA-10004295,Chicago Warehouse,232.0,46.0,In Stock,2026-07-20
OFF-PA-10000116,Singapore Warehouse,427.0,85.0,In Stock,2026-07-20
FUR-FU-10001967,Rotterdam Warehouse,98.0,19.0,In Stock,2026-07-20
TEC-SAM-10003493,Chicago Warehouse,241.0,,In Stock,2026-07-20
TEC-ENE-10003873,Chicago Warehouse,180.0,36.0,In Stock,2026-07-20
FUR-TA-10003539,Rotterdam Warehouse,,21.0,In Stock,2026-07-20
TEC-CO-10004394,Chicago Warehouse,224.0,44.0,In Stock,2026-07-20
OFF-SU-10004316,Singapore Warehouse,339.0,67.0,In Stock,2026-07-20
OFF-EN-10003381,Singapore Warehouse,439.0,87.0,In Stock,2026-07-20
TEC-AC-10000861,Chicago Warehouse,104.0,20.0,In Stock,2026-07-20
OFF-ST-10004532,Singapore Warehouse,416.0,83.0,In Stock,2026-07-20
FUR-BUS-10003724,Rotterdam Warehouse,131.0,26.0,In Stock,2026-07-20
FUR-FU-10003500,Rotterdam Warehouse,123.0,24.0,In Stock,2026-07-20
TEC-CO-10003694,Chicago Warehouse,178.0,35.0,In Stock,2026-07-20
FUR-NOV-10003053,Rotterdam Warehouse,72.0,14.0,In Stock,2026-07-20
TEC-CO-10001204,Chicago Warehouse,82.0,16.0,In Stock,2026-07-20
OFF-BRE-10001378,Singapore Warehouse,486.0,97.0,In Stock,2026-07-20
OFF-AP-10001606,Singapore Warehouse,453.0,90.0,In Stock,2026-07-20
OFF-AP-10004978,Singapore Warehouse,303.0,60.0,In Stock,2026-07-20
OFF-AP-10002244,Singapore Warehouse,345.0,69.0,In Stock,2026-07-20
TEC-AC-10004713,Chicago Warehouse,182.0,36.0,,2026-07-20
OFF-LA-10004020,Singapore Warehouse,312.0,62.0,,2026-07-20
OFF-SU-10001409,Singapore Warehouse,268.0,53.0,In Stock,2026-07-20
OFF-ROG-10001101,Singapore Warehouse,427.0,85.0,In Stock,2026-07-20
TEC-PH-10002070,Chicago Warehouse,183.0,36.0,In Stock,2026-07-20
FUR-CH-10002435,Rotterdam Warehouse,,20.0,In Stock,2026-07-20
FUR-FU-10002671,Rotterdam Warehouse,126.0,25.0,In Stock,2026-07-20
OFF-PA-10002611,Singapore Warehouse,496.0,99.0,In Stock,20/07/2026
OFF-PA-10002520,Singapore Warehouse,399.0,79.0,In Stock,2026-07-20
FUR-DAN-10004745,Rotterdam Warehouse,106.0,21.0,In Stock,2026-07-20
OFF-AP-10000804,Singapore Warehouse,276.0,55.0,IN STOCK,2026-07-20
OFF-HOO-10001248,Singapore Warehouse,433.0,86.0,In Stock,2026-07-20
OFF-AP-10003909,Singapore Warehouse,405.0,81.0,In Stock,2026-07-20
OFF-SME-10004740,Singapore Warehouse,489.0,97.0,In Stock,2026-07-20
OFF-PA-10001421,Singapore Warehouse,481.0,96.0,In Stock,2026-07-20
OFF-LA-10004969,Singapore Warehouse,452.0,90.0,In Stock,2026-07-20
OFF-BI-10002990,Singapore Warehouse,476.0,95.0,In Stock,2026-07-20
OFF-BIN-10000170,Singapore Warehouse,394.0,78.0,In Stock,2026-07-20
TEC-AC-10003116,Chicago Warehouse,118.0,23.0,In Stock,2026-07-20
TEC-PH-10004100,Chicago Warehouse,112.0,22.0,In Stock,2026-07-20
OFF-AR-10002109,Singapore Warehouse,342.0,68.0,In Stock,2026-07-20
OFF-AP-10003860,Singapore Warehouse,250.0,50.0,In Stock,2026-07-20
TEC-PH-10001578,Chicago Warehouse,236.0,47.0,In Stock,2026-07-20
TEC-HP -10003894,Chicago Warehouse,137.0,27.0,In Stock,2026-07-20
TEC-PH-10002255,Chicago Warehouse,168.0,33.0,In Stock,2026-07-20
OFF-PA-10000565,Singapore Warehouse,352.0,70.0,In Stock,2026-07-20
TEC-AC-10003556,Chicago Warehouse,123.0,24.0,IN STOCK,2026-07-20
FUR-BO-10001822,Rotterdam Warehouse,99.0,19.0,In Stock,2026-07-20
OFF-SU-10001397,Singapore Warehouse,449.0,89.0,In Stock,2026-07-20
TEC-CO-10003525,Chicago Warehouse,97.0,19.0,In Stock,2026-07-20
FUR-BO-10002346,Rotterdam Warehouse,78.0,15.0,In Stock,2026-07-20
OFF-ROG-10003300,Singapore Warehouse,320.0,64.0,In Stock,
OFF-PA-10003971,Singapore Warehouse,400.0,80.0,In Stock,2026-07-20
OFF-PA-10002947,Singapore Warehouse,248.0,49.0,In Stock,2026-07-20
TEC-PH-10003698,Chicago Warehouse,129.0,25.0,In Stock,2026-07-20
OFF-TEN-10003089,Singapore Warehouse,482.0,96.0,In Stock,2026-07-20
FUR-CH-10001810,Rotterdam Warehouse,71.0,14.0,In Stock,2026-07-20
OFF-LA-10000869,Singapore Warehouse,475.0,95.0,In Stock,2026-07-20
OFF-FEL-10001343,Singapore Warehouse,294.0,58.0,In Stock,20/07/2026
FUR-FU-10000629,Rotterdam Warehouse,139.0,27.0,In Stock,2026-07-20
OFF-ST-10001869,Singapore Warehouse,402.0,80.0,In Stock,2026-07-20
OFF-LA-10000262,Singapore Warehouse,384.0,76.0,In Stock,2026-07-20
FUR-CH-10000666,Rotterdam Warehouse,,23.0,In Stock,2026-07-20
FUR-BO-10001714,Rotterdam Warehouse,98.0,19.0,In Stock,2026-07-20
OFF-CAR-10002031,Singapore Warehouse,401.0,80.0,In Stock,2026-07-20
OFF-AR-10001777,Singapore Warehouse,423.0,84.0,In Stock,2026-07-20
FUR-CH-10003282,Rotterdam Warehouse,142.0,28.0,In Stock,2026-07-20
OFF-EN-10001669,Singapore Warehouse,318.0,63.0,In Stock,2026-07-20
OFF-KRA-10004892,Singapore Warehouse,336.0,67.0,In Stock,2026-07-20
OFF-EN-10001977,Singapore Warehouse,448.0,89.0,In Stock,2026-07-20
TEC-MA-10003121,Chicago Warehouse,97.0,19.0,,20/07/2026
OFF-EN-10003103,Singapore Warehouse,468.0,93.0,In Stock,2026-07-20
OFF-LA-10004689,Singapore Warehouse,320.0,64.0,In Stock,2026-07-20
OFF-PA-10000373,Singapore Warehouse,216.0,43.0,In Stock,2026-07-20
OFF-BI-10003655,Singapore Warehouse,416.0,83.0,In Stock,2026-07-20
OFF-BI-10004830,Singapore Warehouse,491.0,98.0,In Stock,20/07/2026
TEC-AC-10004451,Chicago Warehouse,132.0,26.0,In Stock,2026-07-20
OFF-AR-10001833,Singapore Warehouse,263.0,52.0,In Stock,2026-07-20
FUR-TA-10002611,Rotterdam Warehouse,59.0,11.0,In Stock,2026-07-20
OFF-FA-10002780,Singapore Warehouse,416.0,83.0,In Stock,2026-07-20
FUR-BO-10003647,Rotterdam Warehouse,81.0,16.0,IN STOCK,2026-07-20
OFF-AR-10002115,Singapore Warehouse,287.0,57.0,In Stock,2026-07-20
OFF-AR-10003772,Singapore Warehouse,357.0,71.0,In Stock,2026-07-20
FUR-TA-10002607,Rotterdam Warehouse,144.0,28.0,In Stock,2026-07-20
FUR-CH-10000953,Rotterdam Warehouse,69.0,13.0,In Stock,2026-07-20
OFF-AR-10002797,Singapore Warehouse ,231.0,46.0,In Stock,2026-07-20
TEC-PH-10004732,Chicago Warehouse,212.0,42.0,In Stock,
FUR-BO-10003301,Rotterdam Warehouse,95.0,19.0,In Stock,2026-07-20
OFF-EN-10004386,Singapore Warehouse,416.0,83.0,In Stock,2026-07-20
TEC-CO-10003268,Chicago Warehouse,247.0,49.0,In Stock,2026-07-20
OFF-FA-10000122,Singapore Warehouse,230.0,46.0,In Stock,2026-07-20
TEC-PAN-10004279,Chicago Warehouse ,119.0,,In Stock,2026-07-20
OFF-ST-10003393,Singapore Warehouse,207.0,41.0,In Stock,2026-07-20
TEC-AC-10001772,Chicago Warehouse,159.0,31.0,In Stock,2026-07-20
OFF-PA-10000048,Singapore Warehouse,328.0,65.0,In Stock,2026-07-20
OFF-IBI-10000779,Singapore Warehouse,219.0,43.0,In Stock,2026-07-20
OFF-AP-10000584,Singapore Warehouse,239.0,,In Stock,2026-07-20
OFF-FA-10004516,Singapore Warehouse ,222.0,44.0,In Stock,2026-07-20
OFF-EN-10001852,Singapore Warehouse,391.0,78.0,In Stock,2026-07-20
TEC-AC-10001284,Chicago Warehouse,161.0,-32.0,In Stock,2026-07-20
FUR-CH-10001271,Rotterdam Warehouse,92.0,18.0,In Stock,2026-07-20
OFF-SU-10002189,Singapore Warehouse,242.0,48.0,In Stock,2026-07-20
TEC-BRO-10004328,Chicago Warehouse,88.0,17.0,In Stock,2026-07-20
OFF-SME-10001652,Singapore Warehouse,203.0,40.0,In Stock,2026-07-20
OFF-EN-10000315,Singapore Warehouse,303.0,60.0,In Stock,2026-07-20
OFF-LA-10003381,Singapore Warehouse,393.0,78.0,In Stock,2026-07-20
OFF-AR-10002255,Singapore Warehouse,288.0,57.0,In Stock,2026-07-20
TEC-AC-10004571,Chicago Warehouse,209.0,41.0,In Stock,2026-07-20
OFF-FA-10000260,Singapore Warehouse,286.0,57.0,In Stock,2026-07-20
OFF-FA-10002531,Singapore Warehouse,385.0,77.0,In Stock,2026-07-20
OFF-STI-10001171,Singapore Warehouse ,369.0,73.0,In Stock,2026-07-20
OFF-SU-10004087,Singapore Warehouse,366.0,73.0,In Stock,2026-07-20
FUR-FU-10001601,Rotterdam Warehouse,146.0,29.0,In Stock,2026-07-20
FUR-FU-10004458,Rotterdam Warehouse,140.0,28.0,In Stock,20/07/2026
OFF-FA-10002752,Singapore Warehouse,315.0,63.0,In Stock,2026-07-20
OFF-FA-10003817,Singapore Warehouse,367.0,73.0,In Stock,2026-07-20
OFF-FA-10000549,Singapore Warehouse,218.0,43.0,In Stock,2026-07-20
OFF-SU-10000192,Singapore Warehouse,345.0,69.0,In Stock,2026-07-20
TEC-CO-10001468,Chicago Warehouse,176.0,35.0,In Stock,2026-07-20
OFF-GLO-10004123,Singapore Warehouse,492.0,98.0,In Stock,2026-07-20
FUR-BO-10004630,Rotterdam Warehouse,73.0,14.0,In Stock,2026-07-20
OFF-BI-10001892,Singapore Warehouse,330.0,66.0,In Stock,2026-07-20
OFF-FIS-10000670,Singapore Warehouse,267.0,53.0,In Stock,2026-07-20
OFF-EN-10004470,Singapore Warehouse,285.0,57.0,In Stock,2026-07-20
OFF-EN-10001491,Singapore Warehouse,316.0,63.0,In Stock,2026-07-20
FUR-CH-10002880,Rotterdam Warehouse,52.0,10.0,In Stock,2026-07-20
TEC-APP-10000135,Chicago Warehouse,141.0,28.0,In Stock,2026-07-20
OFF-ST-10000127,Singapore Warehouse,382.0,76.0,In Stock,2026-07-20
OFF-LA-10000473,Singapore Warehouse,441.0,88.0,In Stock,2026-07-20
OFF-FA-10003505,Singapore Warehouse,350.0,70.0,IN STOCK,2026-07-20
OFF-AR-10003228,Singapore Warehouse,431.0,86.0,In Stock,2026-07-20
OFF-ST-10003018,Singapore Warehouse,419.0,83.0,In Stock,2026-07-20
TEC-AC-10002380,Chicago Warehouse,243.0,48.0,In Stock,2026-07-20
FUR-CH-10004242,Rotterdam Warehouse,58.0,11.0,In Stock,2026-07-20
OFF-ST-10003990,Singapore Warehouse,272.0,54.0,In Stock,2026-07-20
FUR-BO-10002812,Rotterdam Warehouse,74.0,14.0,In Stock,2026-07-20
OFF-ST-10000355,Singapore Warehouse,237.0,47.0,IN STOCK,2026-07-20
TEC-EPS-10001473,Chicago Warehouse,103.0,20.0,In Stock,2026-07-20
OFF-PA-10002036,Singapore Warehouse,253.0,50.0,IN STOCK,2026-07-20
OFF-ST-10003184,,266.0,53.0,In Stock,2026-07-20
FUR-BO-10001201,,123.0,24.0,In Stock,2026-07-20
OFF-PA-10003943,Singapore Warehouse,424.0,84.0,In Stock,2026-07-20
FUR-FU-10000397,Rotterdam Warehouse,113.0,22.0,In Stock,2026-07-20
OFF-EN-10000871,Singapore Warehouse,465.0,93.0,IN STOCK,2026-07-20
OFF-AR-10004986,Singapore Warehouse,444.0,88.0,In Stock,2026-07-20
FUR-TA-10000558,Rotterdam Warehouse,79.0,15.0,In Stock,2026-07-20
OFF-LA-10002688,Singapore Warehouse,254.0,50.0,In Stock,2026-07-20
FUR-BAR-10003465,Rotterdam Warehouse,88.0,17.0,In Stock,2026-07-20
TEC-PH-10000647,Chicago Warehouse,188.0,37.0,In Stock,
FUR-TA-10001229,Rotterdam Warehouse,120.0,24.0,In Stock,2026-07-20
OFF-AP-10000003,Singapore Warehouse,352.0,70.0,In Stock,2026-07-20
OFF-PA-10003424,Singapore Warehouse,227.0,45.0,In Stock,2026-07-20
OFF-LA-10002015,Singapore Warehouse,319.0,63.0,In Stock,2026-07-20
FUR-BO-10002981,Rotterdam Warehouse,56.0,11.0,In Stock,2026-07-20
OFF-PA-10003359,Singapore Warehouse,321.0,64.0,In Stock,2026-07-20
OFF-ST-10001370,Singapore Warehouse,236.0,47.0,In Stock,2026-07-20
TEC-HP -10002221,Chicago Warehouse,192.0,38.0,In Stock,2026-07-20
OFF-FIS-10002949,Singapore Warehouse,360.0,72.0,In Stock,2026-07-20
TEC-PH-10002483,Chicago Warehouse,161.0,32.0,In Stock,2026-07-20
OFF-SU-10003082,Singapore Warehouse,475.0,95.0,In Stock,2026-07-20
OFF-BI-10003934,Singapore Warehouse,477.0,95.0,In Stock,2026-07-20
FUR-CH-10003772,Rotterdam Warehouse ,66.0,13.0,In Stock,2026-07-20
OFF-FA-10000974,Singapore Warehouse,485.0,97.0,In Stock,20/07/2026
TEC-AC-10001352,Chicago Warehouse,242.0,48.0,In Stock,2026-07-20
OFF-ST-10000580,Singapore Warehouse,398.0,79.0,In Stock,2026-07-20
OFF-BI-10001324,Singapore Warehouse,299.0,59.0,In Stock,2026-07-20
TEC-CO-10002035,Chicago Warehouse,200.0,40.0,In Stock,2026-07-20
OFF-SU-10001535,Singapore Warehouse,369.0,73.0,,2026-07-20
OFF-LA-10001484,Singapore Warehouse,352.0,70.0,In Stock,2026-07-20
TEC-PH-10003870,,160.0,32.0,In Stock,2026-07-20
OFF-EN-10000454,Singapore Warehouse,277.0,55.0,In Stock,2026-07-20
OFF-AP-10000675,Singapore Warehouse,416.0,83.0,In Stock,2026-07-20
OFF-PA-10004160,Singapore Warehouse,312.0,62.0,In Stock,2026-07-20
OFF-BI-10000725,Singapore Warehouse,282.0,56.0,IN STOCK,2026-07-20
TEC-MA-10004255,,214.0,42.0,In Stock,2026-07-20
FUR-FU-10003414,Rotterdam Warehouse,60.0,12.0,In Stock,2026-07-20
FUR-FU-10002804,Rotterdam Warehouse,131.0,26.0,IN STOCK,
OFF-FA-10003626,Singapore Warehouse,425.0,85.0,In Stock,2026-07-20
OFF-STO-10003098,Singapore Warehouse,346.0,69.0,In Stock,2026-07-20
TEC-AC-10003889,Chicago Warehouse,165.0,33.0,In Stock,2026-07-20
OFF-BI-10000368,Singapore Warehouse,372.0,74.0,,2026-07-20
TEC-CO-10000562,Chicago Warehouse,140.0,28.0,In Stock,2026-07-20
OFF-AR-10002055,Singapore Warehouse,471.0,94.0,IN STOCK,2026-07-20
OFF-ST-10002538,Singapore Warehouse,375.0,75.0,In Stock,2026-07-20
FUR-BO-10003779,Rotterdam Warehouse,77.0,15.0,In Stock,2026-07-20
TEC-MA-10003338,Chicago Warehouse,-96.0,19.0,In Stock,2026-07-20
OFF-FA-10004269,Singapore Warehouse,487.0,97.0,In Stock,2026-07-20
TEC-CO-10003226,Chicago Warehouse,190.0,38.0,In Stock,2026-07-20
FUR-BO-10001541,Rotterdam Warehouse ,115.0,23.0,In Stock,2026-07-20
FUR-BO-10003291,Rotterdam Warehouse,127.0,25.0,In Stock,2026-07-20
FUR-BO-10000259,Rotterdam Warehouse,76.0,15.0,In Stock,2026-07-20
FUR-FU-10004954,Rotterdam Warehouse,81.0,16.0,In Stock,2026-07-20
TEC-PH-10002584,Chicago Warehouse,169.0,33.0,In Stock,2026-07-20
OFF-AP-10002344,Singapore Warehouse,243.0,48.0,In Stock,2026-07-20
TEC-EPS-10002212,Chicago Warehouse,208.0,41.0,IN STOCK,2026-07-20
TEC-PH-10003885,Chicago Warehouse,160.0,32.0,In Stock,2026-07-20
FUR-FU-10004415,Rotterdam Warehouse,108.0,21.0,In Stock,2026-07-20
OFF-AP-10000802,Singapore Warehouse,316.0,63.0,In Stock,2026-07-20
OFF-AR-10002105,Singapore Warehouse,227.0,45.0,In Stock,
OFF-AR-10002257,Singapore Warehouse,275.0,55.0,In Stock,2026-07-20
TEC-CO-10004563,Chicago Warehouse,171.0,34.0,In Stock,2026-07-20
OFF-AP-10001926,Singapore Warehouse,478.0,95.0,In Stock,2026-07-20
TEC-PH-10003513,Chicago Warehouse,85.0,17.0,In Stock,2026-07-20
TEC-AC-10003987,Chicago Warehouse,238.0,47.0,In Stock,2026-07-20
OFF-PA-10000872,Singapore Warehouse,287.0,57.0,In Stock,2026-07-20
FUR-IKE-10002147,Rotterdam Warehouse,120.0,24.0,In Stock,2026-07-20
OFF-PA-10002755,Singapore Warehouse,293.0,58.0,In Stock,2026-07-20
OFF-FA-10002652,Singapore Warehouse,412.0,82.0,In Stock,2026-07-20
TEC-AC-10004666,Chicago Warehouse,200.0,40.0,In Stock,2026-07-20
OFF-PA-10003774,Singapore Warehouse,364.0,72.0,IN STOCK,2026-07-20
FUR-BO-10002206,Rotterdam Warehouse,110.0,22.0,In Stock,2026-07-20
OFF-KRA-10002170,Singapore Warehouse,277.0,55.0,In Stock,2026-07-20
FUR-TA-10003568,Rotterdam Warehouse,92.0,18.0,In Stock,2026-07-20
TEC-PH-10001413,Chicago Warehouse,204.0,40.0,In Stock,2026-07-20
OFF-SU-10001087,Singapore Warehouse,393.0,78.0,In Stock,2026-07-20
OFF-ST-10003729,Singapore Warehouse,442.0,88.0,In Stock,2026-07-20
TEC-MA-10004458,Chicago Warehouse,,16.0,In Stock,2026-07-20
TEC-MA-10004820,Chicago Warehouse,214.0,42.0,In Stock,2026-07-20
OFF-LA-10000560,Singapore Warehouse,328.0,65.0,In Stock,2026-07-20
OFF-HON-10003010,Singapore Warehouse,453.0,90.0,In Stock,20/07/2026
FUR-TA-10001595,Rotterdam Warehouse,147.0,29.0,In Stock,2026-07-20
OFF-SU-10000906,Singapore Warehouse,389.0,77.0,In Stock,2026-07-20
OFF-AR-10001423,Singapore Warehouse,344.0,68.0,In Stock,2026-07-20
TEC-EPS-10003277,Chicago Warehouse,226.0,45.0,In Stock,2026-07-20
OFF-EN-10004938,Singapore Warehouse,261.0,52.0,In Stock,2026-07-20
TEC-MA-10003626,Chicago Warehouse,243.0,48.0,In Stock,2026-07-20
OFF-AR-10001216,Singapore Warehouse,267.0,53.0,In Stock,2026-07-20
TEC-MA-10002080,Chicago Warehouse,215.0,43.0,In Stock,2026-07-20
OFF-FA-10003980,Singapore Warehouse,356.0,71.0,In Stock,2026-07-20
OFF-AP-10004183,Singapore Warehouse,391.0,,In Stock,2026-07-20
TEC-CO-10003982,Chicago Warehouse,239.0,47.0,In Stock,2026-07-20
TEC-AC-10004102,Chicago Warehouse,242.0,48.0,In Stock,2026-07-20
OFF-FA-10004792,Singapore Warehouse,452.0,90.0,In Stock,2026-07-20
OFF-ST-10003319,Singapore Warehouse,218.0,43.0,In Stock,2026-07-20
OFF-EN-10003455,Singapore Warehouse ,268.0,53.0,In Stock,2026-07-20
OFF-AP-10003963,Singapore Warehouse,270.0,54.0,In Stock,2026-07-20
OFF-XER-10004820,Singapore Warehouse,391.0,78.0,In Stock,2026-07-20
OFF-SU-10001488,Singapore Warehouse,478.0,95.0,In Stock,2026-07-20
OFF-PA-10002328,Singapore Warehouse,220.0,44.0,In Stock,2026-07-20
TEC-AC-10001951,Chicago Warehouse,206.0,41.0,In Stock,2026-07-20
FUR-CH-10000966,Rotterdam Warehouse,82.0,16.0,In Stock,2026-07-20
TEC-PH-10000369,Chicago Warehouse,82.0,16.0,In Stock,2026-07-20
TEC-AC-10002833,Chicago Warehouse,124.0,24.0,In Stock,2026-07-20
FUR-BO-10001337,Rotterdam Warehouse,146.0,29.0,In Stock,2026-07-20
OFF-AP-10001099,Singapore Warehouse,317.0,63.0,In Stock,2026-07-20
OFF-ST-10001590,Singapore Warehouse,232.0,46.0,In Stock,2026-07-20
OFF-BI-10002775,Singapore Warehouse,353.0,70.0,In Stock,20/07/2026
TEC-EPS-10001323,Chicago Warehouse,221.0,44.0,In Stock,2026-07-20
FUR-TA-10003785,Rotterdam Warehouse,96.0,19.0,IN STOCK,2026-07-20
OFF-BI-10000006,Singapore Warehouse,240.0,48.0,In Stock,2026-07-20
FUR-BO-10000112,Rotterdam Warehouse,67.0,13.0,In Stock,2026-07-20
OFF-WIL-10002153,Singapore Warehouse,265.0,53.0,In Stock,2026-07-20
OFF-ACC-10003713,Singapore Warehouse,412.0,82.0,In Stock,2026-07-20
TEC-MA-10002135,Chicago Warehouse,112.0,22.0,In Stock,2026-07-20
OFF-FA-10001651,Singapore Warehouse,-289.0,57.0,In Stock,2026-07-20
OFF-LA-10002020,Singapore Warehouse,370.0,74.0,In Stock,2026-07-20
OFF-EN-10003933,Singapore Warehouse,470.0,94.0,In Stock,20/07/2026
OFF-LA-10003929,Singapore Warehouse ,310.0,62.0,In Stock,2026-07-20
OFF-AR-10001770,Singapore Warehouse,441.0,88.0,In Stock,2026-07-20
OFF-BIN-10000837,Singapore Warehouse,363.0,72.0,In Stock,2026-07-20
TEC-AC-10003105,Chicago Warehouse ,154.0,30.0,In Stock,2026-07-20
OFF-EN-10001727,Singapore Warehouse,228.0,45.0,In Stock,2026-07-20
OFF-AME-10001587,Singapore Warehouse,286.0,57.0,In Stock,2026-07-20
FUR-HAR-10003124,Rotterdam Warehouse,134.0,26.0,In Stock,2026-07-20
OFF-LA-10003077,Singapore Warehouse,382.0,76.0,In Stock,2026-07-20
OFF-FA-10004657,Singapore Warehouse ,301.0,60.0,In Stock,2026-07-20
OFF-ST-10004330,Singapore Warehouse,391.0,78.0,In Stock,2026-07-20
OFF-LA-10000483,Singapore Warehouse,491.0,98.0,In Stock,2026-07-20
OFF-STI-10000286,Singapore Warehouse,274.0,54.0,In Stock,2026-07-20
TEC-PH-10000018,Chicago Warehouse ,168.0,33.0,In Stock,2026-07-20
OFF-PA-10000277,Singapore Warehouse,225.0,45.0,In Stock,2026-07-20
TEC-PH-10002138,Chicago Warehouse,186.0,37.0,In Stock,2026-07-20
FUR-FU-10004074,Rotterdam Warehouse,60.0,12.0,In Stock,2026-07-20
OFF-LA-10002992,Singapore Warehouse,404.0,80.0,In Stock,2026-07-20
OFF-BI-10000312,Singapore Warehouse,473.0,94.0,In Stock,2026-07-20
FUR-CH-10002749,Rotterdam Warehouse,60.0,12.0,In Stock,2026-07-20
TEC-CO-10003124,Chicago Warehouse,87.0,17.0,In Stock,2026-07-20
OFF-PA-10003640,Singapore Warehouse ,320.0,64.0,In Stock,2026-07-20
TEC-ENE-10003801,Chicago Warehouse,134.0,,In Stock,2026-07-20
FUR-FU-10004289,Rotterdam Warehouse,62.0,12.0,In Stock,2026-07-20
OFF-PA-10000034,Singapore Warehouse,247.0,49.0,In Stock,2026-07-20
TEC-KON-10001507,Chicago Warehouse,151.0,30.0,In Stock,2026-07-20
OFF-HAM-10004471,Singapore Warehouse,318.0,63.0,In Stock,2026-07-20
TEC-SAM-10001935,Chicago Warehouse,115.0,23.0,In Stock,2026-07-20
OFF-HAR-10003580,Singapore Warehouse,303.0,60.0,In Stock,2026-07-20
FUR-FU-10003736,Rotterdam Warehouse,76.0,15.0,In Stock,2026-07-20
OFF-AR-10004360,Singapore Warehouse,298.0,,In Stock,
OFF-AP-10004821,Singapore Warehouse,203.0,40.0,In Stock,2026-07-20
OFF-LA-10002996,Singapore Warehouse,360.0,72.0,In Stock,2026-07-20
TEC-AC-10001995,Chicago Warehouse,114.0,22.0,In Stock,2026-07-20
OFF-ELD-10000151,Singapore Warehouse,447.0,89.0,In-Stock,20/07/2026
OFF-GLO-10001233,Singapore Warehouse,460.0,92.0,IN STOCK,2026-07-20
FUR-ADV-10001659,Rotterdam Warehouse,78.0,15.0,IN STOCK,2026-07-20
OFF-BI-10001456,Singapore Warehouse,358.0,71.0,In Stock,2026-07-20
OFF-STO-10003395,Singapore Warehouse,300.0,60.0,In Stock,2026-07-20
OFF-LA-10000784,Singapore Warehouse,394.0,78.0,In Stock,2026-07-20
FUR-FU-10002387,Rotterdam Warehouse,144.0,28.0,In Stock,2026-07-20
OFF-FA-10000799,Singapore Warehouse,,57.0,In Stock,2026-07-20
OFF-AR-10004269,Singapore Warehouse,416.0,83.0,In Stock,2026-07-20
FUR-BEV-10002803,Rotterdam Warehouse,107.0,21.0,In Stock,2026-07-20
TEC-PH-10000213,Chicago Warehouse,230.0,46.0,In Stock,2026-07-20
OFF-SU-10000388,Singapore Warehouse,254.0,50.0,In Stock,20/07/2026
OFF-ROG-10003898,Singapore Warehouse,438.0,87.0,In Stock,2026-07-20
OFF-BI-10000787,Singapore Warehouse,202.0,40.0,IN STOCK,2026-07-20
TEC-MA-10002424,Chicago Warehouse,139.0,27.0,In Stock,2026-07-20
OFF-ST-10000022,Singapore Warehouse,438.0,87.0,In Stock,2026-07-20
FUR-BAR-10001039,,97.0,19.0,In Stock,2026-07-20
OFF-BOS-10000363,Singapore Warehouse,305.0,61.0,In Stock,2026-07-20
FUR-TA-10003179,Rotterdam Warehouse,72.0,14.0,In Stock,2026-07-20
OFF-AP-10000023,Singapore Warehouse,310.0,62.0,In Stock,2026-07-20
FUR-TA-10003954,Rotterdam Warehouse,138.0,27.0,In Stock,2026-07-20
FUR-DEF-10003551,Rotterdam Warehouse,122.0,24.0,In Stock,2026-07-20
OFF-BI-10000315,Singapore Warehouse,236.0,47.0,In Stock,2026-07-20
OFF-LA-10000425,Singapore Warehouse,252.0,50.0,In Stock,2026-07-20
OFF-LA-10000779,Singapore Warehouse,229.0,45.0,In Stock,2026-07-20
OFF-AP-10004655,Singapore Warehouse,434.0,86.0,In-Stock,2026-07-20
OFF-EN-10002140,Singapore Warehouse,286.0,57.0,In Stock,2026-07-20
OFF-SME-10004553,Singapore Warehouse,327.0,65.0,In Stock,2026-07-20
FUR-BEV-10001853,Rotterdam Warehouse,112.0,22.0,In Stock,2026-07-20
TEC-AC-10004379,Chicago Warehouse,194.0,38.0,In Stock,2026-07-20
TEC-CO-10004998,Chicago Warehouse,164.0,32.0,In Stock,2026-07-20
FUR-ELD-10003179,Rotterdam Warehouse,68.0,13.0,In Stock,2026-07-20
FUR-TA-10001558,Rotterdam Warehouse,128.0,25.0,In Stock,2026-07-20
OFF-ST-10000718,Singapore Warehouse,296.0,59.0,In Stock,2026-07-20
TEC-PH-10000026,Chicago Warehouse,213.0,42.0,In Stock,2026-07-20
OFF-STO-10003802,Singapore Warehouse,224.0,44.0,In Stock,2026-07-20
OFF-ST-10001547,Singapore Warehouse,316.0,63.0,In Stock,2026-07-20
OFF-ST-10003020,Singapore Warehouse,259.0,51.0,In Stock,2026-07-20
OFF-FA-10003990,Singapore Warehouse,278.0,55.0,In Stock,2026-07-20
OFF-SAN-10004706,Singapore Warehouse,498.0,99.0,In Stock,20/07/2026
FUR-CH-10000825,Rotterdam Warehouse,72.0,14.0,In Stock,2026-07-20
OFF-BI-10002571,Singapore Warehouse,264.0,52.0,In Stock,
OFF-PA-10002160,Singapore Warehouse,256.0,51.0,In Stock,2026-07-20
TEC-PH-10003793,Chicago Warehouse,158.0,31.0,In Stock,2026-07-20
OFF-SU-10002214,Singapore Warehouse,457.0,91.0,IN STOCK,2026-07-20
OFF-FA-10000624,Singapore Warehouse,426.0,85.0,In Stock,2026-07-20
FUR-CH-10003559,Rotterdam Warehouse,84.0,16.0,In Stock,2026-07-20
TEC-CO-10003019,Chicago Warehouse,194.0,38.0,In Stock,20/07/2026
OFF-BI-10003999,Singapore Warehouse,334.0,66.0,In Stock,2026-07-20
FUR-CH-10000265,Rotterdam Warehouse,51.0,10.0,In Stock,2026-07-20
OFF-PA-10004200,Singapore Warehouse,294.0,58.0,,2026-07-20
FUR-CH-10002372,Rotterdam Warehouse,60.0,12.0,In Stock,2026-07-20
OFF-OIC-10004999,Singapore Warehouse,478.0,95.0,In Stock,2026-07-20
FUR-CH-10004495,Rotterdam Warehouse,56.0,11.0,In Stock,2026-07-20
OFF-BOS-10001511,Singapore Warehouse,348.0,69.0,In Stock,2026-07-20
OFF-KIT-10001791,Singapore Warehouse,430.0,,In Stock,2026-07-20
OFF-ST-10004950,Singapore Warehouse,358.0,71.0,In Stock,2026-07-20
FUR-BO-10003287,Rotterdam Warehouse,76.0,15.0,In Stock,2026-07-20
OFF-BI-10004969,Singapore Warehouse,325.0,65.0,In Stock,2026-07-20
OFF-PA-10000174,Singapore Warehouse,261.0,52.0,In Stock,2026-07-20
TEC-SAM-10002682,Chicago Warehouse,129.0,25.0,In-Stock,20/07/2026
FUR-BO-10004690,Rotterdam Warehouse,89.0,17.0,In Stock,2026-07-20
FUR-BO-10001387,Rotterdam Warehouse,77.0,15.0,In Stock,2026-07-20
TEC-AC-10004715,Chicago Warehouse,156.0,31.0,In Stock,20/07/2026
OFF-BI-10002632,Singapore Warehouse,319.0,63.0,In Stock,2026-07-20
OFF-ST-10002070,Singapore Warehouse,258.0,51.0,In Stock,2026-07-20
FUR-TA-10001359,Rotterdam Warehouse,64.0,12.0,In Stock,
TEC-AC-10002637,Chicago Warehouse,215.0,43.0,In Stock,2026-07-20
OFF-EN-10000699,Singapore Warehouse,418.0,83.0,,2026-07-20
OFF-PA-10002195,Singapore Warehouse ,368.0,73.0,In Stock,2026-07-20
OFF-FA-10001199,Singapore Warehouse,439.0,87.0,In Stock,2026-07-20
OFF-BI-10003856,Singapore Warehouse,249.0,49.0,In Stock,20/07/2026
FUR-BO-10003441,,66.0,13.0,In Stock,2026-07-20
TEC-PH-10004583,Chicago Warehouse,239.0,47.0,IN STOCK,2026-07-20
OFF-SU-10003936,Singapore Warehouse,224.0,44.0,In Stock,2026-07-20
OFF-ACC-10000798,Singapore Warehouse,404.0,80.0,In Stock,2026-07-20
OFF-BI-10001634,Singapore Warehouse,240.0,48.0,In Stock,2026-07-20
OFF-EN-10003748,Singapore Warehouse,292.0,58.0,In Stock,
TEC-SAM-10001985,Chicago Warehouse,178.0,35.0,In Stock,2026-07-20
FUR-BO-10000596,Rotterdam Warehouse,52.0,10.0,,2026-07-20
OFF-FA-10003703,Singapore Warehouse,434.0,86.0,In Stock,2026-07-20
FUR-RUB-10004285,Rotterdam Warehouse ,131.0,26.0,In Stock,2026-07-20
TEC-PH-10003646,Chicago Warehouse,96.0,19.0,In Stock,2026-07-20
OFF-ST-10004489,Singapore Warehouse,289.0,57.0,In Stock,2026-07-20
TEC-PH-10001602,Chicago Warehouse,85.0,17.0,In Stock,2026-07-20
FUR-FU-10004137,Rotterdam Warehouse,128.0,25.0,In Stock,2026-07-20
OFF-ST-10000617,Singapore Warehouse,225.0,45.0,In Stock,2026-07-20
OFF-LA-10002353,Singapore Warehouse,474.0,94.0,In Stock,2026-07-20
OFF-HOO-10003246,Singapore Warehouse,294.0,58.0,In Stock,2026-07-20
OFF-OIC-10004536,Singapore Warehouse,269.0,53.0,In-Stock,2026-07-20
OFF-AP-10003007,Singapore Warehouse,256.0,51.0,In Stock,2026-07-20
TEC-MA-10004424,Chicago Warehouse,213.0,42.0,In Stock,2026-07-20
OFF-AR-10003651,Singapore Warehouse,458.0,91.0,In Stock,2026-07-20
FUR-FU-10004960,Rotterdam Warehouse,126.0,25.0,IN STOCK,2026-07-20
OFF-FA-10002241,Singapore Warehouse,367.0,73.0,In Stock,2026-07-20
OFF-EN-10004493,Singapore Warehouse,363.0,72.0,In Stock,2026-07-20
TEC-PH-10002200,Chicago Warehouse,139.0,27.0,In Stock,2026-07-20
OFF-LA-10000495,Singapore Warehouse,445.0,89.0,In Stock,2026-07-20
OFF-ST-10000352,Singapore Warehouse,297.0,59.0,In Stock,2026-07-20
FUR-TEN-10003050,Rotterdam Warehouse,110.0,22.0,In Stock,2026-07-20
OFF-NOV-10004968,Singapore Warehouse,304.0,60.0,In Stock,2026-07-20
TEC-LOG-10002589,Chicago Warehouse,82.0,16.0,In Stock,2026-07-20
OFF-EN-10000182,Singapore Warehouse,499.0,99.0,In Stock,2026-07-20
OFF-AR-10003683,Singapore Warehouse,218.0,43.0,In Stock,2026-07-20
TEC-AC-10003704,Chicago Warehouse,83.0,16.0,In Stock,2026-07-20
OFF-LA-10000635,Singapore Warehouse,432.0,86.0,In Stock,2026-07-20
OFF-BI-10004470,Singapore Warehouse,356.0,71.0,In Stock,20/07/2026
OFF-EN-10000461,Singapore Warehouse,238.0,47.0,In Stock,2026-07-20
FUR-BO-10003985,Rotterdam Warehouse ,76.0,15.0,In Stock,2026-07-20
TEC-PH-10001732,Chicago Warehouse,133.0,26.0,,2026-07-20
FUR-FU-10004909,Rotterdam Warehouse,123.0,24.0,In Stock,2026-07-20
TEC-ENE-10000995,Chicago Warehouse,119.0,23.0,In Stock,2026-07-20
TEC-MA-10000087,Chicago Warehouse,208.0,41.0,In Stock,2026-07-20
FUR-DAN-10002017,Rotterdam Warehouse,139.0,27.0,In Stock,20/07/2026
OFF-AR-10004303,Singapore Warehouse,285.0,57.0,In Stock,2026-07-20
FUR-BO-10004312,Rotterdam Warehouse,64.0,12.0,In Stock,20/07/2026
OFF-AR-10004138,Singapore Warehouse,386.0,77.0,In Stock,2026-07-20
FUR-CH-10000920,Rotterdam Warehouse,139.0,27.0,In Stock,2026-07-20
TEC-MA-10000752,Chicago Warehouse,232.0,46.0,In Stock,2026-07-20
FUR-CH-10002002,Rotterdam Warehouse,148.0,29.0,In Stock,2026-07-20
OFF-SU-10003723,Singapore Warehouse,237.0,47.0,In Stock,2026-07-20
FUR-BO-10002204,Rotterdam Warehouse,61.0,12.0,In Stock,2026-07-20
OFF-PA-10004495,Singapore Warehouse,367.0,73.0,,2026-07-20
OFF-AR-10000513,Singapore Warehouse,364.0,72.0,In Stock,2026-07-20
FUR-TA-10001930,Rotterdam Warehouse,77.0,15.0,In Stock,2026-07-20
TEC-PH-10004888,Chicago Warehouse,147.0,29.0,In Stock,20/07/2026
OFF-BI-10000813,Singapore Warehouse,394.0,78.0,In Stock,2026-07-20
OFF-HON-10004621,Singapore Warehouse,216.0,43.0,In Stock,20/07/2026
OFF-ADV-10002593,Singapore Warehouse,281.0,56.0,In Stock,2026-07-20
OFF-BI-10000069,Singapore Warehouse,444.0,88.0,In Stock,2026-07-20
TEC-MA-10001358,Chicago Warehouse,153.0,30.0,In Stock,2026-07-20
OFF-EN-10000084,Singapore Warehouse,316.0,63.0,In Stock,2026-07-20
FUR-FU-10003862,Rotterdam Warehouse,73.0,14.0,In Stock,2026-07-20
OFF-FA-10004687,Singapore Warehouse,303.0,60.0,In Stock,2026-07-20
OFF-FA-10002988,Singapore Warehouse,486.0,97.0,In Stock,2026-07-20
OFF-AP-10000663,Singapore Warehouse,205.0,41.0,In Stock,2026-07-20
OFF-EAT-10001137,Singapore Warehouse,329.0,65.0,In Stock,2026-07-20
FUR-FU-10002614,Rotterdam Warehouse,69.0,13.0,,2026-07-20
OFF-PA-10000019,Singapore Warehouse,372.0,74.0,In Stock,2026-07-20
OFF-ST-10003147,Singapore Warehouse,460.0,92.0,In Stock,2026-07-20
FUR-BO-10003913,Rotterdam Warehouse,118.0,23.0,In Stock,2026-07-20
FUR-BO-10003103,Rotterdam Warehouse,,27.0,In Stock,2026-07-20
FUR-CH-10001343,Rotterdam Warehouse,138.0,27.0,In Stock,2026-07-20
OFF-FA-10000189,,243.0,48.0,In Stock,2026-07-20
OFF-AR-10001645,Singapore Warehouse,230.0,46.0,In Stock,2026-07-20
TEC-CO-10000620,Chicago Warehouse,195.0,39.0,IN STOCK,2026-07-20
OFF-AR-10001269,Singapore Warehouse,371.0,74.0,In Stock,2026-07-20
TEC-NOK-10002716,Chicago Warehouse,119.0,23.0,In Stock,2026-07-20
FUR-SAU-10000637,Rotterdam Warehouse,125.0,25.0,In Stock,2026-07-20
TEC-AC-10003626,Chicago Warehouse,246.0,49.0,In Stock,2026-07-20
OFF-EN-10003431,Singapore Warehouse,318.0,63.0,In Stock,2026-07-20
TEC-MA-10003230,Chicago Warehouse,80.0,16.0,In Stock,2026-07-20
TEC-CO-10003362,Chicago Warehouse ,107.0,21.0,In Stock,2026-07-20
FUR-CH-10001039,Rotterdam Warehouse,95.0,19.0,In Stock,2026-07-20
TEC-AC-10002795,Chicago Warehouse,225.0,45.0,In Stock,2026-07-20
OFF-PA-10001712,Singapore Warehouse,280.0,56.0,In Stock,2026-07-20
TEC-APP-10000530,Chicago Warehouse,224.0,44.0,In Stock,2026-07-20
OFF-PA-10004856,Singapore Warehouse,260.0,52.0,In Stock,2026-07-20
OFF-PA-10004313,Singapore Warehouse,370.0,74.0,In Stock,2026-07-20
OFF-EN-10000387,Singapore Warehouse,477.0,95.0,In Stock,2026-07-20
FUR-CH-10003941,Rotterdam Warehouse,,26.0,In Stock,2026-07-20
OFF-ST-10004703,Singapore Warehouse,359.0,71.0,In Stock,2026-07-20
OFF-AME-10001489,Singapore Warehouse,364.0,72.0,In Stock,2026-07-20
OFF-SU-10002709,Singapore Warehouse,321.0,64.0,In Stock,2026-07-20
OFF-LA-10003132,Singapore Warehouse,328.0,65.0,,2026-07-20
FUR-FU-10004608,Rotterdam Warehouse,87.0,17.0,In Stock,2026-07-20
OFF-AR-10002583,Singapore Warehouse,308.0,61.0,In Stock,2026-07-20
OFF-STO-10004503,Singapore Warehouse,469.0,93.0,In Stock,20/07/2026
FUR-FU-10000747,Rotterdam Warehouse,82.0,16.0,In Stock,2026-07-20
TEC-AC-10004054,Chicago Warehouse,173.0,34.0,In Stock,2026-07-20
OFF-LA-10003720,Singapore Warehouse,289.0,57.0,In Stock,20/07/2026
OFF-SU-10000148,Singapore Warehouse,417.0,83.0,In Stock,2026-07-20
OFF-ST-10002555,Singapore Warehouse,488.0,97.0,In Stock,2026-07-20
FUR-HON-10003593,Rotterdam Warehouse,57.0,11.0,In Stock,2026-07-20
FUR-CH-10003841,Rotterdam Warehouse,74.0,14.0,In Stock,2026-07-20
FUR-TA-10002411,Rotterdam Warehouse,142.0,28.0,In Stock,2026-07-20
FUR-DEF-10002774,Rotterdam Warehouse,128.0,25.0,In Stock,2026-07-20
OFF-FA-10000131,Singapore Warehouse,364.0,72.0,In Stock,2026-07-20
TEC-SHA-10000501,Chicago Warehouse,239.0,47.0,In Stock,2026-07-20
FUR-BO-10001039,Rotterdam Warehouse,97.0,19.0,In Stock,2026-07-20
OFF-ST-10003164,Singapore Warehouse,412.0,82.0,In Stock,2026-07-20
OFF-EN-10002757,Singapore Warehouse,484.0,96.0,In Stock,2026-07-20
FUR-FU-10003283,Rotterdam Warehouse,115.0,23.0,In Stock,2026-07-20
OFF-PA-10000349,Singapore Warehouse,361.0,72.0,In Stock,2026-07-20
OFF-SAN-10003318,Singapore Warehouse,362.0,72.0,In Stock,
OFF-AP-10001559,Singapore Warehouse,269.0,53.0,In Stock,2026-07-20
FUR-CH-10003774,Rotterdam Warehouse,62.0,12.0,In Stock,2026-07-20
OFF-FA-10004545,Singapore Warehouse,412.0,82.0,In Stock,2026-07-20
OFF-ELI-10001904,Singapore Warehouse,209.0,41.0,In Stock,2026-07-20
OFF-ST-10003153,Singapore Warehouse,448.0,89.0,In Stock,2026-07-20
OFF-BI-10001098,Singapore Warehouse,266.0,53.0,In Stock,2026-07-20
OFF-AR-10004010,Singapore Warehouse,351.0,-70.0,In Stock,2026-07-20
FUR-CH-10002362,Rotterdam Warehouse,113.0,22.0,In Stock,2026-07-20
OFF-ST-10001229,Singapore Warehouse,454.0,90.0,In Stock,2026-07-20
FUR-CH-10003883,Rotterdam Warehouse,103.0,20.0,In Stock,2026-07-20
OFF-PA-10000450,Singapore Warehouse,219.0,43.0,IN STOCK,2026-07-20
OFF-EN-10001621,Singapore Warehouse,460.0,92.0,In Stock,2026-07-20
OFF-FA-10004310,Singapore Warehouse,331.0,66.0,In Stock,2026-07-20
TEC-MA-10001825,Chicago Warehouse,91.0,18.0,In Stock,2026-07-20
TEC-CO-10004152,Chicago Warehouse,239.0,47.0,In Stock,2026-07-20
TEC-PH-10000087,Chicago Warehouse,98.0,19.0,In Stock,2026-07-20
OFF-AR-10002111,Singapore Warehouse,273.0,54.0,In Stock,2026-07-20
OFF-ST-10004549,Singapore Warehouse,236.0,47.0,In Stock,2026-07-20
OFF-AP-10003497,Singapore Warehouse,227.0,45.0,In Stock,2026-07-20
TEC-EPS-10000689,Chicago Warehouse,229.0,45.0,In Stock,2026-07-20
OFF-SU-10000789,Singapore Warehouse,499.0,99.0,In Stock,2026-07-20
OFF-SU-10000113,Singapore Warehouse,340.0,68.0,In Stock,2026-07-20
TEC-CO-10004078,Chicago Warehouse,124.0,24.0,In Stock,2026-07-20
FUR-CH-10004306,Rotterdam Warehouse,63.0,12.0,In Stock,2026-07-20
OFF-BI-10001200,Singapore Warehouse,487.0,97.0,In Stock,20/07/2026
OFF-SU-10004008,Singapore Warehouse,260.0,52.0,In Stock,2026-07-20
OFF-BI-10004700,Singapore Warehouse,259.0,51.0,In Stock,2026-07-20
FUR-BO-10000502,Rotterdam Warehouse,148.0,29.0,In Stock,2026-07-20
OFF-AR-10001612,Singapore Warehouse,206.0,41.0,In Stock,2026-07-20
TEC-AC-10004938,Chicago Warehouse,205.0,41.0,IN STOCK,2026-07-20
OFF-IBI-10000684,Singapore Warehouse,400.0,80.0,In Stock,2026-07-20
FUR-TA-10002093,Rotterdam Warehouse,106.0,21.0,In Stock,20/07/2026
OFF-BI-10004781,Singapore Warehouse,307.0,61.0,In Stock,2026-07-20
OFF-ELD-10001318,Singapore Warehouse,223.0,44.0,In Stock,2026-07-20
OFF-CAM-10002734,Singapore Warehouse,367.0,73.0,In Stock,2026-07-20
OFF-EN-10003001,Singapore Warehouse,404.0,80.0,In Stock,2026-07-20
TEC-AC-10000431,Chicago Warehouse,148.0,29.0,In Stock,2026-07-20
TEC-AC-10002800,Chicago Warehouse,150.0,30.0,In Stock,2026-07-20
OFF-NOV-10002610,Singapore Warehouse,258.0,51.0,In Stock,2026-07-20
OFF-SU-10001133,,359.0,71.0,In Stock,2026-07-20
OFF-BI-10000051,Singapore Warehouse,305.0,61.0,In Stock,2026-07-20
OFF-BI-10001096,Singapore Warehouse,447.0,89.0,In Stock,2026-07-20
TEC-AC-10002522,Chicago Warehouse,164.0,32.0,In-Stock,2026-07-20
OFF-AP-10000043,Singapore Warehouse,229.0,45.0,In Stock,2026-07-20
OFF-AP-10004249,Singapore Warehouse,400.0,80.0,In Stock,2026-07-20
OFF-BI-10000343,Singapore Warehouse,215.0,43.0,In Stock,2026-07-20
TEC-CO-10000794,Chicago Warehouse,98.0,19.0,IN STOCK,2026-07-20
OFF-AR-10004748,Singapore Warehouse,457.0,91.0,In Stock,2026-07-20
TEC-MA-10004059,Chicago Warehouse,234.0,46.0,In Stock,2026-07-20
OFF-OIC-10001056,Singapore Warehouse,434.0,86.0,In Stock,2026-07-20
OFF-OIC-10000988,Singapore Warehouse,234.0,46.0,In Stock,2026-07-20
OFF-SU-10002785,Singapore Warehouse,379.0,75.0,IN STOCK,2026-07-20
OFF-SAN-10001542,Singapore Warehouse,465.0,,In Stock,2026-07-20
OFF-PA-10000758,Singapore Warehouse,344.0,68.0,In Stock,2026-07-20
OFF-XER-10002848,Singapore Warehouse,304.0,60.0,In Stock,2026-07-20
OFF-EN-10001434,Singapore Warehouse,483.0,96.0,In Stock,
OFF-LA-10000738,Singapore Warehouse,362.0,72.0,In Stock,2026-07-20
OFF-ST-10000136,Singapore Warehouse,224.0,44.0,In Stock,2026-07-20
OFF-BOS-10002705,Singapore Warehouse,257.0,51.0,In Stock,2026-07-20
FUR-FU-10000018,Rotterdam Warehouse,94.0,18.0,In Stock,2026-07-20
FUR-FU-10000820,Rotterdam Warehouse,138.0,27.0,In Stock,2026-07-20
FUR-TA-10000490,Rotterdam Warehouse,142.0,28.0,In Stock,2026-07-20
OFF-BI-10004801,Singapore Warehouse,368.0,73.0,In Stock,2026-07-20
OFF-SU-10000066,Singapore Warehouse,476.0,95.0,In Stock,2026-07-20
FUR-BO-10000517,Rotterdam Warehouse,124.0,24.0,In Stock,2026-07-20
TEC-MA-10002413,Chicago Warehouse,183.0,36.0,IN STOCK,2026-07-20
OFF-CAR-10003030,Singapore Warehouse,277.0,55.0,In Stock,2026-07-20
FUR-CH-10003341,Rotterdam Warehouse,131.0,26.0,In Stock,20/07/2026
OFF-EN-10003422,Singapore Warehouse,201.0,40.0,IN STOCK,2026-07-20
OFF-LA-10000276,Singapore Warehouse,255.0,51.0,In Stock,2026-07-20
OFF-FA-10004606,Singapore Warehouse,463.0,92.0,,2026-07-20
TEC-AC-10004434,Chicago Warehouse,179.0,35.0,In Stock,2026-07-20
OFF-EN-10003498,Singapore Warehouse,406.0,81.0,In Stock,2026-07-20
OFF-FA-10001815,Singapore Warehouse,219.0,43.0,In Stock,2026-07-20
OFF-ST-10002598,Singapore Warehouse,378.0,75.0,In Stock,2026-07-20
FUR-FU-10002630,Rotterdam Warehouse,56.0,11.0,In Stock,
FUR-CH-10003616,Rotterdam Warehouse,145.0,29.0,In Stock,2026-07-20
OFF-ST-10000496,Singapore Warehouse,356.0,71.0,In Stock,2026-07-20
TEC-PH-10000270,Chicago Warehouse,202.0,40.0,In Stock,2026-07-20
FUR-TA-10002041,Rotterdam Warehouse,65.0,13.0,In Stock,2026-07-20
TEC-PH-10002119,Chicago Warehouse,211.0,42.0,IN STOCK,2026-07-20
TEC-EPS-10002958,Chicago Warehouse,236.0,47.0,In Stock,2026-07-20
OFF-LA-10000220,Singapore Warehouse,238.0,47.0,In Stock,2026-07-20
OFF-BI-10002715,Singapore Warehouse,379.0,75.0,In Stock,2026-07-20
OFF-SU-10003973,Singapore Warehouse,365.0,73.0,In Stock,2026-07-20
OFF-PA-10004673,Singapore Warehouse,398.0,79.0,In Stock,2026-07-20
OFF-AP-10000751,Singapore Warehouse,437.0,87.0,In Stock,2026-07-20
OFF-LA-10003422,Singapore Warehouse,,73.0,In Stock,2026-07-20
OFF-FA-10004997,Singapore Warehouse,274.0,54.0,In Stock,2026-07-20
OFF-PA-10003156,Singapore Warehouse,219.0,43.0,IN STOCK,2026-07-20
OFF-EN-10000219,Singapore Warehouse,377.0,75.0,,2026-07-20
TEC-CO-10001309,Chicago Warehouse,134.0,26.0,In Stock,2026-07-20
FUR-NOV-10002655,Rotterdam Warehouse,94.0,18.0,In Stock,2026-07-20
FUR-FU-10004158,Rotterdam Warehouse ,109.0,21.0,In Stock,2026-07-20
OFF-PA-10003449,Singapore Warehouse,292.0,58.0,In Stock,2026-07-20
FUR-BO-10002383,Rotterdam Warehouse,99.0,19.0,In Stock,2026-07-20
OFF-PA-10002552,Singapore Warehouse,364.0,72.0,In-Stock,2026-07-20
OFF-BI-10002437,Singapore Warehouse,406.0,81.0,IN STOCK,2026-07-20
FUR-CH-10001891,Rotterdam Warehouse,77.0,15.0,In Stock,2026-07-20
TEC-MA-10000768,Chicago Warehouse,219.0,43.0,In Stock,2026-07-20
TEC-MA-10004063,Chicago Warehouse ,87.0,17.0,In Stock,2026-07-20
OFF-PA-10004335,Singapore Warehouse,483.0,96.0,In Stock,2026-07-20
OFF-EN-10000898,Singapore Warehouse,342.0,68.0,In Stock,2026-07-20
OFF-LA-10001634,Singapore Warehouse,322.0,64.0,In Stock,2026-07-20
FUR-BO-10004935,Rotterdam Warehouse,64.0,12.0,In Stock,2026-07-20
FUR-CH-10000656,Rotterdam Warehouse,51.0,10.0,In-Stock,2026-07-20
OFF-OIC-10001477,,490.0,98.0,In Stock,2026-07-20
OFF-ROG-10004949,Singapore Warehouse,213.0,42.0,In Stock,2026-07-20
OFF-EN-10001538,Singapore Warehouse,420.0,84.0,In Stock,2026-07-20
OFF-EN-10001335,Singapore Warehouse,493.0,98.0,In Stock,2026-07-20
FUR-BUS-10004336,Rotterdam Warehouse ,148.0,29.0,In Stock,2026-07-20
FUR-TA-10000750,Rotterdam Warehouse,125.0,25.0,In Stock,2026-07-20
TEC-CO-10001846,Chicago Warehouse,241.0,48.0,In Stock,2026-07-20
TEC-PH-10002563,Chicago Warehouse,132.0,26.0,In Stock,2026-07-20
TEC-CO-10002916,Chicago Warehouse,133.0,26.0,In Stock,2026-07-20
OFF-AP-10002518,Singapore Warehouse,248.0,49.0,In Stock,20/07/2026
OFF-SU-10003428,Singapore Warehouse,369.0,73.0,In Stock,2026-07-20
OFF-EN-10002736,Singapore Warehouse,243.0,48.0,In Stock,2026-07-20
OFF-PA-10003664,Singapore Warehouse ,279.0,55.0,In Stock,2026-07-20
OFF-PA-10001776,Singapore Warehouse,448.0,89.0,In Stock,
OFF-PA-10000809,Singapore Warehouse,308.0,61.0,In Stock,2026-07-20
OFF-AP-10004031,Singapore Warehouse,298.0,59.0,In Stock,2026-07-20
TEC-CO-10001413,Chicago Warehouse,228.0,45.0,In Stock,2026-07-20
TEC-LOG-10001629,Chicago Warehouse,108.0,21.0,In Stock,2026-07-20
OFF-PA-10002396,Singapore Warehouse,315.0,63.0,In Stock,2026-07-20
FUR-NOV-10002791,Rotterdam Warehouse,85.0,17.0,In Stock,2026-07-20
FUR-BO-10003272,Rotterdam Warehouse,54.0,10.0,In Stock,2026-07-20
OFF-BI-10003963,Singapore Warehouse,315.0,63.0,In Stock,2026-07-20
FUR-CH-10000843,Rotterdam Warehouse,79.0,15.0,In Stock,2026-07-20
OFF-CAM-10004271,Singapore Warehouse,464.0,92.0,In Stock,2026-07-20
OFF-AP-10003794,Singapore Warehouse,451.0,90.0,In Stock,20/07/2026
OFF-SU-10000213,Singapore Warehouse,427.0,85.0,In Stock,2026-07-20
TEC-CO-10003561,Chicago Warehouse,122.0,24.0,In Stock,2026-07-20
TEC-PH-10003916,Chicago Warehouse,145.0,29.0,In Stock,2026-07-20
TEC-PAN-10004360,Chicago Warehouse,233.0,46.0,In Stock,2026-07-20
OFF-LA-10003967,Singapore Warehouse,394.0,78.0,In Stock,2026-07-20
TEC-MA-10003079,Chicago Warehouse,190.0,38.0,In Stock,2026-07-20
OFF-AR-10004116,Singapore Warehouse,,54.0,In Stock,2026-07-20
TEC-MA-10001302,Chicago Warehouse,82.0,16.0,,2026-07-20
OFF-KIT-10003683,Singapore Warehouse,249.0,49.0,In-Stock,2026-07-20
OFF-ACM-10002301,Singapore Warehouse,342.0,68.0,In Stock,2026-07-20
TEC-HEW-10003531,Chicago Warehouse,195.0,39.0,In Stock,2026-07-20
FUR-BUS-10001243,,137.0,27.0,In Stock,2026-07-20
OFF-ST-10002583,Singapore Warehouse,399.0,79.0,In Stock,2026-07-20
FUR-BO-10002592,Rotterdam Warehouse,105.0,21.0,In Stock,2026-07-20
TEC-PH-10003995,Chicago Warehouse,206.0,41.0,In Stock,2026-07-20
OFF-SME-10002467,Singapore Warehouse,339.0,67.0,In Stock,2026-07-20
OFF-SAN-10002639,Singapore Warehouse,230.0,46.0,In Stock,2026-07-20
FUR-FU-10001619,Rotterdam Warehouse,56.0,11.0,In Stock,2026-07-20
OFF-FA-10001776,Singapore Warehouse,424.0,84.0,In Stock,2026-07-20
FUR-TA-10001771,Rotterdam Warehouse,75.0,15.0,In Stock,2026-07-20
TEC-PH-10000720,Chicago Warehouse,108.0,21.0,In Stock,2026-07-20
OFF-LA-10004594,Singapore Warehouse,452.0,90.0,In Stock,2026-07-20
TEC-PH-10001580,Chicago Warehouse,189.0,37.0,In Stock,2026-07-20
FUR-FU-10004614,Rotterdam Warehouse,101.0,20.0,In Stock,2026-07-20
TEC-PH-10003764,Chicago Warehouse,142.0,28.0,In Stock,2026-07-20
FUR-FU-10003608,Rotterdam Warehouse,75.0,15.0,In Stock,2026-07-20
OFF-ST-10002386,Singapore Warehouse,379.0,75.0,In Stock,2026-07-20
TEC-PH-10002102,Chicago Warehouse,105.0,21.0,In Stock,2026-07-20
FUR-TA-10002351,Rotterdam Warehouse,127.0,25.0,In Stock,2026-07-20
OFF-AP-10002822,Singapore Warehouse,235.0,47.0,In Stock,2026-07-20
OFF-PA-10004438,Singapore Warehouse,243.0,48.0,IN STOCK,2026-07-20
FUR-BO-10004771,Rotterdam Warehouse,105.0,21.0,In Stock,2026-07-20
OFF-ACC-10002343,Singapore Warehouse,209.0,41.0,In Stock,2026-07-20
OFF-LA-10003283,Singapore Warehouse,200.0,40.0,In Stock,2026-07-20
OFF-SU-10001770,Singapore Warehouse ,318.0,63.0,In Stock,2026-07-20
OFF-LA-10003190,Singapore Warehouse,249.0,49.0,In Stock,2026-07-20
OFF-LA-10001771,Singapore Warehouse,331.0,66.0,In Stock,2026-07-20
OFF-BOS-10001576,Singapore Warehouse,303.0,60.0,In Stock,2026-07-20
OFF-EN-10004186,Singapore Warehouse,210.0,,In Stock,2026-07-20
FUR-BO-10002981,Rotterdam Warehouse,74.0,14.0,In Stock,2026-07-20
OFF-ADV-10000177,Singapore Warehouse,274.0,54.0,In Stock,20/07/2026
OFF-ENE-10000516,Singapore Warehouse,447.0,89.0,In Stock,2026-07-20
FUR-CH-10002574,Rotterdam Warehouse,65.0,13.0,In Stock,2026-07-20
TEC-CO-10001629,Chicago Warehouse,242.0,48.0,IN STOCK,2026-07-20
OFF-BIN-10004563,Singapore Warehouse,353.0,70.0,In Stock,2026-07-20
OFF-LA-10004320,Singapore Warehouse,360.0,72.0,In Stock,2026-07-20
OFF-BI-10001597,Singapore Warehouse,396.0,79.0,In Stock,2026-07-20
FUR-BO-10002529,Rotterdam Warehouse,115.0,23.0,In Stock,2026-07-20
TEC-PH-10004094,Chicago Warehouse,127.0,25.0,In Stock,2026-07-20
OFF-AP-10003884,Singapore Warehouse,382.0,76.0,In Stock,2026-07-20
FUR-CH-10001913,Rotterdam Warehouse,149.0,29.0,In Stock,2026-07-20
FUR-FU-10000507,Rotterdam Warehouse,54.0,10.0,In Stock,2026-07-20
FUR-CH-10004047,Rotterdam Warehouse,110.0,22.0,In Stock,2026-07-20
OFF-ACM-10002713,Singapore Warehouse,468.0,93.0,In Stock,2026-07-20
OFF-AR-10000058,Singapore Warehouse,392.0,78.0,In Stock,2026-07-20
FUR-SAF-10001322,Rotterdam Warehouse,61.0,12.0,In Stock,2026-07-20
OFF-AR-10003875,Singapore Warehouse,243.0,48.0,In Stock,2026-07-20
OFF-LA-10002974,Singapore Warehouse,416.0,83.0,In Stock,2026-07-20
TEC-MA-10004615,Chicago Warehouse,194.0,38.0,In Stock,2026-07-20
FUR-FU-10001436,Rotterdam Warehouse,58.0,11.0,In Stock,2026-07-20
FUR-BO-10003554,Rotterdam Warehouse,142.0,28.0,In Stock,2026-07-20
FUR-TA-10002645,Rotterdam Warehouse,82.0,16.0,In Stock,2026-07-20
FUR-CH-10004810,Rotterdam Warehouse,140.0,28.0,In Stock,2026-07-20
OFF-ST-10000710,Singapore Warehouse,295.0,59.0,IN STOCK,2026-07-20
OFF-EN-10002855,Singapore Warehouse,216.0,43.0,In Stock,2026-07-20
FUR-FU-10004955,Rotterdam Warehouse,63.0,12.0,In Stock,2026-07-20
TEC-AC-10002543,Chicago Warehouse,156.0,31.0,In Stock,2026-07-20
TEC-CO-10003307,Chicago Warehouse,95.0,19.0,In Stock,2026-07-20
FUR-FU-10002800,Rotterdam Warehouse,66.0,13.0,In Stock,2026-07-20
TEC-CO-10001895,Chicago Warehouse,89.0,17.0,In Stock,2026-07-20
OFF-FA-10003596,Singapore Warehouse,469.0,93.0,In Stock,2026-07-20
FUR-FU-10003408,Rotterdam Warehouse,117.0,23.0,In Stock,2026-07-20
OFF-LA-10002625,Singapore Warehouse,346.0,69.0,In Stock,2026-07-20
FUR-BO-10002580,Rotterdam Warehouse,114.0,-22.0,In Stock,2026-07-20
OFF-LA-10004487,,222.0,44.0,In Stock,2026-07-20
OFF-BI-10000124,Singapore Warehouse,308.0,61.0,In Stock,2026-07-20
TEC-PH-10003215,Chicago Warehouse,212.0,42.0,In Stock,2026-07-20
TEC-MA-10003682,Chicago Warehouse,190.0,38.0,In Stock,2026-07-20
TEC-AC-10001606,Chicago Warehouse,243.0,48.0,In Stock,2026-07-20
OFF-PA-10003139,Singapore Warehouse,350.0,70.0,In Stock,2026-07-20
OFF-PA-10004000,Singapore Warehouse,403.0,80.0,In Stock,2026-07-20
TEC-AC-10002322,Chicago Warehouse,132.0,26.0,In Stock,2026-07-20
FUR-BO-10001646,Rotterdam Warehouse,91.0,18.0,In Stock,2026-07-20
OFF-BIC-10002403,Singapore Warehouse,228.0,45.0,In Stock,2026-07-20
OFF-SU-10002557,Singapore Warehouse,390.0,78.0,IN STOCK,2026-07-20
OFF-EN-10004801,Singapore Warehouse,222.0,44.0,,2026-07-20
OFF-KRA-10001967,Singapore Warehouse,464.0,92.0,In Stock,2026-07-20
OFF-SU-10004261,Singapore Warehouse,319.0,63.0,In Stock,2026-07-20
FUR-BAR-10003532,Rotterdam Warehouse,120.0,24.0,In Stock,2026-07-20
OFF-BI-10000930,Singapore Warehouse,482.0,96.0,In Stock,2026-07-20
OFF-PA-10001085,Singapore Warehouse,204.0,40.0,In Stock,2026-07-20
OFF-ST-10004631,Singapore Warehouse,240.0,48.0,In Stock,2026-07-20
OFF-FA-10002085,Singapore Warehouse ,417.0,83.0,In Stock,2026-07-20
OFF-SME-10000258,Singapore Warehouse,466.0,93.0,In Stock,2026-07-20
OFF-FA-10000038,Singapore Warehouse,313.0,62.0,In Stock,2026-07-20
TEC-AC-10003027,Chicago Warehouse,115.0,23.0,In Stock,2026-07-20
OFF-LA-10002475,Singapore Warehouse,314.0,62.0,In Stock,2026-07-20
OFF-AP-10001303,Singapore Warehouse,322.0,64.0,In Stock,2026-07-20
FUR-BO-10003126,Rotterdam Warehouse,143.0,28.0,In Stock,2026-07-20
FUR-FU-10000444,Rotterdam Warehouse,102.0,20.0,IN STOCK,2026-07-20
TEC-PH-10002602,Chicago Warehouse,218.0,43.0,In Stock,2026-07-20
OFF-ST-10004660,Singapore Warehouse,258.0,51.0,In Stock,2026-07-20
TEC-CO-10003048,Chicago Warehouse,175.0,35.0,In Stock,2026-07-20
OFF-BI-10004120,Singapore Warehouse,482.0,96.0,In Stock,2026-07-20
OFF-PA-10004627,Singapore Warehouse,374.0,74.0,In Stock,2026-07-20
OFF-ST-10001097,Singapore Warehouse,401.0,80.0,In Stock,2026-07-20
OFF-XER-10003329,Singapore Warehouse,275.0,55.0,In Stock,2026-07-20
TEC-CO-10004045,Chicago Warehouse,205.0,41.0,In Stock,2026-07-20
OFF-FIS-10004183,Singapore Warehouse ,279.0,55.0,In Stock,2026-07-20
OFF-FA-10000089,Singapore Warehouse,227.0,45.0,,2026-07-20
OFF-FA-10004401,Singapore Warehouse,277.0,55.0,In Stock,2026-07-20
OFF-SU-10004244,Singapore Warehouse,344.0,68.0,In Stock,2026-07-20
OFF-ELI-10001176,Singapore Warehouse,406.0,81.0,In Stock,2026-07-20
OFF-AP-10003318,Singapore Warehouse,425.0,85.0,In Stock,2026-07-20
OFF-PA-10000070,Singapore Warehouse,466.0,93.0,In Stock,20/07/2026
OFF-EN-10003435,Singapore Warehouse,245.0,49.0,In Stock,2026-07-20
OFF-ST-10004342,Singapore Warehouse,300.0,60.0,In Stock,2026-07-20
OFF-PA-10001736,Singapore Warehouse,410.0,82.0,In Stock,2026-07-20
FUR-SAU-10003928,Rotterdam Warehouse,112.0,22.0,In Stock,
FUR-CH-10002024,Rotterdam Warehouse,60.0,12.0,In Stock,2026-07-20
OFF-EN-10001990,Singapore Warehouse,295.0,59.0,In Stock,2026-07-20
OFF-ST-10000046,,242.0,48.0,In Stock,2026-07-20
OFF-ST-10003722,Singapore Warehouse,417.0,83.0,In Stock,2026-07-20
FUR-CH-10001797,Rotterdam Warehouse,146.0,29.0,In Stock,2026-07-20
FUR-BO-10002819,Rotterdam Warehouse,132.0,26.0,In-Stock,2026-07-20
FUR-BO-10002926,Rotterdam Warehouse,80.0,16.0,In Stock,2026-07-20
TEC-AC-10001226,Chicago Warehouse,172.0,34.0,In Stock,2026-07-20
TEC-LOG-10001750,Chicago Warehouse,221.0,44.0,In Stock,20/07/2026
TEC-AC-10000519,Chicago Warehouse,184.0,36.0,In Stock,2026-07-20
OFF-AP-10001617,Singapore Warehouse ,389.0,77.0,In Stock,2026-07-20
TEC-KON-10004735,Chicago Warehouse,215.0,43.0,In Stock,2026-07-20
FUR-TA-10003469,Rotterdam Warehouse,142.0,28.0,In Stock,2026-07-20
TEC-AC-10000499,Chicago Warehouse,99.0,19.0,In Stock,2026-07-20
TEC-AC-10001266,Chicago Warehouse ,99.0,19.0,In Stock,2026-07-20
OFF-PA-10001560,Singapore Warehouse,303.0,60.0,In Stock,2026-07-20
OFF-FA-10001711,Singapore Warehouse,473.0,94.0,In Stock,2026-07-20
OFF-AP-10001233,Singapore Warehouse,267.0,53.0,In Stock,2026-07-20
OFF-CAR-10004661,Singapore Warehouse ,218.0,43.0,,2026-07-20
FUR-CH-10003808,Rotterdam Warehouse,147.0,29.0,In Stock,2026-07-20
TEC-CO-10001937,Chicago Warehouse ,111.0,22.0,In Stock,2026-07-20
OFF-AVE-10003549,,419.0,83.0,In Stock,2026-07-20
OFF-LA-10001474,Singapore Warehouse,415.0,83.0,,2026-07-20
OFF-FA-10001883,Singapore Warehouse,201.0,40.0,In Stock,20/07/2026
OFF-PA-10000344,Singapore Warehouse,311.0,62.0,In Stock,2026-07-20
OFF-BI-10000962,Singapore Warehouse,242.0,48.0,In Stock,2026-07-20
OFF-PA-10004267,Singapore Warehouse,204.0,40.0,In Stock,20/07/2026
FUR-TA-10003371,Rotterdam Warehouse,65.0,13.0,In-Stock,2026-07-20
OFF-BI-10003472,Singapore Warehouse,,74.0,In Stock,20/07/2026
FUR-CH-10000133,,114.0,22.0,In Stock,2026-07-20
FUR-FU-10002335,Rotterdam Warehouse,134.0,26.0,In Stock,2026-07-20
OFF-PA-10002522,,260.0,52.0,In Stock,2026-07-20
OFF-AR-10001176,Singapore Warehouse,454.0,90.0,In Stock,2026-07-20
TEC-AC-10000254,Chicago Warehouse,210.0,42.0,In Stock,2026-07-20
TEC-PH-10004048,Chicago Warehouse,190.0,38.0,In Stock,2026-07-20
OFF-AR-10003394,Singapore Warehouse,320.0,64.0,In Stock,2026-07-20
OFF-BI-10003429,Singapore Warehouse,413.0,82.0,In Stock,20/07/2026
OFF-EN-10003425,Singapore Warehouse,346.0,69.0,In Stock,
OFF-BIC-10003841,Singapore Warehouse,340.0,68.0,In Stock,2026-07-20
TEC-ENE-10000817,Chicago Warehouse,98.0,19.0,In Stock,2026-07-20
OFF-AR-10000614,Singapore Warehouse,241.0,,In Stock,2026-07-20
OFF-ST-10002900,,381.0,76.0,In Stock,2026-07-20
OFF-PA-10001283,Singapore Warehouse,238.0,47.0,In Stock,2026-07-20
OFF-HAR-10000501,Singapore Warehouse,264.0,52.0,In Stock,2026-07-20
TEC-MA-10000170,Chicago Warehouse,209.0,41.0,In Stock,2026-07-20
OFF-BI-10000894,Singapore Warehouse,486.0,97.0,In Stock,2026-07-20
OFF-AR-10001418,Singapore Warehouse,242.0,48.0,In Stock,2026-07-20
OFF-LA-10001092,Singapore Warehouse,,78.0,In Stock,2026-07-20
FUR-BO-10003559,Rotterdam Warehouse,103.0,20.0,In Stock,2026-07-20
OFF-LA-10001830,,371.0,74.0,In Stock,2026-07-20
FUR-CH-10002758,Rotterdam Warehouse,118.0,23.0,In Stock,2026-07-20
OFF-AR-10002818,Singapore Warehouse,306.0,61.0,IN STOCK,2026-07-20
OFF-IBI-10003191,Singapore Warehouse,413.0,82.0,In Stock,2026-07-20
OFF-AR-10003369,Singapore Warehouse,369.0,73.0,In Stock,2026-07-20
TEC-CO-10002271,Chicago Warehouse,118.0,23.0,In Stock,2026-07-20
OFF-EN-10004503,Singapore Warehouse,383.0,76.0,In Stock,2026-07-20
OFF-AR-10000502,Singapore Warehouse,448.0,89.0,In Stock,2026-07-20
TEC-CO-10004202,Chicago Warehouse,229.0,45.0,In Stock,2026-07-20
TEC-MEM-10002202,Chicago Warehouse,104.0,20.0,In Stock,2026-07-20
TEC-SHA-10004184,Chicago Warehouse,247.0,49.0,In Stock,2026-07-20
FUR-FU-10003664,Rotterdam Warehouse,130.0,26.0,In Stock,2026-07-20
OFF-AR-10003673,Singapore Warehouse,479.0,95.0,In Stock,2026-07-20
OFF-SU-10004361,Singapore Warehouse,280.0,56.0,In Stock,2026-07-20
OFF-EN-10003737,Singapore Warehouse,492.0,98.0,In Stock,2026-07-20
FUR-FU-10002094,Rotterdam Warehouse,62.0,12.0,In Stock,2026-07-20
OFF-IBI-10003541,Singapore Warehouse,452.0,90.0,In Stock,2026-07-20
OFF-FA-10003437,Singapore Warehouse,429.0,85.0,In Stock,2026-07-20
OFF-BI-10002628,Singapore Warehouse,393.0,78.0,In Stock,2026-07-20
FUR-CH-10002044,Rotterdam Warehouse,123.0,24.0,In Stock,2026-07-20
FUR-BO-10004430,Rotterdam Warehouse,54.0,10.0,In Stock,2026-07-20
OFF-BI-10004105,Singapore Warehouse,201.0,40.0,In Stock,2026-07-20
TEC-HEW-10001056,Chicago Warehouse,131.0,26.0,In Stock,2026-07-20
TEC-PH-10000419,Chicago Warehouse,96.0,19.0,In Stock,2026-07-20
OFF-FA-10002715,Singapore Warehouse,368.0,73.0,In Stock,2026-07-20
TEC-APP-10002829,Chicago Warehouse,95.0,19.0,In Stock,
TEC-AC-10004811,Chicago Warehouse,160.0,32.0,In Stock,2026-07-20
TEC-MA-10000317,Chicago Warehouse,111.0,22.0,In Stock,2026-07-20
OFF-AR-10003691,Singapore Warehouse,437.0,87.0,In Stock,2026-07-20
OFF-BI-10002040,Singapore Warehouse,432.0,86.0,In Stock,2026-07-20
FUR-RUB-10003724,Rotterdam Warehouse,130.0,26.0,In Stock,2026-07-20
TEC-PH-10001128,Chicago Warehouse,108.0,21.0,In Stock,2026-07-20
TEC-PH-10003072,Chicago Warehouse,90.0,18.0,In Stock,2026-07-20
OFF-ST-10004017,Singapore Warehouse,282.0,56.0,In Stock,2026-07-20
OFF-BI-10004553,Singapore Warehouse,367.0,73.0,In Stock,2026-07-20
TEC-PH-10000169,Chicago Warehouse,154.0,30.0,In Stock,2026-07-20
FUR-TA-10004005,Rotterdam Warehouse,77.0,15.0,In Stock,2026-07-20
OFF-BI-10002281,Singapore Warehouse,381.0,76.0,In Stock,2026-07-20
TEC-PH-10000309,Chicago Warehouse,152.0,30.0,In Stock,2026-07-20
OFF-ST-10004608,Singapore Warehouse,422.0,84.0,In Stock,2026-07-20
OFF-SU-10002346,Singapore Warehouse,470.0,94.0,In Stock,2026-07-20
FUR-FU-10004013,Rotterdam Warehouse,81.0,16.0,In Stock,2026-07-20
OFF-AR-10001177,Singapore Warehouse,484.0,96.0,In Stock,2026-07-20
OFF-SU-10001225,Singapore Warehouse,305.0,61.0,In Stock,2026-07-20
OFF-BI-10004483,Singapore Warehouse,479.0,95.0,In Stock,2026-07-20
OFF-EN-10000056,Singapore Warehouse,339.0,67.0,In Stock,2026-07-20
FUR-BO-10004441,Rotterdam Warehouse,136.0,27.0,In Stock,2026-07-20
OFF-OIC-10003978,Singapore Warehouse,338.0,67.0,IN STOCK,2026-07-20
OFF-ELD-10001832,Singapore Warehouse,384.0,76.0,In Stock,20/07/2026
OFF-BIN-10003023,Singapore Warehouse,383.0,76.0,In Stock,2026-07-20
TEC-PH-10003752,Chicago Warehouse,171.0,34.0,In Stock,20/07/2026
FUR-LES-10000874,Rotterdam Warehouse,104.0,20.0,In Stock,2026-07-20
OFF-AR-10002335,Singapore Warehouse,440.0,88.0,In Stock,2026-07-20
OFF-BI-10003475,Singapore Warehouse,427.0,85.0,In Stock,2026-07-20
TEC-MA-10002898,Chicago Warehouse,180.0,36.0,In Stock,2026-07-20
FUR-BO-10001271,Rotterdam Warehouse,74.0,14.0,In Stock,2026-07-20
OFF-BI-10004486,Singapore Warehouse,416.0,83.0,In Stock,2026-07-20
TEC-PH-10004959,Chicago Warehouse,198.0,39.0,IN STOCK,2026-07-20
TEC-PH-10001428,Chicago Warehouse,242.0,48.0,In Stock,2026-07-20
FUR-FU-10004960,Rotterdam Warehouse,114.0,22.0,In Stock,2026-07-20
FUR-TA-10003576,Rotterdam Warehouse,146.0,29.0,In Stock,20/07/2026
FUR-BO-10000087,Rotterdam Warehouse,123.0,24.0,In Stock,2026-07-20
TEC-CO-10003633,Chicago Warehouse,133.0,26.0,In Stock,2026-07-20
TEC-AC-10001830,Chicago Warehouse,250.0,50.0,In Stock,2026-07-20
OFF-PA-10004673,Singapore Warehouse,361.0,72.0,In Stock,2026-07-20
FUR-TA-10001371,Rotterdam Warehouse,132.0,26.0,In Stock,2026-07-20
FUR-FU-10003489,Rotterdam Warehouse,68.0,13.0,In Stock,2026-07-20
OFF-LA-10002633,Singapore Warehouse,396.0,79.0,In Stock,2026-07-20
OFF-IBI-10004959,Singapore Warehouse,276.0,55.0,In Stock,2026-07-20
FUR-BO-10002680,Rotterdam Warehouse ,111.0,22.0,In Stock,2026-07-20
OFF-AR-10004165,Singapore Warehouse,266.0,53.0,,2026-07-20
OFF-ST-10004015,Singapore Warehouse,403.0,80.0,In Stock,20/07/2026
OFF-BOS-10000350,Singapore Warehouse,249.0,49.0,In Stock,2026-07-20
TEC-KON-10001388,Chicago Warehouse,168.0,33.0,In Stock,2026-07-20
OFF-FA-10002632,Singapore Warehouse,351.0,70.0,In Stock,2026-07-20
OFF-IBI-10001772,Singapore Warehouse,333.0,66.0,In Stock,2026-07-20
OFF-ST-10003243,Singapore Warehouse,419.0,83.0,In Stock,2026-07-20
OFF-PA-10002418,Singapore Warehouse,369.0,73.0,In Stock,2026-07-20
OFF-FA-10003186,Singapore Warehouse,404.0,80.0,IN STOCK,2026-07-20
OFF-LA-10001613,Singapore Warehouse,257.0,51.0,In Stock,2026-07-20
OFF-AR-10000711,Singapore Warehouse,275.0,55.0,In Stock,2026-07-20
OFF-AR-10001823,Singapore Warehouse,445.0,89.0,In Stock,2026-07-20
FUR-CH-10004007,Rotterdam Warehouse,88.0,17.0,In Stock,2026-07-20
FUR-FU-10000516,Rotterdam Warehouse,147.0,,In Stock,2026-07-20
OFF-ACC-10004692,Singapore Warehouse,367.0,73.0,In Stock,2026-07-20
OFF-PA-10001370,Singapore Warehouse,327.0,65.0,In Stock,2026-07-20
TEC-MA-10002039,Chicago Warehouse,223.0,44.0,In Stock,2026-07-20
OFF-HON-10004800,,308.0,61.0,,2026-07-20
OFF-BI-10000172,Singapore Warehouse,321.0,64.0,In Stock,2026-07-20
FUR-CH-10003362,Rotterdam Warehouse,70.0,14.0,In Stock,20/07/2026
OFF-AP-10003860,Singapore Warehouse,428.0,85.0,In Stock,2026-07-20
FUR-BO-10004547,Rotterdam Warehouse,82.0,16.0,In Stock,2026-07-20
OFF-AP-10002165,Singapore Warehouse,397.0,79.0,In Stock,2026-07-20
FUR-BO-10003903,Rotterdam Warehouse,65.0,13.0,In Stock,2026-07-20
TEC-CO-10000825,Chicago Warehouse,150.0,30.0,In Stock,2026-07-20
OFF-AR-10000422,,356.0,71.0,In Stock,2026-07-20
TEC-LOG-10001482,Chicago Warehouse,89.0,17.0,In Stock,2026-07-20
FUR-TA-10000038,Rotterdam Warehouse,81.0,16.0,In Stock,2026-07-20
OFF-BRE-10004872,Singapore Warehouse,465.0,93.0,In-Stock,2026-07-20
TEC-AC-10003334,Chicago Warehouse,199.0,39.0,In Stock,
FUR-CH-10000608,Rotterdam Warehouse,126.0,25.0,In Stock,2026-07-20
OFF-EN-10003887,Singapore Warehouse,226.0,45.0,IN STOCK,2026-07-20
FUR-TA-10003354,Rotterdam Warehouse,144.0,28.0,In Stock,2026-07-20
OFF-BOS-10003160,Singapore Warehouse,279.0,55.0,In Stock,2026-07-20
OFF-AP-10003956,Singapore Warehouse,396.0,79.0,In Stock,2026-07-20
OFF-PA-10003349,Singapore Warehouse,417.0,83.0,In Stock,2026-07-20
OFF-ST-10003331,Singapore Warehouse,475.0,95.0,In Stock,2026-07-20
TEC-CO-10002768,Chicago Warehouse,219.0,43.0,In Stock,2026-07-20
OFF-EN-10001976,Singapore Warehouse,466.0,93.0,In Stock,2026-07-20
OFF-FA-10003991,Singapore Warehouse,271.0,54.0,In Stock,2026-07-20
TEC-CO-10002700,Chicago Warehouse,122.0,24.0,In Stock,2026-07-20
FUR-TA-10000991,Rotterdam Warehouse,130.0,26.0,In Stock,2026-07-20
TEC-PH-10004601,Chicago Warehouse,113.0,22.0,In Stock,2026-07-20
OFF-FA-10000659,Singapore Warehouse,500.0,100.0,In Stock,2026-07-20
OFF-HAR-10000187,Singapore Warehouse,421.0,84.0,In Stock,2026-07-20
OFF-BI-10001982,Singapore Warehouse,416.0,83.0,In Stock,2026-07-20
OFF-FA-10003485,Singapore Warehouse,291.0,58.0,In Stock,2026-07-20
OFF-ST-10000885,Singapore Warehouse,226.0,45.0,In Stock,2026-07-20
TEC-AC-10003047,Chicago Warehouse,95.0,19.0,In Stock,2026-07-20
OFF-AP-10003850,Singapore Warehouse,242.0,48.0,In Stock,2026-07-20
FUR-FU-10002963,,61.0,12.0,In Stock,2026-07-20
OFF-CUI-10003923,Singapore Warehouse,428.0,85.0,In Stock,2026-07-20
OFF-AR-10002382,Singapore Warehouse,331.0,66.0,In Stock,2026-07-20
OFF-AVE-10004827,Singapore Warehouse,489.0,97.0,In Stock,2026-07-20
OFF-PA-10000300,Singapore Warehouse,488.0,97.0,In Stock,2026-07-20
TEC-MA-10000984,Chicago Warehouse,82.0,16.0,In Stock,2026-07-20
FUR-FU-10002501,Rotterdam Warehouse ,69.0,13.0,In Stock,2026-07-20
TEC-CO-10001742,Chicago Warehouse,247.0,49.0,In Stock,2026-07-20
TEC-MA-10000172,Chicago Warehouse,205.0,41.0,In Stock,2026-07-20
OFF-SU-10004575,Singapore Warehouse,271.0,54.0,In Stock,2026-07-20
TEC-PH-10002726,Chicago Warehouse,96.0,19.0,In Stock,2026-07-20
TEC-PH-10002645,Chicago Warehouse,129.0,25.0,In Stock,2026-07-20
OFF-AR-10003021,Singapore Warehouse,473.0,94.0,In Stock,2026-07-20
TEC-PH-10002104,Chicago Warehouse,190.0,38.0,In Stock,2026-07-20
OFF-SU-10004899,Singapore Warehouse,398.0,79.0,In Stock,2026-07-20
OFF-AR-10004424,Singapore Warehouse,338.0,67.0,In Stock,2026-07-20
OFF-AR-10002236,Singapore Warehouse,342.0,68.0,In Stock,2026-07-20
TEC-MA-10002931,Chicago Warehouse ,81.0,16.0,In Stock,2026-07-20
OFF-ST-10000675,Singapore Warehouse,472.0,94.0,In Stock,2026-07-20
FUR-FU-10002445,Rotterdam Warehouse,124.0,24.0,In Stock,2026-07-20
FUR-BUS-10004121,Rotterdam Warehouse,106.0,21.0,In Stock,2026-07-20
FUR-DEF-10000346,Rotterdam Warehouse,96.0,19.0,In Stock,2026-07-20
TEC-CO-10001343,Chicago Warehouse,213.0,42.0,In Stock,2026-07-20
OFF-ST-10003282,Singapore Warehouse,214.0,42.0,In Stock,2026-07-20
FUR-FU-10004071,Rotterdam Warehouse,139.0,27.0,In Stock,2026-07-20
OFF-IBI-10000080,Singapore Warehouse,352.0,70.0,In Stock,2026-07-20
OFF-LA-10000436,Singapore Warehouse,305.0,61.0,In Stock,2026-07-20
OFF-EN-10000968,Singapore Warehouse,215.0,43.0,In Stock,2026-07-20
OFF-PA-10000924,Singapore Warehouse,411.0,82.0,In Stock,2026-07-20
OFF-ST-10002685,Singapore Warehouse ,402.0,80.0,In Stock,2026-07-20
TEC-MA-10002633,Chicago Warehouse,207.0,41.0,In Stock,2026-07-20
OFF-STI-10000856,Singapore Warehouse,484.0,96.0,In Stock,2026-07-20
OFF-LA-10001063,Singapore Warehouse,313.0,62.0,In Stock,2026-07-20
FUR-FU-10002659,Rotterdam Warehouse,97.0,19.0,In Stock,2026-07-20
FUR-TA-10004249,Rotterdam Warehouse,78.0,15.0,In Stock,2026-07-20
TEC-PH-10004503,Chicago Warehouse,101.0,20.0,In Stock,2026-07-20
FUR-FU-10004351,Rotterdam Warehouse,57.0,11.0,IN STOCK,20/07/2026
OFF-LA-10004312,Singapore Warehouse,359.0,71.0,In Stock,2026-07-20
OFF-AR-10003688,Singapore Warehouse,281.0,56.0,In Stock,2026-07-20
OFF-AME-10001641,Singapore Warehouse,469.0,93.0,,2026-07-20
TEC-NOK-10001678,Chicago Warehouse,129.0,,In Stock,2026-07-20
OFF-CAM-10004790,Singapore Warehouse,496.0,99.0,In Stock,2026-07-20
FUR-FU-10000023,Rotterdam Warehouse,97.0,19.0,In Stock,2026-07-20
FUR-SAU-10001776,Rotterdam Warehouse,106.0,21.0,In Stock,2026-07-20
OFF-LA-10001185,Singapore Warehouse,412.0,82.0,IN STOCK,2026-07-20
OFF-LA-10004093,Singapore Warehouse,269.0,53.0,In Stock,2026-07-20
TEC-MOT-10000554,Chicago Warehouse,196.0,39.0,In Stock,2026-07-20
FUR-CH-10000727,Rotterdam Warehouse,96.0,19.0,In Stock,2026-07-20
OFF-EN-10000127,Singapore Warehouse,325.0,65.0,In Stock,2026-07-20
OFF-ELD-10001293,Singapore Warehouse,379.0,75.0,IN STOCK,20/07/2026
OFF-PA-10003883,Singapore Warehouse,280.0,56.0,In Stock,2026-07-20
OFF-EN-10003332,Singapore Warehouse,,55.0,In Stock,2026-07-20
OFF-ST-10004930,Singapore Warehouse,434.0,86.0,In Stock,2026-07-20
FUR-BO-10004254,Rotterdam Warehouse,97.0,19.0,In Stock,2026-07-20
TEC-CO-10003017,Chicago Warehouse,83.0,16.0,In Stock,2026-07-20
OFF-PA-10003027,Singapore Warehouse,302.0,60.0,In Stock,2026-07-20
OFF-FA-10000053,Singapore Warehouse,447.0,89.0,In Stock,2026-07-20
OFF-AR-10001044,Singapore Warehouse,223.0,44.0,In Stock,2026-07-20
FUR-NOV-10004602,Rotterdam Warehouse,138.0,27.0,In Stock,2026-07-20
OFF-AR-10002400,Singapore Warehouse,267.0,53.0,In Stock,2026-07-20
TEC-PH-10000376,Chicago Warehouse,226.0,45.0,In Stock,2026-07-20
OFF-PA-10003686,Singapore Warehouse,434.0,86.0,In Stock,2026-07-20
OFF-OIC-10001921,Singapore Warehouse,403.0,80.0,In Stock,2026-07-20
FUR-FU-10003724,Rotterdam Warehouse,85.0,17.0,In Stock,2026-07-20
OFF-PA-10000863,Singapore Warehouse,296.0,59.0,In Stock,2026-07-20
OFF-AVE-10004536,Singapore Warehouse,305.0,61.0,IN STOCK,2026-07-20
OFF-PA-10003550,Singapore Warehouse,366.0,73.0,In Stock,2026-07-20
TEC-AC-10001407,Chicago Warehouse,248.0,49.0,In Stock,2026-07-20
TEC-PH-10002114,Chicago Warehouse,250.0,50.0,In Stock,2026-07-20
FUR-BEV-10000326,Rotterdam Warehouse,139.0,27.0,In Stock,2026-07-20
OFF-FIS-10000063,Singapore Warehouse,214.0,,In Stock,2026-07-20
FUR-DAN-10002028,Rotterdam Warehouse,114.0,22.0,IN STOCK,2026-07-20
OFF-AR-10004009,Singapore Warehouse,475.0,95.0,In Stock,20/07/2026
OFF-AR-10004492,Singapore Warehouse,453.0,90.0,In Stock,2026-07-20
TEC-PH-10003549,Chicago Warehouse,209.0,41.0,In Stock,2026-07-20
FUR-TA-10000577,Rotterdam Warehouse,84.0,16.0,In Stock,2026-07-20
OFF-ST-10001590,Singapore Warehouse,209.0,41.0,In Stock,2026-07-20
OFF-SME-10000335,Singapore Warehouse,203.0,40.0,In Stock,2026-07-20
OFF-BI-10003582,Singapore Warehouse,468.0,93.0,In Stock,2026-07-20
TEC-AC-10003861,Chicago Warehouse,212.0,42.0,In Stock,2026-07-20
TEC-CO-10001204,Chicago Warehouse,142.0,28.0,In Stock,2026-07-20
OFF-PA-10001215,,435.0,87.0,In Stock,2026-07-20
TEC-CIS-10002259,Chicago Warehouse,94.0,18.0,In Stock,2026-07-20
OFF-BIC-10001211,Singapore Warehouse,485.0,97.0,IN STOCK,2026-07-20
TEC-AC-10001463,Chicago Warehouse,-179.0,35.0,In Stock,2026-07-20
OFF-SU-10000411,Singapore Warehouse,350.0,70.0,In Stock,2026-07-20
FUR-IKE-10004160,Rotterdam Warehouse,85.0,17.0,IN STOCK,2026-07-20
TEC-PH-10004800,Chicago Warehouse,190.0,38.0,In Stock,2026-07-20
TEC-PH-10000810,Chicago Warehouse,215.0,43.0,In Stock,2026-07-20
FUR-BO-10004408,Rotterdam Warehouse,55.0,11.0,In Stock,2026-07-20
FUR-SAU-10002167,Rotterdam Warehouse,75.0,15.0,In Stock,2026-07-20
OFF-PA-10001461,Singapore Warehouse,449.0,89.0,In Stock,2026-07-20
FUR-FU-10004139,Rotterdam Warehouse,128.0,25.0,In Stock,2026-07-20
OFF-PA-10003127,Singapore Warehouse,301.0,60.0,In Stock,2026-07-20
OFF-AR-10000122,Singapore Warehouse,258.0,51.0,In Stock,2026-07-20
OFF-HOO-10003820,Singapore Warehouse,354.0,70.0,In Stock,2026-07-20
OFF-AR-10001573,Singapore Warehouse,303.0,60.0,In Stock,2026-07-20
OFF-EN-10002372,Singapore Warehouse,214.0,42.0,In Stock,2026-07-20
FUR-CH-10000187,Rotterdam Warehouse,94.0,18.0,In Stock,2026-07-20
FUR-FU-10000295,Rotterdam Warehouse,110.0,22.0,In Stock,2026-07-20
TEC-SAM-10004384,Chicago Warehouse,86.0,17.0,In Stock,2026-07-20
TEC-HEW-10000365,Chicago Warehouse,211.0,42.0,In Stock,2026-07-20
TEC-CO-10004998,Chicago Warehouse,186.0,37.0,In Stock,20/07/2026
FUR-CH-10004506,Rotterdam Warehouse,119.0,23.0,In Stock,2026-07-20
TEC-AC-10003343,Chicago Warehouse,170.0,34.0,In Stock,2026-07-20
OFF-ST-10003760,Singapore Warehouse,230.0,46.0,In Stock,2026-07-20
OFF-FA-10003994,Singapore Warehouse,434.0,86.0,In Stock,2026-07-20
TEC-PH-10003885,Chicago Warehouse,230.0,46.0,In Stock,2026-07-20
OFF-ADV-10004274,,240.0,48.0,IN STOCK,2026-07-20
OFF-AP-10003043,Singapore Warehouse,338.0,67.0,In Stock,2026-07-20
OFF-BI-10004528,Singapore Warehouse,238.0,47.0,In Stock,2026-07-20
TEC-MA-10003330,Chicago Warehouse,103.0,20.0,In Stock,2026-07-20
OFF-ST-10000095,Singapore Warehouse,206.0,41.0,In Stock,2026-07-20
FUR-DEF-10002814,Rotterdam Warehouse,99.0,19.0,In Stock,20/07/2026
OFF-EN-10003087,Singapore Warehouse,420.0,84.0,In Stock,2026-07-20
TEC-LOG-10004419,Chicago Warehouse,118.0,23.0,In Stock,2026-07-20
OFF-SU-10004630,Singapore Warehouse,346.0,69.0,In Stock,2026-07-20
TEC-AC-10001590,Chicago Warehouse,151.0,30.0,In Stock,2026-07-20
OFF-SU-10003162,Singapore Warehouse,324.0,64.0,In Stock,2026-07-20
TEC-MA-10003178,Chicago Warehouse,248.0,49.0,In Stock,2026-07-20
TEC-SAM-10000345,Chicago Warehouse,201.0,40.0,In Stock,2026-07-20
OFF-ST-10002424,Singapore Warehouse,367.0,73.0,IN STOCK,2026-07-20
TEC-PH-10003239,,110.0,22.0,In Stock,2026-07-20
TEC-PH-10003011,Chicago Warehouse,203.0,40.0,In Stock,2026-07-20
OFF-PA-10001578,Singapore Warehouse,421.0,84.0,In Stock,2026-07-20
FUR-DAN-10002631,Rotterdam Warehouse,122.0,24.0,,20/07/2026
OFF-AVE-10001473,Singapore Warehouse,455.0,91.0,In Stock,2026-07-20
OFF-PA-10001878,Singapore Warehouse,374.0,74.0,In Stock,2026-07-20
OFF-PA-10002652,Singapore Warehouse,419.0,83.0,In Stock,2026-07-20
OFF-FA-10003730,Singapore Warehouse,384.0,76.0,In Stock,2026-07-20
TEC-AC-10000109,Chicago Warehouse,159.0,31.0,In Stock,2026-07-20
FUR-TA-10003893,Rotterdam Warehouse,93.0,18.0,In Stock,2026-07-20
OFF-FA-10000838,Singapore Warehouse,210.0,42.0,In Stock,2026-07-20
OFF-BI-10000666,Singapore Warehouse,336.0,67.0,IN STOCK,2026-07-20
OFF-AR-10004115,Singapore Warehouse,409.0,81.0,In Stock,2026-07-20
OFF-PA-10000501,Singapore Warehouse,492.0,98.0,In Stock,2026-07-20
TEC-MA-10001727,Chicago Warehouse,245.0,49.0,In Stock,2026-07-20
FUR-FU-10001640,Rotterdam Warehouse,110.0,22.0,In Stock,2026-07-20
OFF-AR-10004010,Singapore Warehouse,349.0,69.0,In Stock,2026-07-20
OFF-SU-10004762,Singapore Warehouse,492.0,98.0,In Stock,2026-07-20
OFF-AR-10002499,Singapore Warehouse,357.0,71.0,IN STOCK,2026-07-20
OFF-AP-10002882,Singapore Warehouse,237.0,47.0,In Stock,2026-07-20
OFF-ST-10001073,Singapore Warehouse,458.0,91.0,In Stock,2026-07-20
OFF-PA-10002421,Singapore Warehouse,457.0,91.0,In Stock,2026-07-20
OFF-BOS-10001772,Singapore Warehouse,328.0,65.0,In Stock,2026-07-20
TEC-OKI-10002750,Chicago Warehouse,188.0,37.0,In Stock,2026-07-20
TEC-AC-10003725,Chicago Warehouse,91.0,18.0,In Stock,2026-07-20
OFF-EN-10003511,Singapore Warehouse ,496.0,99.0,In Stock,2026-07-20
OFF-SU-10000153,Singapore Warehouse,401.0,80.0,In Stock,2026-07-20
OFF-AR-10004900,Singapore Warehouse,212.0,42.0,In Stock,2026-07-20
OFF-LA-10002609,Singapore Warehouse,408.0,81.0,In Stock,2026-07-20
OFF-AR-10000091,Singapore Warehouse,442.0,88.0,In Stock,2026-07-20
FUR-TA-10001285,Rotterdam Warehouse,115.0,23.0,In Stock,2026-07-20
OFF-AR-10004272,Singapore Warehouse,362.0,72.0,In Stock,2026-07-20
OFF-BI-10004240,Singapore Warehouse,232.0,46.0,In Stock,2026-07-20
OFF-TEN-10003127,Singapore Warehouse ,498.0,99.0,In Stock,2026-07-20
OFF-LA-10000195,Singapore Warehouse,243.0,48.0,In Stock,2026-07-20
OFF-AP-10004041,Singapore Warehouse,418.0,83.0,In Stock,2026-07-20
OFF-SU-10000835,Singapore Warehouse,240.0,,In Stock,2026-07-20
TEC-MEM-10000312,Chicago Warehouse,241.0,48.0,In Stock,2026-07-20
OFF-ST-10003931,Singapore Warehouse,237.0,47.0,In Stock,2026-07-20
FUR-BO-10002109,Rotterdam Warehouse,134.0,26.0,In Stock,2026-07-20
TEC-EPS-10001129,Chicago Warehouse,226.0,45.0,In Stock,2026-07-20
OFF-SU-10001173,Singapore Warehouse,298.0,59.0,In Stock,2026-07-20
OFF-LA-10004929,Singapore Warehouse,350.0,70.0,In Stock,2026-07-20
OFF-AP-10004063,Singapore Warehouse,355.0,-71.0,In Stock,2026-07-20
FUR-CH-10001270,Rotterdam Warehouse,128.0,25.0,In Stock,2026-07-20
OFF-BI-10003676,Singapore Warehouse,317.0,63.0,In Stock,2026-07-20
OFF-LA-10000707,Singapore Warehouse,371.0,74.0,In Stock,2026-07-20
OFF-BI-10002764,Singapore Warehouse,367.0,73.0,IN STOCK,2026-07-20
FUR-CH-10002481,Rotterdam Warehouse,129.0,25.0,In Stock,2026-07-20
FUR-BO-10001362,Rotterdam Warehouse ,148.0,,In Stock,2026-07-20
OFF-PA-10002352,Singapore Warehouse,435.0,87.0,In Stock,2026-07-20
TEC-AC-10000927,Chicago Warehouse,144.0,28.0,IN STOCK,2026-07-20
OFF-PA-10004673,Singapore Warehouse,215.0,43.0,In Stock,2026-07-20
FUR-BO-10003589,Rotterdam Warehouse,102.0,20.0,In Stock,2026-07-20
TEC-CO-10004468,Chicago Warehouse,147.0,29.0,In Stock,2026-07-20
FUR-FU-10002185,Rotterdam Warehouse,93.0,18.0,In Stock,2026-07-20
OFF-AP-10003032,Singapore Warehouse,426.0,85.0,IN STOCK,2026-07-20
TEC-AC-10000171,Chicago Warehouse,110.0,22.0,In Stock,2026-07-20
OFF-FA-10001030,Singapore Warehouse,243.0,48.0,In Stock,2026-07-20
FUR-CH-10001972,Rotterdam Warehouse,115.0,23.0,In Stock,2026-07-20
OFF-EN-10003904,Singapore Warehouse,214.0,42.0,In Stock,2026-07-20
OFF-SU-10001412,Singapore Warehouse,439.0,87.0,In Stock,2026-07-20
FUR-FU-10000293,Rotterdam Warehouse,65.0,13.0,In Stock,2026-07-20
OFF-ADV-10004875,Singapore Warehouse,436.0,87.0,In Stock,2026-07-20
OFF-EN-10003373,Singapore Warehouse,355.0,71.0,In Stock,2026-07-20
TEC-PH-10004447,Chicago Warehouse,166.0,33.0,In Stock,2026-07-20
OFF-BI-10003903,Singapore Warehouse,323.0,64.0,IN STOCK,2026-07-20
FUR-FU-10003910,Rotterdam Warehouse,66.0,13.0,In Stock,2026-07-20
TEC-ENE-10004728,Chicago Warehouse,228.0,45.0,In Stock,2026-07-20
OFF-AR-10001599,Singapore Warehouse,204.0,40.0,In Stock,2026-07-20
OFF-ST-10000922,Singapore Warehouse,202.0,40.0,In Stock,2026-07-20
OFF-ST-10001366,Singapore Warehouse,408.0,81.0,In Stock,20/07/2026
TEC-CO-10000915,Chicago Warehouse,93.0,18.0,In Stock,2026-07-20
OFF-FA-10001152,Singapore Warehouse,399.0,79.0,In Stock,2026-07-20
TEC-PH-10002623,Chicago Warehouse,101.0,20.0,In Stock,2026-07-20
OFF-PA-10004530,Singapore Warehouse,,83.0,In Stock,2026-07-20
OFF-FIS-10001591,Singapore Warehouse,486.0,97.0,In Stock,2026-07-20
FUR-FU-10004596,Rotterdam Warehouse,121.0,24.0,In Stock,2026-07-20
OFF-PA-10000232,Singapore Warehouse,303.0,60.0,In Stock,2026-07-20
OFF-ST-10003446,Singapore Warehouse,214.0,42.0,In Stock,2026-07-20
TEC-PH-10001163,Chicago Warehouse,175.0,35.0,In Stock,2026-07-20
FUR-FU-10000499,Rotterdam Warehouse,101.0,20.0,In Stock,2026-07-20
TEC-LOG-10003995,Chicago Warehouse,245.0,49.0,In Stock,2026-07-20
TEC-MA-10000010,Chicago Warehouse,157.0,31.0,In Stock,2026-07-20
TEC-CO-10001831,Chicago Warehouse,113.0,22.0,In Stock,2026-07-20
OFF-ST-10004754,Singapore Warehouse,349.0,69.0,In Stock,2026-07-20
OFF-ST-10002301,Singapore Warehouse,333.0,66.0,In Stock,2026-07-20
OFF-AP-10000179,Singapore Warehouse,491.0,98.0,In Stock,2026-07-20
OFF-PA-10000935,Singapore Warehouse,380.0,76.0,In Stock,2026-07-20
OFF-BI-10004099,Singapore Warehouse ,383.0,76.0,In Stock,2026-07-20
OFF-PA-10003805,Singapore Warehouse,482.0,96.0,In Stock,2026-07-20
OFF-SU-10000480,Singapore Warehouse,401.0,80.0,In Stock,2026-07-20
TEC-MA-10004666,Chicago Warehouse,188.0,37.0,In Stock,2026-07-20
TEC-AC-10001030,Chicago Warehouse,189.0,37.0,In Stock,2026-07-20
FUR-LES-10002852,Rotterdam Warehouse,82.0,16.0,In Stock,2026-07-20
OFF-CAR-10000150,Singapore Warehouse,219.0,43.0,In Stock,2026-07-20
OFF-ST-10002714,Singapore Warehouse,267.0,53.0,IN STOCK,2026-07-20
OFF-AR-10001529,Singapore Warehouse,284.0,56.0,In Stock,2026-07-20
OFF-BI-10002684,Singapore Warehouse,330.0,66.0,In Stock,2026-07-20
FUR-FU-10001480,Rotterdam Warehouse ,58.0,11.0,In Stock,2026-07-20
TEC-MA-10002711,Chicago Warehouse,137.0,27.0,In Stock,2026-07-20
OFF-AR-10000659,Singapore Warehouse,438.0,87.0,IN STOCK,2026-07-20
TEC-PH-10004896,Chicago Warehouse,94.0,,In Stock,2026-07-20
TEC-CO-10001633,Chicago Warehouse,112.0,22.0,In Stock,2026-07-20
FUR-BO-10004947,Rotterdam Warehouse,101.0,20.0,In Stock,2026-07-20
TEC-SAN-10000142,Chicago Warehouse,126.0,25.0,IN STOCK,2026-07-20
FUR-BO-10002300,Rotterdam Warehouse,120.0,24.0,In Stock,2026-07-20
FUR-FU-10004015,Rotterdam Warehouse,56.0,11.0,In Stock,2026-07-20
TEC-MA-10000112,Chicago Warehouse,135.0,27.0,In Stock,2026-07-20
TEC-CO-10002201,Chicago Warehouse,90.0,,In Stock,2026-07-20
FUR-BEV-10000388,Rotterdam Warehouse,104.0,20.0,In Stock,20/07/2026
OFF-LA-10003271,Singapore Warehouse,305.0,61.0,In Stock,2026-07-20
OFF-EN-10000714,Singapore Warehouse,412.0,82.0,In Stock,2026-07-20
FUR-BO-10001934,Rotterdam Warehouse,119.0,23.0,In Stock,2026-07-20
OFF-BI-10003503,Singapore Warehouse,282.0,56.0,In Stock,2026-07-20
OFF-BI-10001984,Singapore Warehouse,337.0,67.0,In Stock,2026-07-20
OFF-AP-10000285,Singapore Warehouse,495.0,99.0,In Stock,2026-07-20
OFF-BI-10001167,,350.0,70.0,In Stock,
TEC-AC-10000170,Chicago Warehouse,124.0,24.0,In Stock,2026-07-20
OFF-BI-10002194,Singapore Warehouse,323.0,64.0,In Stock,2026-07-20
FUR-CH-10003746,Rotterdam Warehouse,52.0,10.0,In Stock,2026-07-20
OFF-FA-10000834,Singapore Warehouse,224.0,44.0,IN STOCK,2026-07-20
OFF-AR-10004930,Singapore Warehouse,376.0,75.0,In Stock,2026-07-20
TEC-MA-10001187,Chicago Warehouse,,20.0,In Stock,2026-07-20
FUR-TA-10004134,Rotterdam Warehouse,124.0,24.0,In Stock,2026-07-20
TEC-OKI-10003868,Chicago Warehouse,194.0,38.0,In Stock,2026-07-20
OFF-BI-10000050,Singapore Warehouse,468.0,93.0,In Stock,2026-07-20
TEC-MA-10002263,Chicago Warehouse,234.0,46.0,In Stock,2026-07-20
OFF-FIS-10004882,Singapore Warehouse,302.0,60.0,In Stock,2026-07-20
OFF-AR-10004974,Singapore Warehouse,482.0,96.0,In Stock,2026-07-20
OFF-AR-10001208,Singapore Warehouse,371.0,74.0,IN STOCK,20/07/2026
TEC-AC-10001090,Chicago Warehouse,183.0,36.0,In Stock,2026-07-20
TEC-AC-10002243,Chicago Warehouse,218.0,43.0,In Stock,2026-07-20
TEC-MA-10004617,Chicago Warehouse,142.0,28.0,In Stock,2026-07-20
OFF-AR-10002415,Singapore Warehouse,345.0,69.0,In Stock,2026-07-20
OFF-BI-10002412,Singapore Warehouse,312.0,62.0,In Stock,2026-07-20
OFF-BI-10001422,Singapore Warehouse,277.0,55.0,In Stock,2026-07-20
TEC-MA-10000868,Chicago Warehouse,183.0,36.0,In Stock,2026-07-20
OFF-SU-10003749,Singapore Warehouse,323.0,64.0,In Stock,2026-07-20
FUR-CH-10000677,Rotterdam Warehouse,102.0,20.0,In Stock,2026-07-20
OFF-FA-10002701,Singapore Warehouse,438.0,87.0,IN STOCK,2026-07-20
TEC-NOK-10001282,Chicago Warehouse,182.0,36.0,In Stock,2026-07-20
OFF-AR-10000475,Singapore Warehouse,262.0,52.0,In Stock,2026-07-20
OFF-BI-10002003,Singapore Warehouse,280.0,56.0,In Stock,2026-07-20
TEC-MA-10003251,Chicago Warehouse,150.0,30.0,In Stock,2026-07-20
OFF-LA-10004062,Singapore Warehouse ,303.0,60.0,In Stock,2026-07-20
FUR-TA-10003008,Rotterdam Warehouse,89.0,17.0,In Stock,2026-07-20
OFF-PA-10004054,Singapore Warehouse,490.0,98.0,In Stock,2026-07-20
FUR-CH-10002117,Rotterdam Warehouse,132.0,26.0,In Stock,
OFF-ST-10001358,Singapore Warehouse,388.0,77.0,In Stock,2026-07-20
OFF-FA-10003685,Singapore Warehouse,350.0,70.0,In Stock,2026-07-20
OFF-ENE-10003314,Singapore Warehouse,339.0,67.0,In Stock,20/07/2026
OFF-AR-10001030,Singapore Warehouse,379.0,75.0,In Stock,2026-07-20
FUR-BO-10001099,Rotterdam Warehouse,126.0,25.0,In Stock,2026-07-20
TEC-PH-10003215,Chicago Warehouse,153.0,30.0,In Stock,2026-07-20
OFF-BI-10000765,Singapore Warehouse,313.0,62.0,In Stock,2026-07-20
OFF-EN-10000532,Singapore Warehouse,304.0,60.0,In Stock,2026-07-20
OFF-AR-10003113,Singapore Warehouse,325.0,65.0,In Stock,2026-07-20
FUR-FU-10000298,Rotterdam Warehouse,57.0,,IN STOCK,2026-07-20
TEC-MA-10000982,Chicago Warehouse,102.0,20.0,In Stock,2026-07-20
TEC-CO-10002583,Chicago Warehouse,159.0,31.0,In Stock,2026-07-20
TEC-LOG-10004917,Chicago Warehouse,136.0,27.0,In Stock,2026-07-20
OFF-HOO-10000335,Singapore Warehouse,369.0,73.0,In Stock,2026-07-20
OFF-AR-10003251,Singapore Warehouse,471.0,94.0,In Stock,2026-07-20
TEC-CO-10000679,Chicago Warehouse,208.0,41.0,In Stock,2026-07-20
OFF-BI-10003400,Singapore Warehouse ,211.0,42.0,In Stock,2026-07-20
OFF-PA-10001720,Singapore Warehouse,-434.0,86.0,In Stock,2026-07-20
FUR-FU-10004313,Rotterdam Warehouse,142.0,28.0,In Stock,2026-07-20
OFF-LA-10004877,Singapore Warehouse,428.0,85.0,In Stock,2026-07-20
OFF-WIL-10002233,Singapore Warehouse,475.0,95.0,In Stock,20/07/2026
OFF-EN-10002434,Singapore Warehouse,213.0,42.0,In Stock,
OFF-PA-10001905,Singapore Warehouse,272.0,54.0,In Stock,2026-07-20
OFF-AR-10002952,Singapore Warehouse,206.0,41.0,In Stock,2026-07-20
OFF-PA-10004470,Singapore Warehouse,389.0,77.0,In Stock,2026-07-20
FUR-FU-10000735,Rotterdam Warehouse,97.0,19.0,In Stock,2026-07-20
OFF-AP-10002397,Singapore Warehouse,235.0,47.0,,2026-07-20
OFF-PA-10004327,Singapore Warehouse,423.0,84.0,IN STOCK,2026-07-20
FUR-ADV-10001440,Rotterdam Warehouse,125.0,25.0,In Stock,2026-07-20
TEC-LOG-10002018,Chicago Warehouse,149.0,29.0,In Stock,2026-07-20
OFF-ST-10000563,Singapore Warehouse,270.0,-54.0,IN STOCK,2026-07-20
OFF-KRA-10001807,Singapore Warehouse,234.0,46.0,In Stock,2026-07-20
FUR-CH-10001130,Rotterdam Warehouse,82.0,16.0,In Stock,2026-07-20
OFF-NOV-10001753,Singapore Warehouse,239.0,47.0,In Stock,20/07/2026
FUR-FU-10000135,Rotterdam Warehouse,144.0,28.0,In Stock,2026-07-20
TEC-PH-10001944,Chicago Warehouse,157.0,31.0,In Stock,2026-07-20
TEC-AC-10002086,Chicago Warehouse,96.0,19.0,IN STOCK,2026-07-20
OFF-BI-10002049,Singapore Warehouse,426.0,85.0,In Stock,2026-07-20
OFF-LA-10000598,Singapore Warehouse,450.0,90.0,In Stock,2026-07-20
OFF-SU-10003559,Singapore Warehouse,358.0,71.0,In Stock,2026-07-20
OFF-SU-10004661,Singapore Warehouse,200.0,40.0,,2026-07-20
TEC-PAN-10000878,Chicago Warehouse,195.0,39.0,In Stock,2026-07-20
OFF-FEL-10004117,Singapore Warehouse,278.0,55.0,In Stock,2026-07-20
OFF-BI-10003876,Singapore Warehouse,336.0,67.0,In Stock,2026-07-20
OFF-EN-10003484,Singapore Warehouse,400.0,80.0,In Stock,2026-07-20
FUR-BO-10001309,Rotterdam Warehouse,91.0,18.0,In Stock,2026-07-20
OFF-AR-10000475,Singapore Warehouse,298.0,59.0,In Stock,20/07/2026
FUR-FU-10002505,Rotterdam Warehouse,82.0,16.0,In Stock,2026-07-20
FUR-CH-10000430,Rotterdam Warehouse,70.0,14.0,In Stock,2026-07-20
TEC-PH-10004830,Chicago Warehouse,81.0,16.0,In Stock,2026-07-20
OFF-ST-10004226,Singapore Warehouse,305.0,61.0,In Stock,2026-07-20
OFF-PA-10001534,Singapore Warehouse,243.0,48.0,In Stock,2026-07-20
OFF-EN-10000694,Singapore Warehouse,238.0,47.0,In Stock,20/07/2026
TEC-LOG-10003651,Chicago Warehouse,141.0,,In Stock,2026-07-20
TEC-AC-10003265,Chicago Warehouse,218.0,43.0,In Stock,2026-07-20
OFF-BI-10004053,Singapore Warehouse,433.0,86.0,In Stock,20/07/2026
FUR-TA-10000184,Rotterdam Warehouse,113.0,22.0,In Stock,2026-07-20
TEC-PH-10002443,Chicago Warehouse,206.0,41.0,IN STOCK,2026-07-20
TEC-LOG-10003254,Chicago Warehouse,,18.0,In Stock,2026-07-20
TEC-AC-10004487,Chicago Warehouse,80.0,16.0,In Stock,2026-07-20
OFF-ST-10002720,Singapore Warehouse,448.0,89.0,In Stock,2026-07-20
OFF-ST-10000695,Singapore Warehouse,409.0,81.0,IN STOCK,2026-07-20
OFF-BI-10003910,Singapore Warehouse,218.0,43.0,In Stock,2026-07-20
FUR-CH-10000783,Rotterdam Warehouse,99.0,19.0,In Stock,2026-07-20
OFF-AR-10004746,Singapore Warehouse,370.0,74.0,In Stock,2026-07-20
OFF-EAT-10004051,Singapore Warehouse,455.0,91.0,In Stock,20/07/2026
OFF-SU-10000695,Singapore Warehouse,393.0,78.0,In Stock,2026-07-20
FUR-CH-10004920,Rotterdam Warehouse,103.0,20.0,In Stock,2026-07-20
FUR-FU-10001591,Rotterdam Warehouse,67.0,13.0,In Stock,20/07/2026
FUR-FU-10001977,Rotterdam Warehouse,67.0,13.0,,2026-07-20
TEC-AC-10002323,Chicago Warehouse,120.0,24.0,In Stock,2026-07-20
OFF-ST-10003203,Singapore Warehouse,401.0,80.0,In Stock,2026-07-20
TEC-CO-10003813,Chicago Warehouse,175.0,35.0,In Stock,2026-07-20
OFF-AR-10002165,Singapore Warehouse,289.0,57.0,In Stock,2026-07-20
FUR-FU-10000548,,69.0,13.0,In Stock,2026-07-20
OFF-PA-10000301,Singapore Warehouse,253.0,50.0,In Stock,2026-07-20
TEC-AC-10001765,Chicago Warehouse,189.0,37.0,In Stock,2026-07-20
FUR-CH-10000689,Rotterdam Warehouse,64.0,12.0,In Stock,2026-07-20
OFF-PA-10002011,Singapore Warehouse,378.0,75.0,In Stock,20/07/2026
OFF-EN-10003413,Singapore Warehouse,202.0,40.0,In Stock,2026-07-20
OFF-CAM-10001177,Singapore Warehouse,455.0,91.0,In Stock,2026-07-20
FUR-TA-10004915,Rotterdam Warehouse,128.0,25.0,In Stock,2026-07-20
FUR-CH-10000583,Rotterdam Warehouse,133.0,26.0,In Stock,2026-07-20
TEC-PH-10004959,Chicago Warehouse,113.0,22.0,In Stock,2026-07-20
TEC-AC-10004406,,210.0,,In Stock,2026-07-20
OFF-AR-10004215,Singapore Warehouse,221.0,44.0,In Stock,2026-07-20
OFF-LA-10004178,Singapore Warehouse,469.0,93.0,In Stock,2026-07-20
FUR-CH-10000214,Rotterdam Warehouse,67.0,13.0,In Stock,2026-07-20
FUR-SAF-10000204,Rotterdam Warehouse,96.0,19.0,IN STOCK,2026-07-20
TEC-MA-10001475,Chicago Warehouse,103.0,20.0,In Stock,2026-07-20
OFF-AR-10001386,Singapore Warehouse,289.0,57.0,In Stock,2026-07-20
TEC-MA-10003780,Chicago Warehouse,80.0,,In Stock,2026-07-20
OFF-ST-10002791,Singapore Warehouse,,53.0,In Stock,2026-07-20
OFF-EN-10003920,Singapore Warehouse,438.0,87.0,In Stock,2026-07-20
TEC-AC-10002719,Chicago Warehouse,159.0,31.0,In Stock,2026-07-20
OFF-SU-10001868,Singapore Warehouse,256.0,51.0,In Stock,2026-07-20
OFF-BI-10000631,Singapore Warehouse,386.0,77.0,In Stock,2026-07-20
OFF-AR-10004559,Singapore Warehouse,496.0,99.0,In Stock,2026-07-20
TEC-MA-10003631,Chicago Warehouse,126.0,25.0,In Stock,2026-07-20
OFF-PA-10000807,Singapore Warehouse ,360.0,72.0,In Stock,2026-07-20
TEC-AC-10002760,Chicago Warehouse,150.0,30.0,In Stock,2026-07-20
OFF-FA-10003638,Singapore Warehouse,287.0,57.0,In Stock,2026-07-20
OFF-BI-10001460,Singapore Warehouse,218.0,43.0,In Stock,2026-07-20
OFF-PA-10000108,Singapore Warehouse,454.0,90.0,In Stock,2026-07-20
FUR-CH-10004705,Rotterdam Warehouse,110.0,22.0,In Stock,
OFF-FA-10004563,Singapore Warehouse,359.0,71.0,In Stock,2026-07-20
OFF-BI-10004388,Singapore Warehouse,378.0,75.0,In Stock,2026-07-20
TEC-CO-10000070,Chicago Warehouse,165.0,33.0,In Stock,2026-07-20
OFF-TEN-10000025,Singapore Warehouse,423.0,84.0,In Stock,2026-07-20
FUR-BO-10000268,Rotterdam Warehouse,112.0,22.0,In Stock,2026-07-20
OFF-FA-10000429,,387.0,,In Stock,2026-07-20
OFF-AP-10002681,Singapore Warehouse,486.0,97.0,In Stock,2026-07-20
FUR-SAU-10004653,Rotterdam Warehouse,69.0,13.0,In Stock,2026-07-20
OFF-SU-10000952,Singapore Warehouse,351.0,70.0,In Stock,2026-07-20
OFF-PA-10002767,Singapore Warehouse,317.0,63.0,In Stock,2026-07-20
OFF-XER-10001429,Singapore Warehouse,214.0,42.0,In Stock,2026-07-20
TEC-MA-10000433,Chicago Warehouse,129.0,25.0,In Stock,2026-07-20
TEC-CIS-10004967,Chicago Warehouse,151.0,30.0,In Stock,2026-07-20
TEC-HP -10002307,Chicago Warehouse,93.0,18.0,In Stock,2026-07-20
FUR-BO-10003543,Rotterdam Warehouse,89.0,17.0,In Stock,2026-07-20
OFF-TEN-10000766,Singapore Warehouse,371.0,74.0,In Stock,2026-07-20
FUR-HON-10003412,Rotterdam Warehouse,90.0,18.0,In Stock,2026-07-20
OFF-EN-10004007,Singapore Warehouse,386.0,77.0,In Stock,2026-07-20
TEC-PH-10003811,Chicago Warehouse,196.0,39.0,In Stock,2026-07-20
OFF-PA-10001351,Singapore Warehouse,229.0,45.0,In Stock,2026-07-20
TEC-ENE-10005000,Chicago Warehouse,149.0,29.0,In Stock,2026-07-20
FUR-TA-10000945,Rotterdam Warehouse,114.0,,In Stock,2026-07-20
FUR-FU-10003142,Rotterdam Warehouse,,10.0,IN STOCK,2026-07-20
OFF-EN-10003601,Singapore Warehouse,390.0,78.0,In Stock,2026-07-20
TEC-MA-10000488,Chicago Warehouse,193.0,38.0,In Stock,2026-07-20
TEC-BRO-10002579,Chicago Warehouse,81.0,16.0,In Stock,2026-07-20
TEC-EPS-10003568,Chicago Warehouse,123.0,24.0,In Stock,2026-07-20
OFF-BI-10003705,Singapore Warehouse,488.0,97.0,In Stock,2026-07-20
FUR-HON-10004137,Rotterdam Warehouse,114.0,22.0,In Stock,
OFF-ST-10002790,Singapore Warehouse,491.0,98.0,In Stock,2026-07-20
FUR-OFF-10001224,,90.0,18.0,,2026-07-20
OFF-BI-10002126,Singapore Warehouse,382.0,76.0,In Stock,2026-07-20
TEC-AC-10002884,Chicago Warehouse,242.0,48.0,In Stock,2026-07-20
FUR-CH-10000225,Rotterdam Warehouse,93.0,18.0,In Stock,20/07/2026
FUR-BO-10004834,Rotterdam Warehouse,,27.0,In Stock,2026-07-20
TEC-BEL-10003177,Chicago Warehouse,244.0,48.0,In Stock,2026-07-20
OFF-SU-10002414,Singapore Warehouse,211.0,42.0,IN STOCK,
FUR-TA-10004406,Rotterdam Warehouse,86.0,17.0,In Stock,2026-07-20
OFF-EN-10001728,Singapore Warehouse,245.0,49.0,In Stock,2026-07-20
TEC-CIS-10001938,Chicago Warehouse,196.0,39.0,In Stock,2026-07-20
FUR-FU-10001933,Rotterdam Warehouse,75.0,15.0,In Stock,2026-07-20
FUR-TA-10002228,Rotterdam Warehouse,73.0,14.0,In Stock,2026-07-20
FUR-FU-10004689,Rotterdam Warehouse,86.0,17.0,In Stock,2026-07-20
OFF-PA-10003405,Singapore Warehouse,,56.0,In Stock,2026-07-20
OFF-BI-10002827,Singapore Warehouse,380.0,76.0,In Stock,2026-07-20
OFF-EN-10001733,Singapore Warehouse,284.0,56.0,In Stock,2026-07-20
FUR-BO-10000490,Rotterdam Warehouse,82.0,16.0,In Stock,
OFF-SU-10001185,Singapore Warehouse,287.0,57.0,In Stock,2026-07-20
FUR-BO-10000668,Rotterdam Warehouse,140.0,28.0,In Stock,2026-07-20
OFF-STA-10004885,Singapore Warehouse,464.0,92.0,In Stock,2026-07-20
OFF-ST-10001648,Singapore Warehouse,343.0,68.0,In Stock,2026-07-20
FUR-FU-10001175,Rotterdam Warehouse,77.0,15.0,In Stock,2026-07-20
FUR-BO-10004911,Rotterdam Warehouse,128.0,25.0,In Stock,2026-07-20
OFF-SU-10000866,Singapore Warehouse,447.0,89.0,IN STOCK,20/07/2026
OFF-AR-10001708,Singapore Warehouse,343.0,68.0,IN STOCK,2026-07-20
FUR-TA-10002497,Rotterdam Warehouse,104.0,20.0,In Stock,2026-07-20
FUR-CH-10004277,Rotterdam Warehouse,132.0,26.0,In Stock,2026-07-20
TEC-AC-10000398,Chicago Warehouse,142.0,28.0,In Stock,2026-07-20
FUR-CH-10002335,Rotterdam Warehouse,150.0,30.0,In Stock,2026-07-20
OFF-AP-10001124,Singapore Warehouse,,93.0,In Stock,2026-07-20
TEC-PH-10000788,Chicago Warehouse,173.0,34.0,In Stock,2026-07-20
OFF-LA-10004112,Singapore Warehouse,275.0,55.0,In Stock,2026-07-20
TEC-PH-10001580,Chicago Warehouse,91.0,18.0,In Stock,2026-07-20
FUR-BO-10000008,Rotterdam Warehouse,75.0,15.0,,2026-07-20
TEC-MOT-10001950,Chicago Warehouse,213.0,42.0,In Stock,2026-07-20
OFF-AR-10000401,Singapore Warehouse,300.0,60.0,In Stock,2026-07-20
FUR-FU-10004459,Rotterdam Warehouse ,130.0,26.0,In Stock,2026-07-20
FUR-CH-10001278,Rotterdam Warehouse,106.0,21.0,In Stock,2026-07-20
OFF-ELD-10000819,Singapore Warehouse,453.0,90.0,In Stock,2026-07-20
OFF-AR-10002656,Singapore Warehouse,410.0,82.0,In Stock,2026-07-20
OFF-STO-10000631,Singapore Warehouse,489.0,97.0,In Stock,2026-07-20
OFF-BIN-10000772,Singapore Warehouse,426.0,85.0,In Stock,2026-07-20
OFF-KIT-10002828,Singapore Warehouse,474.0,94.0,In Stock,2026-07-20
OFF-BI-10001326,Singapore Warehouse,254.0,50.0,In Stock,2026-07-20
FUR-CH-10000790,Rotterdam Warehouse,113.0,22.0,In Stock,2026-07-20
OFF-AP-10004859,Singapore Warehouse,309.0,61.0,In Stock,2026-07-20
OFF-BOS-10001375,Singapore Warehouse,351.0,70.0,IN STOCK,2026-07-20
TEC-APP-10002321,Chicago Warehouse,156.0,31.0,In Stock,2026-07-20
FUR-DEF-10003676,Rotterdam Warehouse,74.0,14.0,In Stock,2026-07-20
TEC-PH-10004578,Chicago Warehouse,183.0,36.0,In Stock,2026-07-20
OFF-FA-10002569,Singapore Warehouse,341.0,68.0,In Stock,2026-07-20
OFF-EN-10003465,Singapore Warehouse,315.0,63.0,In Stock,2026-07-20
OFF-EN-10001202,Singapore Warehouse,366.0,73.0,In Stock,2026-07-20
OFF-BI-10000773,Singapore Warehouse,227.0,45.0,In Stock,2026-07-20
FUR-CH-10004095,Rotterdam Warehouse,127.0,,In Stock,2026-07-20
OFF-BI-10001820,Singapore Warehouse,437.0,87.0,In Stock,2026-07-20
OFF-FA-10004140,Singapore Warehouse,365.0,73.0,,2026-07-20
TEC-MA-10002790,Chicago Warehouse,133.0,26.0,In Stock,2026-07-20
OFF-FA-10004362,Singapore Warehouse,333.0,66.0,In Stock,2026-07-20
FUR-CH-10001317,Rotterdam Warehouse,65.0,13.0,In Stock,2026-07-20
FUR-FU-10003347,Rotterdam Warehouse,148.0,29.0,In Stock,2026-07-20
OFF-BI-10001553,Singapore Warehouse,357.0,71.0,In Stock,2026-07-20
OFF-SU-10003717,Singapore Warehouse,343.0,68.0,In Stock,2026-07-20
FUR-CH-10004694,Rotterdam Warehouse,102.0,20.0,In Stock,2026-07-20
OFF-AP-10003834,Singapore Warehouse,255.0,-51.0,In Stock,2026-07-20
TEC-CO-10000013,Chicago Warehouse,135.0,27.0,In Stock,2026-07-20
OFF-PA-10003072,Singapore Warehouse,460.0,92.0,In Stock,2026-07-20
FUR-CH-10001664,Rotterdam Warehouse,73.0,14.0,In Stock,2026-07-20
TEC-MA-10001624,Chicago Warehouse,126.0,25.0,IN STOCK,2026-07-20
OFF-BIC-10001823,Singapore Warehouse,376.0,-75.0,In Stock,2026-07-20
FUR-RUB-10002021,Rotterdam Warehouse,77.0,15.0,In Stock,2026-07-20
FUR-CH-10003833,Rotterdam Warehouse,140.0,28.0,In Stock,2026-07-20
OFF-AP-10000672,Singapore Warehouse,217.0,43.0,In Stock,2026-07-20
OFF-ST-10003578,Singapore Warehouse,425.0,85.0,In Stock,2026-07-20
FUR-TA-10000022,Rotterdam Warehouse,74.0,14.0,In Stock,2026-07-20
OFF-EN-10000781,Singapore Warehouse,234.0,46.0,In Stock,2026-07-20
TEC-CO-10002376,Chicago Warehouse,95.0,19.0,In Stock,2026-07-20
FUR-CH-10000015,Rotterdam Warehouse,52.0,10.0,In Stock,2026-07-20
TEC-AC-10004094,Chicago Warehouse,134.0,26.0,In Stock,2026-07-20
OFF-LA-10003390,Singapore Warehouse,297.0,59.0,In Stock,2026-07-20
TEC-MA-10003757,Chicago Warehouse,133.0,26.0,In Stock,2026-07-20
OFF-HAM-10001621,Singapore Warehouse,337.0,67.0,In Stock,2026-07-20
OFF-EN-10003533,Singapore Warehouse,321.0,64.0,In Stock,2026-07-20
TEC-PH-10002806,Chicago Warehouse,111.0,22.0,In Stock,2026-07-20
FUR-IKE-10003576,Rotterdam Warehouse,58.0,11.0,In Stock,2026-07-20
TEC-MA-10001622,Chicago Warehouse,114.0,22.0,In Stock,2026-07-20
OFF-PA-10000601,Singapore Warehouse,331.0,66.0,,2026-07-20
TEC-PH-10003312,Chicago Warehouse,160.0,32.0,In Stock,2026-07-20
OFF-FA-10004076,Singapore Warehouse,376.0,75.0,In Stock,20/07/2026
FUR-BO-10004113,Rotterdam Warehouse,143.0,28.0,In Stock,
OFF-KIT-10004732,Singapore Warehouse,407.0,81.0,In Stock,2026-07-20
OFF-FA-10003007,Singapore Warehouse,226.0,45.0,In Stock,2026-07-20
OFF-GRE-10003316,Singapore Warehouse,456.0,91.0,In Stock,2026-07-20
TEC-CO-10002937,Chicago Warehouse,220.0,44.0,In Stock,2026-07-20
OFF-LA-10002782,Singapore Warehouse,224.0,44.0,In Stock,2026-07-20
OFF-EN-10002700,Singapore Warehouse,458.0,91.0,In Stock,2026-07-20
FUR-TA-10003228,Rotterdam Warehouse,75.0,15.0,In Stock,2026-07-20
OFF-LA-10001292,Singapore Warehouse,229.0,,In Stock,2026-07-20
OFF-AR-10000634,Singapore Warehouse,465.0,93.0,In Stock,2026-07-20
FUR-CH-10002780,Rotterdam Warehouse,133.0,26.0,In Stock,2026-07-20
OFF-AVE-10002892,Singapore Warehouse,271.0,54.0,In Stock,2026-07-20
OFF-FA-10001521,Singapore Warehouse,296.0,59.0,In Stock,2026-07-20
FUR-SAU-10003933,Rotterdam Warehouse,81.0,16.0,In Stock,2026-07-20
OFF-AP-10004140,Singapore Warehouse,454.0,90.0,In Stock,2026-07-20
TEC-HP -10001577,Chicago Warehouse,158.0,31.0,In Stock,2026-07-20
OFF-LA-10001294,Singapore Warehouse,307.0,61.0,In Stock,2026-07-20
FUR-CH-10001831,Rotterdam Warehouse,119.0,23.0,In Stock,2026-07-20
OFF-EN-10004788,Singapore Warehouse,480.0,96.0,In Stock,2026-07-20
FUR-CH-10002752,Rotterdam Warehouse,75.0,,In Stock,2026-07-20
OFF-LA-10000700,Singapore Warehouse,269.0,53.0,In Stock,2026-07-20
FUR-FU-10002972,Rotterdam Warehouse,117.0,23.0,In Stock,2026-07-20
FUR-CH-10001802,Rotterdam Warehouse,145.0,29.0,In Stock,2026-07-20
FUR-FU-10004617,Rotterdam Warehouse,60.0,12.0,In Stock,2026-07-20
OFF-FA-10000474,Singapore Warehouse,295.0,59.0,IN STOCK,2026-07-20
TEC-AC-10000863,Chicago Warehouse,148.0,29.0,In Stock,2026-07-20
TEC-MA-10002981,Chicago Warehouse,168.0,33.0,In Stock,20/07/2026
OFF-SU-10000969,Singapore Warehouse,388.0,77.0,In Stock,2026-07-20
FUR-FU-10004960,Rotterdam Warehouse,90.0,18.0,In Stock,2026-07-20
OFF-AR-10003217,Singapore Warehouse,315.0,63.0,In Stock,2026-07-20
OFF-SU-10001689,Singapore Warehouse,277.0,55.0,In Stock,2026-07-20
TEC-PH-10004922,Chicago Warehouse,129.0,25.0,In Stock,20/07/2026
OFF-BI-10004666,Singapore Warehouse,254.0,50.0,In Stock,2026-07-20
TEC-MA-10002165,Chicago Warehouse,192.0,38.0,In Stock,2026-07-20
OFF-CAR-10001428,Singapore Warehouse,249.0,49.0,In Stock,2026-07-20
TEC-PH-10004261,Chicago Warehouse,201.0,40.0,In Stock,
FUR-FU-10003731,Rotterdam Warehouse,71.0,14.0,In Stock,2026-07-20
OFF-TEN-10001160,Singapore Warehouse,414.0,82.0,In Stock,2026-07-20
OFF-PA-10002356,Singapore Warehouse,438.0,87.0,In Stock,2026-07-20
OFF-SU-10000822,Singapore Warehouse,380.0,76.0,IN STOCK,2026-07-20
OFF-LA-10004545,Singapore Warehouse,474.0,94.0,In Stock,2026-07-20
TEC-CO-10000663,Chicago Warehouse,135.0,27.0,In Stock,2026-07-20
FUR-FU-10004915,Rotterdam Warehouse,128.0,25.0,In Stock,2026-07-20
FUR-FU-10003150,Rotterdam Warehouse,108.0,21.0,In Stock,2026-07-20
TEC-AC-10001432,Chicago Warehouse,92.0,18.0,In Stock,2026-07-20
FUR-ELD-10003131,Rotterdam Warehouse,116.0,23.0,In Stock,2026-07-20
TEC-CO-10001042,Chicago Warehouse,196.0,39.0,In Stock,2026-07-20
OFF-LA-10001497,Singapore Warehouse,338.0,67.0,In Stock,2026-07-20
TEC-AC-10002482,Chicago Warehouse,158.0,,IN STOCK,2026-07-20
TEC-AC-10000199,Chicago Warehouse,171.0,34.0,In Stock,2026-07-20
OFF-IBI-10000951,Singapore Warehouse,225.0,45.0,In Stock,2026-07-20
TEC-PH-10002549,Chicago Warehouse,121.0,24.0,In Stock,2026-07-20
FUR-HAR-10003770,Rotterdam Warehouse,123.0,24.0,In Stock,2026-07-20
OFF-NOV-10003401,Singapore Warehouse,340.0,68.0,In Stock,2026-07-20
OFF-BI-10004597,Singapore Warehouse,284.0,56.0,In Stock,2026-07-20
OFF-LA-10003090,Singapore Warehouse,405.0,81.0,In Stock,2026-07-20
TEC-CO-10003516,Chicago Warehouse,172.0,34.0,In Stock,2026-07-20
TEC-PH-10003153,Chicago Warehouse,157.0,31.0,,2026-07-20
TEC-MOT-10002689,Chicago Warehouse,152.0,30.0,In Stock,2026-07-20
OFF-LA-10003215,Singapore Warehouse ,230.0,46.0,In Stock,2026-07-20
FUR-FU-10001890,Rotterdam Warehouse,64.0,12.0,In Stock,2026-07-20
OFF-BI-10003899,Singapore Warehouse,252.0,50.0,In Stock,2026-07-20
OFF-EAT-10003702,Singapore Warehouse,440.0,88.0,In Stock,2026-07-20
OFF-FA-10000197,Singapore Warehouse,202.0,40.0,In Stock,2026-07-20
OFF-SU-10000496,Singapore Warehouse,463.0,92.0,In Stock,2026-07-20
TEC-PH-10002892,Chicago Warehouse ,250.0,50.0,In Stock,
FUR-BO-10002964,Rotterdam Warehouse,91.0,18.0,In Stock,2026-07-20
FUR-CH-10004675,Rotterdam Warehouse,77.0,15.0,In-Stock,2026-07-20
FUR-FU-10002004,Rotterdam Warehouse,69.0,13.0,In Stock,2026-07-20
OFF-EN-10000258,Singapore Warehouse,494.0,98.0,In Stock,2026-07-20
OFF-AR-10000156,Singapore Warehouse,343.0,68.0,In Stock,2026-07-20
TEC-CO-10003204,Chicago Warehouse,154.0,30.0,In Stock,2026-07-20
OFF-LA-10004648,Singapore Warehouse,251.0,50.0,In Stock,2026-07-20
FUR-LES-10003538,Rotterdam Warehouse,108.0,21.0,In Stock,2026-07-20
FUR-TA-10003855,Rotterdam Warehouse,126.0,25.0,In Stock,2026-07-20
OFF-FA-10001551,Singapore Warehouse,360.0,72.0,In Stock,
OFF-CAR-10001746,Singapore Warehouse,396.0,79.0,In Stock,2026-07-20
FUR-BAR-10004561,Rotterdam Warehouse,111.0,22.0,In Stock,2026-07-20
FUR-BO-10004508,Rotterdam Warehouse,111.0,,In Stock,2026-07-20
OFF-AP-10001205,Singapore Warehouse,301.0,60.0,In Stock,2026-07-20
OFF-LA-10004034,Singapore Warehouse,202.0,,In Stock,2026-07-20
OFF-AP-10004964,Singapore Warehouse,327.0,65.0,In Stock,2026-07-20
TEC-PH-10003481,Chicago Warehouse,89.0,17.0,In Stock,2026-07-20
TEC-PH-10002493,Chicago Warehouse,125.0,25.0,In Stock,2026-07-20
FUR-SAF-10000881,Rotterdam Warehouse,99.0,19.0,In Stock,2026-07-20
OFF-AR-10001228,Singapore Warehouse,469.0,93.0,In Stock,2026-07-20
TEC-MA-10003461,Chicago Warehouse,229.0,45.0,In Stock,2026-07-20
TEC-PH-10002079,Chicago Warehouse,229.0,45.0,In Stock,2026-07-20
FUR-DAN-10004625,Rotterdam Warehouse,120.0,24.0,In Stock,2026-07-20
FUR-FU-10002116,Rotterdam Warehouse,52.0,10.0,In Stock,2026-07-20
OFF-AP-10002361,Singapore Warehouse,231.0,46.0,In Stock,2026-07-20
OFF-ST-10000344,Singapore Warehouse,420.0,84.0,In Stock,2026-07-20
TEC-CO-10003354,Chicago Warehouse,156.0,31.0,In Stock,2026-07-20
FUR-CH-10002084,Rotterdam Warehouse,117.0,23.0,In Stock,2026-07-20
FUR-SAU-10004053,Rotterdam Warehouse,92.0,18.0,In Stock,2026-07-20
FUR-SAF-10000545,Rotterdam Warehouse,129.0,,IN STOCK,2026-07-20
TEC-HEW-10003695,Chicago Warehouse,158.0,31.0,In Stock,2026-07-20
FUR-ADV-10000847,Rotterdam Warehouse,139.0,27.0,In Stock,2026-07-20
OFF-ST-10001426,Singapore Warehouse,446.0,89.0,In Stock,2026-07-20
FUR-SAF-10000265,Rotterdam Warehouse,126.0,25.0,In Stock,2026-07-20
TEC-MA-10003353,Chicago Warehouse,190.0,38.0,In Stock,2026-07-20
FUR-BO-10002003,Rotterdam Warehouse,104.0,20.0,In Stock,
FUR-FU-10001711,Rotterdam Warehouse,54.0,10.0,In Stock,2026-07-20
OFF-PA-10000677,Singapore Warehouse,236.0,47.0,In Stock,2026-07-20
TEC-EPS-10002523,Chicago Warehouse,216.0,43.0,In Stock,
OFF-SME-10000880,Singapore Warehouse,364.0,72.0,In Stock,2026-07-20
OFF-SAN-10003285,Singapore Warehouse,382.0,76.0,,2026-07-20
OFF-AP-10002472,Singapore Warehouse,490.0,98.0,In Stock,2026-07-20
OFF-EN-10000251,Singapore Warehouse,219.0,43.0,In Stock,2026-07-20
FUR-TA-10002095,Rotterdam Warehouse,134.0,26.0,In Stock,20/07/2026
TEC-MOT-10001088,Chicago Warehouse,91.0,18.0,In Stock,2026-07-20
OFF-LA-10003778,Singapore Warehouse,360.0,72.0,In Stock,20/07/2026
TEC-PH-10003784,Chicago Warehouse,210.0,42.0,In Stock,2026-07-20
FUR-CH-10004736,Rotterdam Warehouse,124.0,24.0,In Stock,2026-07-20
OFF-AME-10000244,Singapore Warehouse,346.0,69.0,In Stock,2026-07-20
OFF-EN-10004462,Singapore Warehouse,396.0,79.0,In Stock,20/07/2026
OFF-FEL-10001541,Singapore Warehouse,310.0,62.0,In Stock,2026-07-20
OFF-PA-10004296,Singapore Warehouse,352.0,70.0,In Stock,2026-07-20
OFF-OIC-10000121,Singapore Warehouse,217.0,43.0,In Stock,2026-07-20
OFF-PA-10000420,Singapore Warehouse,285.0,57.0,In Stock,2026-07-20
FUR-FU-10000755,Rotterdam Warehouse ,135.0,27.0,In Stock,2026-07-20
OFF-LA-10004774,Singapore Warehouse,346.0,69.0,In Stock,2026-07-20
TEC-CO-10002465,Chicago Warehouse,165.0,33.0,In Stock,2026-07-20
OFF-EN-10004958,Singapore Warehouse,241.0,48.0,In Stock,2026-07-20
OFF-ST-10004748,Singapore Warehouse,391.0,78.0,In Stock,2026-07-20
OFF-AP-10004937,Singapore Warehouse,405.0,81.0,In Stock,2026-07-20
FUR-FU-10003651,Rotterdam Warehouse,75.0,15.0,In Stock,2026-07-20
TEC-STA-10000699,Chicago Warehouse,208.0,41.0,In Stock,2026-07-20
OFF-CAM-10001141,Singapore Warehouse,325.0,65.0,In Stock,2026-07-20
OFF-BI-10002734,Singapore Warehouse,211.0,42.0,In Stock,2026-07-20
TEC-AC-10000271,,109.0,21.0,In Stock,2026-07-20
OFF-AR-10000066,Singapore Warehouse,384.0,76.0,In Stock,2026-07-20
FUR-CH-10000110,Rotterdam Warehouse,70.0,14.0,In Stock,2026-07-20
FUR-BO-10004098,Rotterdam Warehouse,130.0,26.0,In Stock,2026-07-20
TEC-SAM-10000588,Chicago Warehouse ,106.0,21.0,In Stock,2026-07-20
OFF-BI-10000419,Singapore Warehouse,266.0,53.0,In Stock,2026-07-20
OFF-AR-10000681,Singapore Warehouse,310.0,62.0,In Stock,2026-07-20
OFF-EN-10004892,Singapore Warehouse,231.0,46.0,In Stock,2026-07-20
OFF-AR-10004362,Singapore Warehouse,265.0,53.0,In Stock,2026-07-20
OFF-AP-10000330,Singapore Warehouse,468.0,93.0,In Stock,2026-07-20
OFF-ST-10000619,Singapore Warehouse,294.0,58.0,In Stock,2026-07-20
FUR-FU-10000072,Rotterdam Warehouse,91.0,18.0,In Stock,2026-07-20
FUR-BO-10003320,Rotterdam Warehouse,86.0,,In Stock,2026-07-20
FUR-TA-10000637,Rotterdam Warehouse,92.0,18.0,In Stock,2026-07-20
OFF-AR-10001022,Singapore Warehouse,261.0,52.0,In Stock,2026-07-20
TEC-AC-10003611,Chicago Warehouse,187.0,37.0,In Stock,2026-07-20
FUR-BO-10002142,Rotterdam Warehouse,140.0,28.0,In Stock,2026-07-20
FUR-OFF-10002542,Rotterdam Warehouse,112.0,22.0,In Stock,2026-07-20
FUR-FU-10003577,Rotterdam Warehouse,128.0,25.0,In Stock,2026-07-20
TEC-AC-10001438,,248.0,49.0,In Stock,2026-07-20
OFF-LA-10004749,,442.0,88.0,In Stock,2026-07-20
OFF-NOV-10003578,Singapore Warehouse,452.0,90.0,In Stock,2026-07-20
OFF-EN-10002348,Singapore Warehouse,388.0,77.0,In Stock,2026-07-20
OFF-TEN-10001031,Singapore Warehouse,221.0,44.0,In Stock,2026-07-20
OFF-FA-10000304,Singapore Warehouse,229.0,45.0,In Stock,2026-07-20
TEC-HEW-10000930,Chicago Warehouse,200.0,40.0,In Stock,2026-07-20
OFF-BI-10000756,Singapore Warehouse,393.0,78.0,In Stock,2026-07-20
OFF-SU-10000427,Singapore Warehouse,488.0,97.0,In Stock,2026-07-20
OFF-BI-10000136,Singapore Warehouse,242.0,48.0,In Stock,2026-07-20
OFF-AP-10002191,Singapore Warehouse,499.0,99.0,In Stock,2026-07-20
OFF-HON-10000172,Singapore Warehouse,465.0,93.0,In Stock,2026-07-20
OFF-PA-10002109,Singapore Warehouse,490.0,98.0,In Stock,2026-07-20
OFF-BI-10002867,Singapore Warehouse,344.0,68.0,In Stock,20/07/2026
FUR-TA-10003637,Rotterdam Warehouse,101.0,20.0,In Stock,2026-07-20
FUR-BO-10002285,Rotterdam Warehouse,86.0,17.0,In Stock,20/07/2026
TEC-AC-10000474,Chicago Warehouse,182.0,36.0,In Stock,20/07/2026
TEC-AC-10003334,,86.0,17.0,In Stock,2026-07-20
OFF-KLE-10003497,Singapore Warehouse,282.0,56.0,In Stock,2026-07-20
FUR-TA-10000671,Rotterdam Warehouse,106.0,21.0,In Stock,2026-07-20
OFF-ACM-10003978,Singapore Warehouse,310.0,62.0,In Stock,2026-07-20
FUR-BO-10000195,Rotterdam Warehouse,127.0,25.0,In Stock,2026-07-20
OFF-EN-10004254,Singapore Warehouse,268.0,53.0,In Stock,2026-07-20
OFF-ST-10000876,Singapore Warehouse,461.0,92.0,,2026-07-20
OFF-FA-10000411,Singapore Warehouse,361.0,72.0,In Stock,2026-07-20
OFF-AP-10003842,Singapore Warehouse,389.0,77.0,In Stock,2026-07-20
FUR-BO-10000734,Rotterdam Warehouse,54.0,10.0,In Stock,2026-07-20
OFF-ADV-10002549,Singapore Warehouse,254.0,50.0,In Stock,2026-07-20
TEC-PH-10000780,Chicago Warehouse,199.0,39.0,In Stock,2026-07-20
TEC-AC-10002159,Chicago Warehouse,155.0,31.0,In Stock,20/07/2026
OFF-BRE-10001197,Singapore Warehouse,390.0,78.0,In Stock,2026-07-20
FUR-CH-10001726,Rotterdam Warehouse,127.0,25.0,In Stock,2026-07-20
FUR-DAN-10002348,Rotterdam Warehouse ,,18.0,In Stock,2026-07-20
OFF-AR-10000851,Singapore Warehouse,470.0,94.0,In Stock,2026-07-20
FUR-HAR-10002328,Rotterdam Warehouse,105.0,21.0,IN STOCK,2026-07-20
FUR-SAF-10001428,Rotterdam Warehouse,66.0,13.0,In Stock,2026-07-20
OFF-FA-10003734,Singapore Warehouse,386.0,77.0,IN STOCK,2026-07-20
OFF-LA-10003766,Singapore Warehouse,480.0,96.0,In Stock,2026-07-20
OFF-KLE-10000296,Singapore Warehouse,317.0,63.0,In Stock,2026-07-20
FUR-FU-10001379,Rotterdam Warehouse,75.0,15.0,In Stock,2026-07-20
OFF-AP-10003040,Singapore Warehouse ,261.0,52.0,In Stock,2026-07-20
OFF-SU-10002214,Singapore Warehouse,435.0,87.0,In Stock,2026-07-20
OFF-BI-10000305,Singapore Warehouse,437.0,87.0,In Stock,2026-07-20
FUR-CH-10001262,Rotterdam Warehouse,55.0,11.0,In Stock,2026-07-20
OFF-PA-10000540,Singapore Warehouse,324.0,64.0,In Stock,2026-07-20
TEC-MA-10002871,Chicago Warehouse,97.0,19.0,In Stock,2026-07-20
OFF-PA-10003838,Singapore Warehouse,227.0,45.0,IN STOCK,20/07/2026
TEC-CO-10000847,Chicago Warehouse,88.0,17.0,In Stock,2026-07-20
OFF-FIS-10003234,Singapore Warehouse,441.0,88.0,In Stock,2026-07-20
OFF-BI-10001546,Singapore Warehouse,410.0,82.0,In Stock,2026-07-20
OFF-EN-10000645,Singapore Warehouse ,442.0,88.0,In Stock,2026-07-20
FUR-BO-10001946,Rotterdam Warehouse,88.0,17.0,In Stock,2026-07-20
TEC-BEL-10003875,Chicago Warehouse,172.0,34.0,In Stock,2026-07-20
OFF-LA-10001669,Singapore Warehouse,242.0,48.0,In Stock,2026-07-20
OFF-SU-10001574,Singapore Warehouse,416.0,83.0,In Stock,2026-07-20
OFF-ST-10002028,Singapore Warehouse,444.0,88.0,In Stock,20/07/2026
TEC-MA-10003558,Chicago Warehouse,102.0,20.0,In Stock,2026-07-20
OFF-ST-10000615,Singapore Warehouse,477.0,95.0,In Stock,2026-07-20
OFF-BI-10004040,Singapore Warehouse,358.0,71.0,In Stock,2026-07-20
TEC-AC-10004853,Chicago Warehouse,203.0,40.0,In Stock,2026-07-20
OFF-ST-10002459,Singapore Warehouse,207.0,41.0,In Stock,2026-07-20
TEC-AC-10004659,Chicago Warehouse,91.0,18.0,In Stock,20/07/2026
OFF-CAM-10001191,Singapore Warehouse,403.0,80.0,In Stock,2026-07-20
TEC-PH-10000437,Chicago Warehouse,131.0,26.0,In Stock,2026-07-20
OFF-KIT-10004058,,333.0,66.0,IN STOCK,2026-07-20
FUR-CH-10003195,Rotterdam Warehouse,52.0,10.0,IN STOCK,2026-07-20
FUR-BO-10001888,Rotterdam Warehouse,97.0,19.0,In Stock,2026-07-20
OFF-AP-10001548,Singapore Warehouse,487.0,97.0,In Stock,2026-07-20
OFF-PA-10000380,Singapore Warehouse,346.0,69.0,In Stock,2026-07-20
FUR-BO-10002740,Rotterdam Warehouse,142.0,28.0,In Stock,2026-07-20
TEC-MA-10002249,Chicago Warehouse,228.0,45.0,In Stock,2026-07-20
TEC-AC-10004595,Chicago Warehouse ,,30.0,In Stock,2026-07-20
TEC-AC-10003870,Chicago Warehouse,233.0,46.0,In Stock,2026-07-20
TEC-AC-10002996,Chicago Warehouse,235.0,47.0,In Stock,2026-07-20
OFF-ACM-10001029,Singapore Warehouse,347.0,69.0,In Stock,2026-07-20
TEC-AC-10004904,Chicago Warehouse,172.0,34.0,In Stock,2026-07-20
FUR-TEN-10000002,Rotterdam Warehouse,93.0,18.0,IN STOCK,2026-07-20
FUR-BO-10004129,Rotterdam Warehouse,125.0,25.0,In Stock,2026-07-20
TEC-PH-10002275,Chicago Warehouse ,159.0,31.0,In Stock,2026-07-20
OFF-SU-10002816,Singapore Warehouse,300.0,60.0,In Stock,2026-07-20
TEC-OKI-10000372,Chicago Warehouse,243.0,48.0,In Stock,2026-07-20
FUR-TA-10002433,Rotterdam Warehouse,,18.0,In Stock,2026-07-20
OFF-STO-10003604,Singapore Warehouse,336.0,67.0,In Stock,2026-07-20
OFF-BI-10004145,Singapore Warehouse,235.0,47.0,In Stock,2026-07-20
FUR-DAN-10004940,Rotterdam Warehouse,113.0,22.0,In Stock,2026-07-20
OFF-AR-10001482,Singapore Warehouse,310.0,62.0,In Stock,2026-07-20
OFF-AP-10003717,Singapore Warehouse,441.0,88.0,In Stock,2026-07-20
OFF-SU-10001455,Singapore Warehouse,443.0,88.0,In Stock,2026-07-20
OFF-SME-10002823,Singapore Warehouse,439.0,87.0,In Stock,2026-07-20
TEC-CAN-10000030,Chicago Warehouse,147.0,29.0,In Stock,2026-07-20
OFF-BI-10004589,Singapore Warehouse,452.0,90.0,In Stock,2026-07-20
OFF-EAT-10004036,Singapore Warehouse,305.0,61.0,In Stock,2026-07-20
TEC-MOT-10001342,Chicago Warehouse,235.0,-47.0,In Stock,2026-07-20
OFF-FA-10002061,Singapore Warehouse,447.0,89.0,In Stock,2026-07-20
FUR-FU-10000481,Rotterdam Warehouse,87.0,17.0,In Stock,2026-07-20
OFF-BI-10002859,Singapore Warehouse,378.0,75.0,In Stock,2026-07-20
FUR-SAU-10002331,Rotterdam Warehouse,78.0,15.0,In Stock,2026-07-20
OFF-PA-10000300,Singapore Warehouse,370.0,74.0,In Stock,2026-07-20
FUR-FU-10000225,Rotterdam Warehouse,129.0,25.0,In Stock,2026-07-20
FUR-TEN-10000325,Rotterdam Warehouse,138.0,27.0,In Stock,2026-07-20
FUR-CH-10003853,Rotterdam Warehouse,100.0,20.0,In Stock,2026-07-20
OFF-AR-10000054,Singapore Warehouse,352.0,,In Stock,2026-07-20
OFF-AP-10000055,Singapore Warehouse,451.0,90.0,In Stock,2026-07-20
OFF-JIF-10000165,Singapore Warehouse,416.0,83.0,In Stock,2026-07-20
OFF-HOO-10001448,Singapore Warehouse,404.0,80.0,In Stock,2026-07-20
OFF-PA-10004337,Singapore Warehouse,252.0,50.0,In Stock,2026-07-20
OFF-WIL-10002772,Singapore Warehouse,239.0,47.0,In Stock,2026-07-20
OFF-EN-10004443,Singapore Warehouse,275.0,55.0,In Stock,2026-07-20
TEC-CO-10003777,Chicago Warehouse,167.0,33.0,,2026-07-20
TEC-AC-10002255,Chicago Warehouse,205.0,41.0,In Stock,2026-07-20
OFF-LA-10003210,Singapore Warehouse ,279.0,55.0,In Stock,2026-07-20
FUR-CH-10003581,Rotterdam Warehouse,116.0,23.0,IN STOCK,2026-07-20
OFF-SME-10003134,Singapore Warehouse,296.0,59.0,In Stock,2026-07-20
OFF-SU-10001218,Singapore Warehouse,221.0,,In Stock,2026-07-20
TEC-MOT-10001927,Chicago Warehouse,219.0,43.0,In Stock,2026-07-20
OFF-BI-10001718,Singapore Warehouse,292.0,58.0,In Stock,2026-07-20
OFF-ST-10004280,Singapore Warehouse,362.0,72.0,In Stock,2026-07-20
FUR-HAR-10002873,Rotterdam Warehouse,54.0,10.0,In Stock,2026-07-20
TEC-PH-10004328,,172.0,34.0,In Stock,2026-07-20
OFF-PA-10000850,Singapore Warehouse,342.0,68.0,In Stock,2026-07-20
OFF-EN-10000657,Singapore Warehouse,216.0,43.0,In Stock,2026-07-20
TEC-CO-10002467,Chicago Warehouse,150.0,30.0,In Stock,2026-07-20
TEC-PH-10003960,Chicago Warehouse,133.0,26.0,In Stock,2026-07-20
TEC-AC-10002122,Chicago Warehouse,237.0,47.0,In Stock,2026-07-20
OFF-AR-10002096,Singapore Warehouse,220.0,44.0,In Stock,2026-07-20
OFF-EN-10001680,Singapore Warehouse,298.0,59.0,In Stock,2026-07-20
TEC-SAN-10000060,Chicago Warehouse,,16.0,In Stock,2026-07-20
OFF-FA-10001039,Singapore Warehouse,292.0,58.0,In Stock,2026-07-20
OFF-OIC-10004253,Singapore Warehouse,419.0,83.0,In Stock,2026-07-20
OFF-PA-10000816,Singapore Warehouse,344.0,68.0,In Stock,2026-07-20
FUR-TA-10002467,Rotterdam Warehouse,71.0,14.0,In Stock,2026-07-20
TEC-AC-10003451,Chicago Warehouse,219.0,43.0,In Stock,2026-07-20
TEC-MA-10004143,Chicago Warehouse,192.0,38.0,In Stock,2026-07-20
FUR-FU-10001246,Rotterdam Warehouse,85.0,17.0,In Stock,2026-07-20
OFF-BI-10002429,Singapore Warehouse,268.0,53.0,In Stock,2026-07-20
TEC-PH-10002590,Chicago Warehouse,170.0,34.0,In Stock,2026-07-20
OFF-EN-10004989,Singapore Warehouse,489.0,97.0,In Stock,2026-07-20
TEC-ENE-10004627,Chicago Warehouse,153.0,30.0,IN STOCK,2026-07-20
OFF-PA-10001979,,265.0,53.0,In Stock,2026-07-20
TEC-MA-10002267,Chicago Warehouse,229.0,45.0,In Stock,2026-07-20
FUR-TA-10000593,Rotterdam Warehouse,117.0,23.0,In Stock,2026-07-20
FUR-BO-10004681,Rotterdam Warehouse,89.0,17.0,In Stock,2026-07-20
OFF-FA-10001871,Singapore Warehouse,439.0,87.0,In Stock,20/07/2026
FUR-TA-10000304,Rotterdam Warehouse,93.0,18.0,In Stock,
TEC-MA-10001856,Chicago Warehouse ,206.0,41.0,In Stock,2026-07-20
TEC-PH-10004437,Chicago Warehouse,167.0,33.0,In Stock,2026-07-20
FUR-FU-10002937,Rotterdam Warehouse,104.0,20.0,In Stock,2026-07-20
OFF-STI-10001651,Singapore Warehouse,250.0,50.0,In Stock,2026-07-20
FUR-FU-10001371,Rotterdam Warehouse,62.0,12.0,In Stock,2026-07-20
OFF-AP-10000569,Singapore Warehouse,304.0,60.0,IN STOCK,2026-07-20
TEC-CO-10000279,Chicago Warehouse,231.0,46.0,In Stock,2026-07-20
OFF-TEN-10000894,Singapore Warehouse,284.0,56.0,In Stock,2026-07-20
OFF-FA-10002683,Singapore Warehouse,222.0,44.0,In Stock,2026-07-20
FUR-FU-10001090,Rotterdam Warehouse,113.0,22.0,In Stock,2026-07-20
OFF-PA-10002370,Singapore Warehouse,399.0,79.0,In Stock,2026-07-20
FUR-TEN-10002418,Rotterdam Warehouse,104.0,20.0,In Stock,2026-07-20
FUR-FU-10002549,Rotterdam Warehouse,140.0,28.0,In Stock,2026-07-20
OFF-BI-10000583,Singapore Warehouse,496.0,99.0,In Stock,2026-07-20
OFF-BI-10000404,Singapore Warehouse ,463.0,92.0,In Stock,2026-07-20
TEC-AC-10000521,Chicago Warehouse,157.0,31.0,In Stock,20/07/2026
OFF-AR-10001570,Singapore Warehouse,236.0,47.0,In Stock,2026-07-20
OFF-EN-10000938,Singapore Warehouse,254.0,50.0,In Stock,2026-07-20
FUR-TA-10003006,Rotterdam Warehouse,128.0,25.0,In Stock,2026-07-20
OFF-FA-10003054,Singapore Warehouse,205.0,41.0,,2026-07-20
TEC-AC-10003052,Chicago Warehouse,141.0,28.0,In Stock,2026-07-20
TEC-SHA-10001103,Chicago Warehouse,104.0,20.0,In Stock,2026-07-20
OFF-GRE-10004054,Singapore Warehouse,295.0,59.0,In Stock,2026-07-20
OFF-AP-10003308,Singapore Warehouse,487.0,97.0,In Stock,2026-07-20
OFF-SME-10004370,Singapore Warehouse,473.0,94.0,In Stock,2026-07-20
OFF-LA-10000934,Singapore Warehouse,281.0,56.0,In Stock,
OFF-BI-10001885,Singapore Warehouse,357.0,71.0,In Stock,2026-07-20
OFF-SU-10001657,Singapore Warehouse,379.0,75.0,In Stock,2026-07-20
OFF-FA-10004395,Singapore Warehouse,263.0,52.0,In Stock,2026-07-20
FUR-BO-10001483,Rotterdam Warehouse,89.0,17.0,In Stock,2026-07-20
OFF-BI-10000538,Singapore Warehouse,378.0,75.0,In Stock,2026-07-20
TEC-PAN-10000377,Chicago Warehouse,123.0,24.0,In Stock,2026-07-20
OFF-BI-10002354,Singapore Warehouse,311.0,62.0,In Stock,2026-07-20
OFF-BI-10001072,Singapore Warehouse,265.0,53.0,In Stock,2026-07-20
OFF-AR-10001117,Singapore Warehouse,428.0,85.0,In Stock,2026-07-20
OFF-BI-10003364,Singapore Warehouse,266.0,53.0,In Stock,2026-07-20
OFF-ST-10000025,Singapore Warehouse,223.0,44.0,In Stock,2026-07-20
OFF-AR-10003190,Singapore Warehouse,353.0,70.0,In Stock,2026-07-20
TEC-CO-10000228,Chicago Warehouse,118.0,23.0,In Stock,2026-07-20
OFF-AP-10003618,Singapore Warehouse,319.0,63.0,In Stock,2026-07-20
OFF-BIC-10002440,Singapore Warehouse,404.0,80.0,In Stock,20/07/2026
TEC-PH-10001299,Chicago Warehouse,215.0,43.0,In Stock,2026-07-20
OFF-PA-10001761,Singapore Warehouse ,472.0,94.0,In Stock,2026-07-20
OFF-ADV-10000425,Singapore Warehouse,244.0,48.0,In Stock,2026-07-20
FUR-TA-10003003,Rotterdam Warehouse ,91.0,18.0,In Stock,2026-07-20
TEC-CO-10004813,Chicago Warehouse,194.0,38.0,IN STOCK,2026-07-20
OFF-SU-10004705,Singapore Warehouse,407.0,81.0,In Stock,2026-07-20
TEC-AC-10002842,Chicago Warehouse,182.0,36.0,In Stock,2026-07-20
FUR-CH-10000546,Rotterdam Warehouse,96.0,19.0,In Stock,2026-07-20
OFF-LA-10002107,Singapore Warehouse,463.0,92.0,In Stock,2026-07-20
OFF-FA-10004942,Singapore Warehouse,,82.0,In Stock,2026-07-20
TEC-MA-10000875,Chicago Warehouse,242.0,48.0,In Stock,2026-07-20
OFF-HOO-10000445,Singapore Warehouse,351.0,70.0,In Stock,2026-07-20
OFF-PA-10004910,Singapore Warehouse,310.0,62.0,In Stock,2026-07-20
OFF-LA-10004519,Singapore Warehouse,271.0,54.0,In Stock,2026-07-20
OFF-ST-10000877,Singapore Warehouse,205.0,41.0,In Stock,2026-07-20
TEC-CO-10001352,Chicago Warehouse,181.0,36.0,In Stock,2026-07-20
OFF-ST-10003956,Singapore Warehouse,299.0,59.0,In Stock,2026-07-20
OFF-FA-10004709,Singapore Warehouse,257.0,51.0,In Stock,2026-07-20
OFF-SU-10002379,Singapore Warehouse,397.0,79.0,,2026-07-20
FUR-ELD-10000963,Rotterdam Warehouse,73.0,14.0,In Stock,2026-07-20
OFF-ST-10003295,Singapore Warehouse,244.0,48.0,In Stock,2026-07-20
TEC-CAN-10001853,Chicago Warehouse,238.0,47.0,In Stock,2026-07-20
FUR-ELD-10000605,Rotterdam Warehouse,87.0,17.0,In Stock,2026-07-20
OFF-STO-10001791,Singapore Warehouse ,368.0,73.0,In Stock,2026-07-20
TEC-AC-10003969,Chicago Warehouse,155.0,31.0,In Stock,2026-07-20
OFF-LA-10004488,Singapore Warehouse,461.0,92.0,In Stock,2026-07-20
FUR-TA-10002789,Rotterdam Warehouse,50.0,10.0,In Stock,2026-07-20
TEC-AC-10002324,Chicago Warehouse,126.0,25.0,In Stock,2026-07-20
OFF-ELD-10001694,Singapore Warehouse,295.0,59.0,In Stock,2026-07-20
OFF-BI-10004519,Singapore Warehouse,399.0,79.0,In Stock,2026-07-20
OFF-HON-10000966,Singapore Warehouse,226.0,45.0,In Stock,2026-07-20
FUR-BO-10004565,Rotterdam Warehouse,111.0,22.0,In Stock,2026-07-20
FUR-FU-10001452,Rotterdam Warehouse,98.0,19.0,In Stock,2026-07-20
OFF-EN-10000232,Singapore Warehouse,304.0,60.0,In Stock,2026-07-20
OFF-LA-10001074,,,75.0,In Stock,2026-07-20
FUR-BO-10000425,Rotterdam Warehouse,134.0,26.0,In Stock,2026-07-20
TEC-AC-10003832,Chicago Warehouse,153.0,30.0,In Stock,2026-07-20
FUR-BO-10002936,Rotterdam Warehouse,136.0,,In Stock,2026-07-20
OFF-AR-10003962,Singapore Warehouse,452.0,90.0,In Stock,2026-07-20
OFF-ST-10003322,Singapore Warehouse,307.0,61.0,In Stock,2026-07-20
FUR-CH-10003597,Rotterdam Warehouse,122.0,24.0,In Stock,2026-07-20
TEC-CO-10002065,Chicago Warehouse,222.0,44.0,In Stock,2026-07-20
TEC-AC-10002712,Chicago Warehouse,87.0,17.0,In Stock,2026-07-20
OFF-ST-10002706,Singapore Warehouse,285.0,57.0,In Stock,2026-07-20
FUR-FU-10003297,Rotterdam Warehouse,116.0,23.0,In Stock,2026-07-20
TEC-PH-10000298,Chicago Warehouse,175.0,35.0,In Stock,2026-07-20
OFF-BI-10000827,Singapore Warehouse,,94.0,In Stock,2026-07-20
TEC-AC-10004571,Chicago Warehouse,237.0,47.0,In Stock,
OFF-BI-10004654,,459.0,91.0,In Stock,2026-07-20
FUR-CH-10003844,Rotterdam Warehouse,81.0,16.0,In Stock,2026-07-20
TEC-PH-10001002,Chicago Warehouse,194.0,38.0,In Stock,2026-07-20
OFF-FA-10000475,Singapore Warehouse,276.0,55.0,In Stock,2026-07-20
OFF-BI-10003291,,476.0,95.0,In-Stock,2026-07-20
TEC-AC-10000692,Chicago Warehouse,97.0,19.0,In Stock,2026-07-20
OFF-ST-10002930,Singapore Warehouse,380.0,76.0,In Stock,2026-07-20
OFF-FA-10000401,Singapore Warehouse,442.0,88.0,In Stock,20/07/2026
FUR-FU-10002069,,75.0,15.0,In Stock,2026-07-20
OFF-EN-10003018,Singapore Warehouse,470.0,94.0,IN STOCK,2026-07-20
OFF-FA-10000455,Singapore Warehouse,371.0,74.0,In Stock,2026-07-20
OFF-AP-10003758,Singapore Warehouse,335.0,67.0,In Stock,2026-07-20
OFF-AP-10001190,Singapore Warehouse,395.0,79.0,In Stock,2026-07-20
OFF-ST-10004382,Singapore Warehouse,316.0,63.0,,2026-07-20
FUR-BO-10001212,Rotterdam Warehouse,64.0,12.0,In Stock,2026-07-20
OFF-ST-10004326,Singapore Warehouse,205.0,41.0,In Stock,2026-07-20
TEC-AC-10004341,Chicago Warehouse,132.0,26.0,In Stock,2026-07-20
FUR-CH-10000602,Rotterdam Warehouse,69.0,13.0,In-Stock,2026-07-20
TEC-CO-10003992,Chicago Warehouse,81.0,16.0,In Stock,2026-07-20
OFF-STO-10001142,Singapore Warehouse,308.0,61.0,In Stock,2026-07-20
OFF-BI-10001670,Singapore Warehouse,366.0,73.0,In Stock,2026-07-20
OFF-LA-10003848,Singapore Warehouse,479.0,95.0,In Stock,2026-07-20
OFF-PA-10001620,Singapore Warehouse,423.0,84.0,In Stock,2026-07-20
TEC-MA-10002729,Chicago Warehouse,229.0,,In Stock,2026-07-20
OFF-BI-10004148,Singapore Warehouse,451.0,90.0,In Stock,2026-07-20
OFF-AR-10003448,Singapore Warehouse,417.0,83.0,In Stock,2026-07-20
TEC-PH-10003078,Chicago Warehouse,209.0,41.0,In Stock,2026-07-20
OFF-FA-10003257,Singapore Warehouse ,280.0,56.0,IN STOCK,2026-07-20
OFF-LA-10003717,Singapore Warehouse,390.0,78.0,In Stock,2026-07-20
OFF-BI-10000871,Singapore Warehouse,432.0,86.0,In Stock,2026-07-20
TEC-MA-10000904,Chicago Warehouse,144.0,28.0,In Stock,20/07/2026
OFF-AP-10004201,Singapore Warehouse,376.0,75.0,In Stock,2026-07-20
TEC-HP -10001115,Chicago Warehouse,112.0,22.0,In Stock,2026-07-20
TEC-MA-10002412,Chicago Warehouse,225.0,45.0,In Stock,2026-07-20
OFF-AP-10004919,Singapore Warehouse,332.0,66.0,In Stock,2026-07-20
FUR-CH-10000528,Rotterdam Warehouse,65.0,13.0,In Stock,2026-07-20
FUR-ELD-10001163,Rotterdam Warehouse,105.0,21.0,In Stock,2026-07-20
FUR-FU-10000251,Rotterdam Warehouse,129.0,25.0,In Stock,2026-07-20
FUR-FU-10003986,Rotterdam Warehouse,111.0,22.0,In Stock,2026-07-20
OFF-EAT-10002122,Singapore Warehouse,431.0,86.0,In Stock,2026-07-20
OFF-SU-10003118,Singapore Warehouse,444.0,88.0,In Stock,2026-07-20
OFF-HAR-10002914,Singapore Warehouse,291.0,58.0,In Stock,2026-07-20
OFF-EAT-10001025,Singapore Warehouse,266.0,53.0,,2026-07-20
FUR-FU-10004013,Rotterdam Warehouse,61.0,12.0,In Stock,2026-07-20
FUR-HON-10001851,Rotterdam Warehouse,86.0,17.0,In Stock,2026-07-20
FUR-CH-10003379,Rotterdam Warehouse,65.0,13.0,In Stock,2026-07-20
OFF-SU-10002710,Singapore Warehouse,322.0,64.0,IN STOCK,2026-07-20
TEC-MA-10002712,Chicago Warehouse,122.0,24.0,In Stock,2026-07-20
TEC-PH-10001870,Chicago Warehouse,138.0,27.0,In Stock,2026-07-20
FUR-ADV-10004223,Rotterdam Warehouse,140.0,28.0,In Stock,2026-07-20
OFF-FA-10002100,Singapore Warehouse,251.0,50.0,In Stock,2026-07-20
FUR-FU-10002019,Rotterdam Warehouse,110.0,22.0,In Stock,2026-07-20
FUR-BO-10002250,Rotterdam Warehouse,56.0,11.0,In Stock,20/07/2026
OFF-PA-10000731,Singapore Warehouse,407.0,81.0,In Stock,2026-07-20
OFF-SU-10002900,Singapore Warehouse,386.0,77.0,In Stock,2026-07-20
OFF-BIN-10000712,Singapore Warehouse,287.0,57.0,In Stock,2026-07-20
OFF-PA-10003651,Singapore Warehouse,254.0,50.0,In Stock,2026-07-20
OFF-AP-10003431,Singapore Warehouse,209.0,41.0,IN STOCK,2026-07-20
FUR-CH-10003692,Rotterdam Warehouse,108.0,21.0,IN STOCK,2026-07-20
FUR-FU-10001915,Rotterdam Warehouse,137.0,27.0,In Stock,2026-07-20
FUR-CH-10000326,Rotterdam Warehouse,60.0,12.0,,2026-07-20
FUR-CH-10004050,Rotterdam Warehouse,141.0,28.0,In Stock,2026-07-20
TEC-MA-10003787,Chicago Warehouse,198.0,39.0,In Stock,20/07/2026
TEC-MOT-10001535,Chicago Warehouse,201.0,,In Stock,2026-07-20
FUR-CH-10000885,Rotterdam Warehouse,112.0,22.0,In Stock,2026-07-20
OFF-AP-10002537,Singapore Warehouse,341.0,68.0,In Stock,2026-07-20
TEC-PH-10002299,Chicago Warehouse,95.0,19.0,In Stock,20/07/2026
OFF-AR-10001495,Singapore Warehouse,433.0,86.0,In Stock,2026-07-20
OFF-AR-10003978,Singapore Warehouse,273.0,54.0,In Stock,2026-07-20
TEC-MOT-10000851,Chicago Warehouse,220.0,44.0,In Stock,2026-07-20
FUR-FU-10002045,Rotterdam Warehouse,51.0,10.0,In Stock,2026-07-20
TEC-AC-10003753,Chicago Warehouse,248.0,49.0,In Stock,2026-07-20
OFF-SU-10001709,Singapore Warehouse,384.0,76.0,In Stock,2026-07-20
FUR-FU-10003919,Rotterdam Warehouse,72.0,14.0,In Stock,2026-07-20
TEC-CO-10000971,Chicago Warehouse,218.0,43.0,In Stock,2026-07-20
OFF-LA-10000370,Singapore Warehouse,348.0,69.0,In Stock,2026-07-20
FUR-BO-10002853,Rotterdam Warehouse,78.0,15.0,In Stock,2026-07-20
TEC-NOK-10001172,Chicago Warehouse,232.0,46.0,IN STOCK,2026-07-20
OFF-KLE-10001317,Singapore Warehouse ,278.0,55.0,In Stock,2026-07-20
TEC-PH-10001362,Chicago Warehouse,212.0,42.0,In Stock,2026-07-20
FUR-BO-10001558,Rotterdam Warehouse,60.0,12.0,In Stock,2026-07-20
OFF-BI-10002533,Singapore Warehouse,447.0,89.0,In Stock,2026-07-20
OFF-FA-10002388,Singapore Warehouse,498.0,99.0,In Stock,2026-07-20
OFF-ADV-10004228,Singapore Warehouse,486.0,97.0,In Stock,2026-07-20
TEC-HP -10004082,Chicago Warehouse,115.0,23.0,In Stock,2026-07-20
FUR-FU-10000526,Rotterdam Warehouse,150.0,30.0,In Stock,2026-07-20
TEC-PH-10002774,Chicago Warehouse,178.0,35.0,In Stock,2026-07-20
OFF-AR-10002240,Singapore Warehouse,369.0,73.0,In Stock,2026-07-20
TEC-CAN-10002843,Chicago Warehouse,89.0,,In Stock,2026-07-20
OFF-SU-10004814,Singapore Warehouse,224.0,44.0,In Stock,2026-07-20
OFF-PA-10001661,Singapore Warehouse,449.0,89.0,In Stock,2026-07-20
TEC-AC-10000450,Chicago Warehouse,117.0,23.0,In Stock,2026-07-20
TEC-PH-10001300,Chicago Warehouse,219.0,43.0,In Stock,2026-07-20
OFF-SU-10003040,Singapore Warehouse,476.0,95.0,In Stock,2026-07-20
OFF-CAM-10003933,Singapore Warehouse,347.0,69.0,In Stock,2026-07-20
TEC-MA-10002316,Chicago Warehouse,171.0,34.0,In Stock,2026-07-20
OFF-PA-10003878,Singapore Warehouse,256.0,51.0,In Stock,2026-07-20
TEC-PH-10000286,Chicago Warehouse,211.0,42.0,In Stock,2026-07-20
OFF-PA-10003224,Singapore Warehouse,426.0,85.0,In Stock,2026-07-20
OFF-PA-10004983,Singapore Warehouse,276.0,55.0,In Stock,2026-07-20
OFF-SAN-10000844,Singapore Warehouse,376.0,75.0,In Stock,2026-07-20
FUR-CHR-10000585,Rotterdam Warehouse,66.0,13.0,In Stock,2026-07-20
OFF-FA-10000801,Singapore Warehouse,374.0,74.0,In Stock,2026-07-20
OFF-ST-10004479,Singapore Warehouse,287.0,57.0,In Stock,2026-07-20
TEC-AC-10000244,Chicago Warehouse,244.0,48.0,In Stock,2026-07-20
FUR-FU-10000576,Rotterdam Warehouse,76.0,15.0,In Stock,2026-07-20
FUR-HAR-10000870,Rotterdam Warehouse,69.0,13.0,In Stock,2026-07-20
OFF-BI-10001254,Singapore Warehouse,392.0,78.0,In Stock,2026-07-20
TEC-PH-10003095,Chicago Warehouse,228.0,45.0,IN STOCK,2026-07-20
FUR-FU-10003339,Rotterdam Warehouse,,19.0,In Stock,2026-07-20
OFF-BI-10001267,Singapore Warehouse,358.0,71.0,In Stock,2026-07-20
OFF-SU-10004662,Singapore Warehouse,343.0,68.0,In Stock,2026-07-20
OFF-AR-10003602,Singapore Warehouse,340.0,68.0,In Stock,2026-07-20
OFF-BI-10000285,Singapore Warehouse,389.0,77.0,In Stock,2026-07-20
OFF-PA-10001466,Singapore Warehouse,444.0,88.0,In Stock,2026-07-20
OFF-ADV-10003196,Singapore Warehouse,205.0,41.0,In Stock,2026-07-20
OFF-AP-10004532,Singapore Warehouse,465.0,93.0,In Stock,2026-07-20
TEC-MA-10004533,Chicago Warehouse,109.0,21.0,In Stock,2026-07-20
TEC-CO-10003250,Chicago Warehouse,165.0,33.0,In Stock,2026-07-20
OFF-AR-10002745,Singapore Warehouse,350.0,70.0,In Stock,2026-07-20
TEC-MA-10004842,Chicago Warehouse,250.0,50.0,In Stock,2026-07-20
TEC-AC-10001455,Chicago Warehouse,188.0,37.0,In Stock,2026-07-20
OFF-BI-10003638,Singapore Warehouse,256.0,51.0,In Stock,2026-07-20
OFF-ST-10000948,Singapore Warehouse,286.0,57.0,In Stock,2026-07-20
FUR-SAF-10004252,Rotterdam Warehouse,97.0,19.0,In Stock,20/07/2026
OFF-JIF-10002836,Singapore Warehouse,430.0,86.0,In Stock,2026-07-20
OFF-LA-10000633,Singapore Warehouse,313.0,62.0,In Stock,2026-07-20
OFF-PA-10002976,Singapore Warehouse,414.0,82.0,In Stock,2026-07-20
OFF-PA-10000393,Singapore Warehouse,452.0,90.0,In Stock,2026-07-20
TEC-CO-10003298,Chicago Warehouse,159.0,31.0,In Stock,2026-07-20
FUR-CH-10004491,Rotterdam Warehouse,133.0,26.0,In Stock,2026-07-20
TEC-MA-10003400,Chicago Warehouse,149.0,29.0,In Stock,2026-07-20
FUR-FU-10001546,Rotterdam Warehouse,58.0,11.0,In Stock,2026-07-20
OFF-ADV-10001437,Singapore Warehouse,238.0,47.0,In Stock,2026-07-20
TEC-PH-10003055,Chicago Warehouse,147.0,29.0,In Stock,2026-07-20
OFF-AP-10000415,Singapore Warehouse,458.0,91.0,In Stock,2026-07-20
FUR-FU-10004152,Rotterdam Warehouse,134.0,26.0,In Stock,2026-07-20
OFF-BI-10001191,Singapore Warehouse,319.0,63.0,In Stock,2026-07-20
OFF-FA-10000713,Singapore Warehouse,208.0,41.0,In Stock,2026-07-20
TEC-PH-10003713,Chicago Warehouse,248.0,49.0,In Stock,2026-07-20
OFF-LA-10001569,Singapore Warehouse,481.0,96.0,In Stock,2026-07-20
OFF-BOS-10003699,Singapore Warehouse,330.0,66.0,In Stock,2026-07-20
OFF-SU-10004904,Singapore Warehouse,263.0,52.0,In Stock,2026-07-20
TEC-MA-10001210,Chicago Warehouse,180.0,36.0,In Stock,2026-07-20
OFF-SME-10003047,Singapore Warehouse,331.0,66.0,In Stock,2026-07-20
TEC-PH-10004237,Chicago Warehouse,213.0,42.0,In Stock,2026-07-20
TEC-PH-10000148,Chicago Warehouse,93.0,18.0,IN STOCK,2026-07-20
OFF-BI-10000287,,492.0,98.0,In Stock,2026-07-20
OFF-AP-10003354,Singapore Warehouse,208.0,41.0,In Stock,2026-07-20
FUR-CH-10002653,Rotterdam Warehouse,68.0,13.0,In Stock,20/07/2026
FUR-CH-10000343,Rotterdam Warehouse,69.0,13.0,In Stock,2026-07-20
OFF-HAR-10001531,Singapore Warehouse,425.0,85.0,In Stock,2026-07-20
FUR-TA-10001642,Rotterdam Warehouse,56.0,11.0,In Stock,2026-07-20
FUR-CH-10002589,Rotterdam Warehouse,78.0,15.0,In Stock,2026-07-20
OFF-SU-10003540,Singapore Warehouse,300.0,60.0,In Stock,2026-07-20
FUR-FU-10000010,Rotterdam Warehouse,,29.0,In Stock,2026-07-20
FUR-CH-10002768,Rotterdam Warehouse,66.0,13.0,In Stock,2026-07-20
OFF-EN-10002046,Singapore Warehouse,335.0,67.0,In Stock,2026-07-20
OFF-EN-10000904,Singapore Warehouse,491.0,98.0,In Stock,20/07/2026
TEC-AC-10003577,Chicago Warehouse,85.0,17.0,IN STOCK,2026-07-20
FUR-CH-10003109,Rotterdam Warehouse,124.0,24.0,In Stock,2026-07-20
OFF-AR-10001195,Singapore Warehouse,255.0,51.0,In Stock,2026-07-20
TEC-PH-10002350,Chicago Warehouse,134.0,26.0,In Stock,2026-07-20
OFF-LA-10004239,Singapore Warehouse,248.0,49.0,In Stock,2026-07-20
TEC-AC-10001714,Chicago Warehouse,159.0,31.0,In Stock,2026-07-20
TEC-AC-10002601,Chicago Warehouse,249.0,49.0,In Stock,2026-07-20
TEC-PH-10004272,Chicago Warehouse,126.0,25.0,IN STOCK,2026-07-20
TEC-PH-10004597,Chicago Warehouse,83.0,16.0,In Stock,2026-07-20
OFF-PA-10004996,Singapore Warehouse,425.0,85.0,In Stock,2026-07-20
OFF-AR-10002458,Singapore Warehouse,356.0,71.0,In Stock,2026-07-20
OFF-PA-10001722,Singapore Warehouse,270.0,54.0,In Stock,2026-07-20
FUR-TA-10003157,Rotterdam Warehouse,123.0,24.0,In Stock,2026-07-20
TEC-NOK-10001844,Chicago Warehouse,211.0,42.0,In Stock,2026-07-20
OFF-EN-10003673,Singapore Warehouse,329.0,65.0,In Stock,2026-07-20
OFF-HAM-10000822,Singapore Warehouse,464.0,92.0,In Stock,2026-07-20
OFF-LA-10001934,Singapore Warehouse,304.0,60.0,In Stock,2026-07-20
OFF-LA-10000305,Singapore Warehouse,222.0,44.0,In Stock,2026-07-20
OFF-BIC-10003473,Singapore Warehouse,,48.0,In Stock,2026-07-20
FUR-CH-10003846,Rotterdam Warehouse,71.0,14.0,In Stock,2026-07-20
TEC-CO-10002796,Chicago Warehouse,181.0,36.0,In Stock,2026-07-20
OFF-FA-10004447,Singapore Warehouse,218.0,43.0,In Stock,2026-07-20
OFF-AR-10000543,Singapore Warehouse,270.0,54.0,In Stock,2026-07-20
OFF-FA-10000194,Singapore Warehouse,278.0,55.0,In Stock,2026-07-20
OFF-SU-10000294,Singapore Warehouse,351.0,70.0,In Stock,2026-07-20
OFF-BI-10002523,Singapore Warehouse ,247.0,49.0,In Stock,2026-07-20
FUR-TA-10002912,Rotterdam Warehouse,114.0,22.0,In Stock,2026-07-20
OFF-PA-10004111,Singapore Warehouse,419.0,83.0,In Stock,2026-07-20
TEC-CIS-10001661,Chicago Warehouse,142.0,28.0,In Stock,2026-07-20
OFF-EN-10004840,Singapore Warehouse,422.0,84.0,In Stock,2026-07-20
TEC-PH-10002904,Chicago Warehouse,135.0,27.0,In Stock,2026-07-20
TEC-MA-10004172,Chicago Warehouse,84.0,16.0,In Stock,2026-07-20
TEC-MA-10003185,Chicago Warehouse,142.0,28.0,In Stock,2026-07-20
OFF-FA-10004206,Singapore Warehouse,314.0,62.0,In Stock,2026-07-20
TEC-CAN-10002879,Chicago Warehouse,220.0,44.0,In Stock,2026-07-20
FUR-BO-10000243,Rotterdam Warehouse,105.0,21.0,In Stock,2026-07-20
TEC-MA-10004896,Chicago Warehouse,174.0,34.0,In Stock,2026-07-20
OFF-EN-10000857,Singapore Warehouse,492.0,98.0,In Stock,2026-07-20
OFF-BI-10002128,Singapore Warehouse,335.0,67.0,In Stock,2026-07-20
OFF-HAR-10004816,Singapore Warehouse,363.0,72.0,In Stock,2026-07-20
OFF-EN-10001870,Singapore Warehouse,237.0,47.0,In Stock,2026-07-20
OFF-FA-10002353,Singapore Warehouse,247.0,49.0,In Stock,20/07/2026
FUR-CH-10002250,Rotterdam Warehouse,87.0,17.0,IN STOCK,2026-07-20
OFF-ROG-10001372,Singapore Warehouse,292.0,58.0,In Stock,2026-07-20
TEC-MA-10003607,Chicago Warehouse,159.0,31.0,In Stock,2026-07-20
FUR-TA-10004892,Rotterdam Warehouse,,29.0,In Stock,2026-07-20
TEC-CO-10002009,Chicago Warehouse,245.0,49.0,In Stock,2026-07-20
OFF-KIT-10001040,Singapore Warehouse,241.0,48.0,In Stock,2026-07-20
OFF-LA-10004280,Singapore Warehouse,322.0,64.0,In Stock,2026-07-20
OFF-AR-10003478,Singapore Warehouse,217.0,43.0,In Stock,2026-07-20
OFF-SU-10004768,Singapore Warehouse,300.0,60.0,In Stock,2026-07-20
FUR-TA-10003405,Rotterdam Warehouse,74.0,14.0,In Stock,2026-07-20
OFF-AP-10001138,Singapore Warehouse,411.0,82.0,In Stock,2026-07-20
OFF-ST-10000645,Singapore Warehouse,217.0,43.0,In Stock,2026-07-20
OFF-ST-10004183,Singapore Warehouse ,321.0,64.0,In Stock,2026-07-20
TEC-AC-10004883,Chicago Warehouse,247.0,49.0,In Stock,2026-07-20
FUR-FU-10001317,Rotterdam Warehouse,122.0,24.0,In Stock,2026-07-20
OFF-PA-10004411,Singapore Warehouse,451.0,90.0,IN STOCK,2026-07-20
OFF-BIC-10000582,Singapore Warehouse,467.0,93.0,In Stock,2026-07-20
OFF-AR-10001954,Singapore Warehouse,406.0,81.0,,2026-07-20
OFF-OIC-10000492,Singapore Warehouse,239.0,47.0,In Stock,2026-07-20
FUR-BO-10000699,Rotterdam Warehouse,90.0,18.0,In Stock,2026-07-20
TEC-MA-10004822,Chicago Warehouse,104.0,20.0,In Stock,2026-07-20
FUR-TA-10003522,Rotterdam Warehouse,,24.0,In Stock,2026-07-20
TEC-CO-10001445,Chicago Warehouse,139.0,27.0,In Stock,2026-07-20
FUR-OFF-10003713,Rotterdam Warehouse,114.0,22.0,In Stock,2026-07-20
OFF-AP-10004136,Singapore Warehouse ,358.0,71.0,In Stock,2026-07-20
TEC-AC-10001002,Chicago Warehouse,217.0,43.0,In Stock,2026-07-20
OFF-FA-10001337,Singapore Warehouse,421.0,84.0,In Stock,2026-07-20
OFF-PA-10001639,Singapore Warehouse,340.0,68.0,In Stock,2026-07-20
OFF-SU-10000171,Singapore Warehouse,319.0,63.0,In Stock,2026-07-20
TEC-MA-10004669,,89.0,17.0,IN STOCK,2026-07-20
OFF-AVE-10004708,Singapore Warehouse ,371.0,74.0,In Stock,2026-07-20
OFF-ST-10001255,Singapore Warehouse,408.0,81.0,In Stock,2026-07-20
FUR-BO-10002390,Rotterdam Warehouse,68.0,13.0,In Stock,2026-07-20
OFF-PA-10003920,Singapore Warehouse,326.0,65.0,In Stock,2026-07-20
TEC-PH-10001961,Chicago Warehouse,199.0,39.0,In Stock,2026-07-20
FUR-CH-10002317,Rotterdam Warehouse,54.0,10.0,In Stock,2026-07-20
FUR-BO-10000022,Rotterdam Warehouse,91.0,18.0,In Stock,2026-07-20
OFF-BI-10001071,Singapore Warehouse,445.0,89.0,In Stock,2026-07-20
OFF-CUI-10001990,Singapore Warehouse,,81.0,In Stock,2026-07-20
TEC-PH-10001619,Chicago Warehouse,155.0,31.0,In Stock,2026-07-20
TEC-MA-10003936,Chicago Warehouse,215.0,43.0,In Stock,2026-07-20
OFF-EN-10004206,Singapore Warehouse ,466.0,93.0,In Stock,2026-07-20
OFF-HAM-10000312,Singapore Warehouse,475.0,95.0,In Stock,2026-07-20
TEC-AC-10002402,Chicago Warehouse,139.0,27.0,In Stock,2026-07-20
OFF-FA-10000196,Singapore Warehouse,301.0,60.0,In Stock,2026-07-20
OFF-SU-10004658,Singapore Warehouse,433.0,86.0,IN STOCK,2026-07-20
FUR-IKE-10001539,Rotterdam Warehouse,66.0,13.0,IN STOCK,2026-07-20
TEC-MA-10004534,Chicago Warehouse,199.0,39.0,In Stock,
OFF-SU-10004498,Singapore Warehouse,267.0,53.0,In Stock,2026-07-20
FUR-SAF-10002360,Rotterdam Warehouse,124.0,24.0,In Stock,2026-07-20
OFF-LA-10004058,Singapore Warehouse,237.0,47.0,In Stock,2026-07-20
OFF-LA-10000244,Singapore Warehouse,487.0,97.0,,2026-07-20
OFF-LA-10000553,Singapore Warehouse,379.0,75.0,In Stock,2026-07-20
OFF-EN-10002891,Singapore Warehouse ,242.0,48.0,In Stock,2026-07-20
OFF-FA-10003213,Singapore Warehouse,400.0,80.0,In Stock,2026-07-20
OFF-PA-10001725,Singapore Warehouse,296.0,59.0,In Stock,2026-07-20
FUR-FU-10001756,Rotterdam Warehouse,136.0,27.0,In Stock,2026-07-20
OFF-SU-10002750,Singapore Warehouse,310.0,62.0,In Stock,2026-07-20
OFF-AME-10003167,Singapore Warehouse,257.0,51.0,In Stock,2026-07-20
OFF-PA-10000273,Singapore Warehouse,447.0,89.0,In Stock,2026-07-20
OFF-AP-10002421,Singapore Warehouse,214.0,42.0,In Stock,2026-07-20
OFF-EN-10000975,Singapore Warehouse,242.0,48.0,In Stock,2026-07-20
FUR-IKE-10002719,Rotterdam Warehouse,116.0,23.0,In Stock,2026-07-20
FUR-TA-10000849,Rotterdam Warehouse,138.0,27.0,In Stock,2026-07-20
OFF-PA-10001371,Singapore Warehouse,413.0,82.0,In Stock,2026-07-20
OFF-FA-10002619,Singapore Warehouse,284.0,56.0,,2026-07-20
TEC-CO-10004138,Chicago Warehouse,196.0,39.0,In Stock,2026-07-20
TEC-AC-10004562,Chicago Warehouse,241.0,48.0,In Stock,2026-07-20
OFF-AR-10000594,Singapore Warehouse,317.0,63.0,In Stock,2026-07-20
OFF-HOO-10002752,Singapore Warehouse,430.0,86.0,In Stock,2026-07-20
OFF-ST-10002905,Singapore Warehouse ,445.0,89.0,In-Stock,2026-07-20
FUR-FU-10004096,Rotterdam Warehouse,146.0,29.0,In Stock,2026-07-20
OFF-ST-10000007,Singapore Warehouse,210.0,42.0,In Stock,2026-07-20
OFF-ST-10003324,Singapore Warehouse,212.0,42.0,In Stock,2026-07-20
OFF-AR-10003957,Singapore Warehouse ,215.0,43.0,In Stock,2026-07-20
OFF-EN-10004491,Singapore Warehouse ,222.0,44.0,In Stock,2026-07-20
OFF-BI-10004632,Singapore Warehouse,212.0,42.0,In Stock,2026-07-20
FUR-FU-10000718,Rotterdam Warehouse,60.0,12.0,IN STOCK,2026-07-20
TEC-KON-10000302,Chicago Warehouse,239.0,47.0,In Stock,2026-07-20
OFF-SU-10000705,Singapore Warehouse,,62.0,In Stock,20/07/2026
OFF-EN-10002725,Singapore Warehouse,425.0,85.0,,2026-07-20
OFF-AR-10004656,Singapore Warehouse,476.0,95.0,In Stock,2026-07-20
TEC-CO-10003228,Chicago Warehouse,111.0,22.0,In Stock,2026-07-20
TEC-MA-10002055,Chicago Warehouse,206.0,41.0,In Stock,
FUR-BO-10000148,Rotterdam Warehouse,139.0,27.0,In Stock,2026-07-20
OFF-AR-10000219,Singapore Warehouse,397.0,79.0,IN STOCK,2026-07-20
TEC-MA-10003923,Chicago Warehouse,83.0,16.0,In Stock,2026-07-20
FUR-RUB-10003004,Rotterdam Warehouse,54.0,10.0,In Stock,2026-07-20
FUR-FU-10000188,Rotterdam Warehouse,88.0,17.0,In Stock,2026-07-20
FUR-TA-10002487,Rotterdam Warehouse,60.0,12.0,In Stock,2026-07-20
TEC-PH-10004772,Chicago Warehouse,101.0,20.0,In Stock,2026-07-20
OFF-PA-10000659,Singapore Warehouse,328.0,65.0,In Stock,2026-07-20
TEC-CO-10000778,Chicago Warehouse,149.0,29.0,,2026-07-20
OFF-STI-10000114,Singapore Warehouse,375.0,75.0,In Stock,2026-07-20
OFF-ST-10004116,Singapore Warehouse,367.0,73.0,In Stock,2026-07-20
OFF-AP-10003800,Singapore Warehouse,486.0,97.0,In Stock,2026-07-20
FUR-TA-10000147,Rotterdam Warehouse,53.0,10.0,In Stock,2026-07-20
FUR-FU-10000422,,94.0,18.0,In Stock,2026-07-20
TEC-CO-10004997,Chicago Warehouse,153.0,30.0,In Stock,2026-07-20
OFF-AP-10002578,Singapore Warehouse,229.0,45.0,In Stock,2026-07-20
FUR-FU-10001667,Rotterdam Warehouse,150.0,30.0,In Stock,2026-07-20
TEC-PH-10003982,Chicago Warehouse,143.0,28.0,In Stock,2026-07-20
TEC-MA-10002435,Chicago Warehouse,126.0,25.0,In Stock,20/07/2026
FUR-FU-10004604,Rotterdam Warehouse,134.0,26.0,In Stock,2026-07-20
OFF-SU-10004662,Singapore Warehouse,482.0,96.0,In Stock,2026-07-20
OFF-SU-10003582,Singapore Warehouse,321.0,64.0,In Stock,2026-07-20
TEC-MA-10000686,Chicago Warehouse,248.0,49.0,In Stock,2026-07-20
OFF-LA-10002945,Singapore Warehouse,360.0,72.0,In Stock,2026-07-20
OFF-LA-10001284,Singapore Warehouse,370.0,74.0,In Stock,2026-07-20
OFF-AR-10000833,Singapore Warehouse ,404.0,80.0,In Stock,2026-07-20
TEC-CO-10001596,Chicago Warehouse,,38.0,In Stock,2026-07-20
TEC-MA-10003625,Chicago Warehouse,234.0,46.0,In Stock,2026-07-20
FUR-CH-10000258,Rotterdam Warehouse,83.0,16.0,In Stock,2026-07-20
FUR-TA-10000518,Rotterdam Warehouse,50.0,10.0,In Stock,2026-07-20
OFF-EN-10002896,Singapore Warehouse,408.0,81.0,IN STOCK,2026-07-20
OFF-FA-10000670,Singapore Warehouse,406.0,81.0,In Stock,2026-07-20
TEC-PH-10004833,Chicago Warehouse,125.0,,In Stock,2026-07-20
FUR-BO-10001165,Rotterdam Warehouse,108.0,21.0,In Stock,2026-07-20
TEC-CO-10004605,Chicago Warehouse,189.0,37.0,In Stock,2026-07-20
FUR-BO-10002000,Rotterdam Warehouse,109.0,21.0,In Stock,20/07/2026
FUR-CH-10000430,Rotterdam Warehouse,100.0,20.0,In Stock,2026-07-20
OFF-AR-10000283,Singapore Warehouse,367.0,73.0,In Stock,2026-07-20
OFF-BI-10000854,Singapore Warehouse,238.0,47.0,In Stock,2026-07-20
OFF-AR-10002156,Singapore Warehouse,477.0,95.0,In Stock,2026-07-20
FUR-BUS-10004475,Rotterdam Warehouse,56.0,11.0,In Stock,2026-07-20
TEC-MA-10001598,Chicago Warehouse,104.0,20.0,In Stock,2026-07-20
FUR-FU-10000242,Rotterdam Warehouse,123.0,24.0,In Stock,2026-07-20
TEC-CO-10004081,Chicago Warehouse,214.0,42.0,In Stock,2026-07-20
OFF-BI-10000348,Singapore Warehouse,339.0,67.0,In Stock,2026-07-20
OFF-PA-10003808,Singapore Warehouse,407.0,81.0,In Stock,2026-07-20
FUR-SAF-10004525,Rotterdam Warehouse,53.0,10.0,In Stock,2026-07-20
OFF-FA-10001175,Singapore Warehouse,393.0,78.0,In Stock,2026-07-20
TEC-CO-10003622,Chicago Warehouse,81.0,16.0,In Stock,2026-07-20
OFF-SAN-10003660,Singapore Warehouse,321.0,64.0,In Stock,2026-07-20
OFF-PA-10000522,Singapore Warehouse,492.0,98.0,In Stock,2026-07-20
FUR-TA-10004810,Rotterdam Warehouse,79.0,15.0,In Stock,2026-07-20
TEC-AC-10004709,Chicago Warehouse,141.0,28.0,In Stock,2026-07-20
OFF-ST-10000442,Singapore Warehouse,482.0,96.0,In Stock,2026-07-20
FUR-SAF-10002180,Rotterdam Warehouse,95.0,19.0,In Stock,2026-07-20
OFF-AR-10000762,Singapore Warehouse,492.0,98.0,In Stock,2026-07-20
OFF-SU-10000076,Singapore Warehouse,282.0,56.0,In Stock,2026-07-20
OFF-EN-10001454,Singapore Warehouse,357.0,71.0,In Stock,2026-07-20
OFF-KLE-10000050,Singapore Warehouse,363.0,72.0,In Stock,2026-07-20
OFF-EN-10002911,Singapore Warehouse,375.0,75.0,In Stock,2026-07-20
TEC-AC-10004196,Chicago Warehouse,142.0,28.0,In Stock,2026-07-20
FUR-TA-10001950,Rotterdam Warehouse,126.0,25.0,In Stock,2026-07-20
OFF-PA-10004968,Singapore Warehouse,345.0,69.0,In Stock,2026-07-20
OFF-EN-10003049,Singapore Warehouse,373.0,74.0,In Stock,2026-07-20
FUR-BO-10002318,Rotterdam Warehouse,122.0,24.0,In Stock,2026-07-20
FUR-CH-10002378,Rotterdam Warehouse,86.0,17.0,In Stock,2026-07-20
TEC-AC-10003920,Chicago Warehouse,94.0,18.0,In Stock,2026-07-20
FUR-FU-10000012,Rotterdam Warehouse,55.0,11.0,In Stock,2026-07-20
OFF-LA-10000203,Singapore Warehouse,248.0,49.0,In Stock,2026-07-20
OFF-AR-10001029,Singapore Warehouse,243.0,48.0,In Stock,
OFF-AP-10001103,Singapore Warehouse,452.0,90.0,In Stock,2026-07-20
OFF-SME-10001754,Singapore Warehouse,486.0,97.0,In Stock,2026-07-20
OFF-AP-10000275,Singapore Warehouse ,390.0,78.0,In Stock,2026-07-20
TEC-MA-10004198,Chicago Warehouse,,35.0,In Stock,2026-07-20
FUR-CH-10001708,Rotterdam Warehouse,150.0,30.0,In Stock,2026-07-20
FUR-TEN-10001349,Rotterdam Warehouse,114.0,22.0,In Stock,2026-07-20
FUR-FU-10001045,Rotterdam Warehouse,147.0,29.0,In Stock,2026-07-20
OFF-ST-10000464,Singapore Warehouse,486.0,97.0,In Stock,2026-07-20
OFF-AP-10001564,Singapore Warehouse,228.0,45.0,In Stock,2026-07-20
OFF-PA-10000527,Singapore Warehouse,487.0,97.0,In Stock,2026-07-20
FUR-BO-10000210,Rotterdam Warehouse,88.0,17.0,In Stock,2026-07-20
OFF-LA-10003376,Singapore Warehouse,329.0,65.0,In Stock,2026-07-20
FUR-BUS-10003368,Rotterdam Warehouse,70.0,14.0,In Stock,2026-07-20
OFF-LA-10003327,Singapore Warehouse,394.0,78.0,In Stock,2026-07-20
FUR-TA-10003782,Rotterdam Warehouse,97.0,19.0,In Stock,2026-07-20
TEC-AC-10000007,Chicago Warehouse,,17.0,In Stock,2026-07-20
OFF-GLO-10003429,Singapore Warehouse,239.0,47.0,,2026-07-20
TEC-AC-10001465,Chicago Warehouse,156.0,31.0,In Stock,2026-07-20
OFF-AP-10000977,Singapore Warehouse,480.0,96.0,In Stock,2026-07-20
OFF-ST-10004293,Singapore Warehouse,342.0,68.0,In Stock,2026-07-20
OFF-FA-10001104,Singapore Warehouse,322.0,64.0,In Stock,2026-07-20
FUR-FU-10003325,Rotterdam Warehouse,106.0,21.0,In Stock,2026-07-20
TEC-PH-10004165,Chicago Warehouse,216.0,43.0,In Stock,2026-07-20
OFF-FA-10000191,Singapore Warehouse,265.0,53.0,IN STOCK,2026-07-20
FUR-BO-10003734,Rotterdam Warehouse,74.0,14.0,In Stock,2026-07-20
TEC-AC-10001197,Chicago Warehouse,164.0,32.0,In Stock,
OFF-PA-10004501,Singapore Warehouse,298.0,59.0,In Stock,2026-07-20
TEC-PH-10002890,Chicago Warehouse,174.0,34.0,In Stock,2026-07-20
OFF-ST-10003306,Singapore Warehouse,350.0,70.0,In Stock,2026-07-20
OFF-AR-10002852,Singapore Warehouse,272.0,54.0,In Stock,2026-07-20
OFF-SU-10004048,Singapore Warehouse,317.0,63.0,In Stock,2026-07-20
OFF-KRA-10000534,Singapore Warehouse,273.0,54.0,In Stock,2026-07-20
FUR-BUS-10002989,Rotterdam Warehouse,139.0,27.0,In Stock,2026-07-20
FUR-FU-10004797,Rotterdam Warehouse,128.0,25.0,In Stock,2026-07-20
FUR-SAU-10000745,,85.0,17.0,In Stock,2026-07-20
TEC-AC-10000097,Chicago Warehouse,105.0,21.0,In Stock,2026-07-20
OFF-BI-10001132,Singapore Warehouse,457.0,91.0,In Stock,2026-07-20
TEC-MA-10001711,Chicago Warehouse ,98.0,19.0,In Stock,2026-07-20
TEC-AC-10000354,Chicago Warehouse,223.0,44.0,In Stock,20/07/2026
OFF-SU-10002429,Singapore Warehouse,365.0,73.0,In Stock,2026-07-20
TEC-EPS-10003962,Chicago Warehouse,125.0,25.0,In Stock,2026-07-20
TEC-CAN-10002337,Chicago Warehouse,141.0,28.0,In Stock,2026-07-20
FUR-BO-10003563,Rotterdam Warehouse,89.0,17.0,In Stock,2026-07-20
OFF-LA-10001873,Singapore Warehouse,218.0,43.0,In Stock,2026-07-20
FUR-HAR-10002632,Rotterdam Warehouse ,93.0,18.0,In Stock,2026-07-20
OFF-PA-10004286,Singapore Warehouse,422.0,84.0,In Stock,2026-07-20
TEC-MA-10001031,Chicago Warehouse ,188.0,37.0,In Stock,2026-07-20
OFF-SU-10001074,Singapore Warehouse,209.0,41.0,In Stock,2026-07-20
FUR-FU-10002030,Rotterdam Warehouse,69.0,13.0,In Stock,2026-07-20
TEC-APP-10001389,Chicago Warehouse,179.0,,In Stock,2026-07-20
OFF-SU-10003456,Singapore Warehouse,431.0,86.0,In Stock,2026-07-20
TEC-PH-10003946,Chicago Warehouse ,186.0,37.0,In Stock,2026-07-20
OFF-LA-10000404,Singapore Warehouse ,477.0,95.0,In Stock,2026-07-20
FUR-TA-10004132,Rotterdam Warehouse,138.0,27.0,IN STOCK,2026-07-20
OFF-AR-10003321,Singapore Warehouse,238.0,47.0,In Stock,2026-07-20
FUR-CH-10003392,Rotterdam Warehouse,107.0,21.0,In Stock,2026-07-20
OFF-ST-10000585,Singapore Warehouse,281.0,56.0,In Stock,2026-07-20
FUR-CH-10004844,Rotterdam Warehouse,87.0,17.0,In Stock,2026-07-20
OFF-LA-10004894,,450.0,90.0,In Stock,2026-07-20
OFF-HOO-10001783,Singapore Warehouse,236.0,47.0,In Stock,2026-07-20
OFF-FA-10004920,Singapore Warehouse ,282.0,56.0,In Stock,2026-07-20
TEC-AC-10000258,Chicago Warehouse,230.0,46.0,In Stock,2026-07-20
OFF-GRE-10004604,Singapore Warehouse,399.0,79.0,In Stock,2026-07-20
FUR-CH-10004547,Rotterdam Warehouse,110.0,22.0,In Stock,2026-07-20
FUR-FU-10004973,Rotterdam Warehouse,143.0,28.0,In Stock,2026-07-20
OFF-AR-10003732,Singapore Warehouse,214.0,42.0,In Stock,2026-07-20
OFF-AP-10003702,Singapore Warehouse,235.0,47.0,In Stock,2026-07-20
TEC-HEW-10001074,Chicago Warehouse,100.0,20.0,In Stock,2026-07-20
FUR-SAF-10004173,Rotterdam Warehouse,150.0,30.0,In Stock,
OFF-AR-10000814,Singapore Warehouse,373.0,74.0,In Stock,2026-07-20
OFF-ST-10001272,Singapore Warehouse,370.0,74.0,In Stock,2026-07-20
TEC-MA-10003816,Chicago Warehouse,241.0,48.0,In Stock,2026-07-20
OFF-GLO-10004160,Singapore Warehouse,337.0,67.0,In Stock,2026-07-20
OFF-PA-10002001,Singapore Warehouse,465.0,93.0,In Stock,2026-07-20
OFF-JIF-10004822,,431.0,86.0,In Stock,2026-07-20
OFF-AP-10003758,Singapore Warehouse,,90.0,In Stock,2026-07-20
FUR-FU-10002396,Rotterdam Warehouse,77.0,15.0,In Stock,2026-07-20
FUR-FU-10004598,Rotterdam Warehouse,74.0,14.0,In Stock,2026-07-20
OFF-PA-10002360,Singapore Warehouse,355.0,71.0,In Stock,2026-07-20
TEC-BEL-10004386,Chicago Warehouse,164.0,32.0,In Stock,2026-07-20
OFF-FA-10003059,Singapore Warehouse,336.0,67.0,In Stock,2026-07-20
FUR-CH-10000068,Rotterdam Warehouse,72.0,14.0,In Stock,2026-07-20
OFF-ST-10002554,Singapore Warehouse,273.0,54.0,In Stock,2026-07-20
OFF-FA-10001072,Singapore Warehouse,234.0,46.0,IN STOCK,2026-07-20
FUR-BO-10000791,Rotterdam Warehouse,114.0,22.0,In Stock,2026-07-20
FUR-FU-10000913,Rotterdam Warehouse,69.0,13.0,In Stock,2026-07-20
OFF-KIT-10001609,Singapore Warehouse,330.0,66.0,In Stock,2026-07-20
FUR-FU-10000483,Rotterdam Warehouse,97.0,19.0,In Stock,2026-07-20
OFF-CAR-10003259,Singapore Warehouse,242.0,48.0,In Stock,2026-07-20
FUR-FU-10002751,Rotterdam Warehouse,110.0,22.0,In Stock,2026-07-20
TEC-PH-10000297,Chicago Warehouse,101.0,20.0,In Stock,2026-07-20
OFF-LA-10002559,Singapore Warehouse,261.0,52.0,In Stock,2026-07-20
FUR-CH-10000785,Rotterdam Warehouse,150.0,30.0,In Stock,2026-07-20
OFF-BIC-10004557,Singapore Warehouse,251.0,50.0,In Stock,2026-07-20
OFF-PA-10000976,Singapore Warehouse,476.0,95.0,In Stock,2026-07-20
TEC-AC-10000483,Chicago Warehouse,244.0,48.0,In Stock,2026-07-20
TEC-AC-10001949,Chicago Warehouse,145.0,29.0,In Stock,2026-07-20
FUR-CH-10001695,Rotterdam Warehouse,101.0,20.0,In Stock,2026-07-20
OFF-CAM-10003605,Singapore Warehouse,388.0,77.0,In Stock,2026-07-20
TEC-MA-10001859,Chicago Warehouse,197.0,39.0,In Stock,2026-07-20
TEC-MA-10000418,Chicago Warehouse,161.0,32.0,In Stock,2026-07-20
OFF-PA-10003848,Singapore Warehouse,486.0,97.0,In Stock,2026-07-20
OFF-CAR-10003373,Singapore Warehouse,270.0,54.0,In Stock,2026-07-20
OFF-EN-10002240,Singapore Warehouse,267.0,53.0,In Stock,2026-07-20
TEC-AC-10001101,Chicago Warehouse,93.0,18.0,In Stock,2026-07-20
FUR-TA-10004607,Rotterdam Warehouse,61.0,12.0,In Stock,2026-07-20
OFF-ST-10004473,Singapore Warehouse,490.0,98.0,In Stock,2026-07-20
TEC-PH-10004827,Chicago Warehouse,185.0,37.0,In Stock,2026-07-20
OFF-PA-10000756,Singapore Warehouse,480.0,96.0,In Stock,20/07/2026
OFF-AR-10002399,Singapore Warehouse,390.0,78.0,In Stock,2026-07-20
FUR-CH-10002542,Rotterdam Warehouse,66.0,13.0,In Stock,2026-07-20
TEC-MA-10000606,Chicago Warehouse,83.0,16.0,In Stock,2026-07-20
FUR-FU-10002722,Rotterdam Warehouse,118.0,23.0,In Stock,2026-07-20
OFF-CAR-10000319,Singapore Warehouse,314.0,62.0,In Stock,2026-07-20
OFF-PA-10003832,Singapore Warehouse,424.0,84.0,In Stock,2026-07-20
OFF-KRA-10002789,Singapore Warehouse,458.0,91.0,In Stock,2026-07-20
TEC-BRO-10004802,Chicago Warehouse,162.0,32.0,In Stock,2026-07-20
OFF-PA-10004930,Singapore Warehouse,244.0,,In Stock,2026-07-20
OFF-ST-10004793,Singapore Warehouse,499.0,,In Stock,2026-07-20
FUR-ELD-10004973,Rotterdam Warehouse,81.0,16.0,In Stock,2026-07-20
OFF-PA-10001357,Singapore Warehouse,410.0,82.0,In Stock,2026-07-20
TEC-AC-10002295,Chicago Warehouse,179.0,35.0,In Stock,2026-07-20
TEC-CO-10003113,Chicago Warehouse,111.0,22.0,In Stock,2026-07-20
TEC-AC-10004679,Chicago Warehouse,,18.0,In Stock,2026-07-20
TEC-PH-10004933,Chicago Warehouse,108.0,,In Stock,2026-07-20
TEC-KON-10002034,Chicago Warehouse,120.0,24.0,,2026-07-20
OFF-TEN-10002817,Singapore Warehouse,342.0,68.0,In Stock,2026-07-20
TEC-MA-10003632,Chicago Warehouse,230.0,46.0,In Stock,2026-07-20
TEC-CO-10003406,Chicago Warehouse,216.0,,In Stock,2026-07-20
FUR-FU-10000076,Rotterdam Warehouse,79.0,15.0,In Stock,2026-07-20
FUR-BO-10002352,Rotterdam Warehouse,109.0,21.0,In Stock,2026-07-20
TEC-AC-10004897,Chicago Warehouse,247.0,49.0,In Stock,2026-07-20
OFF-AP-10003511,Singapore Warehouse,387.0,77.0,In Stock,2026-07-20
TEC-PH-10002680,Chicago Warehouse,160.0,32.0,In Stock,2026-07-20
OFF-AP-10001329,Singapore Warehouse,387.0,77.0,In Stock,2026-07-20
TEC-AC-10000387,Chicago Warehouse,164.0,32.0,In Stock,2026-07-20
OFF-STA-10000244,Singapore Warehouse,457.0,91.0,In Stock,2026-07-20
OFF-KLE-10004673,Singapore Warehouse,264.0,52.0,In Stock,2026-07-20
OFF-AR-10002681,Singapore Warehouse,349.0,69.0,In Stock,2026-07-20
OFF-ST-10003123,Singapore Warehouse,455.0,91.0,In Stock,2026-07-20
TEC-ENE-10004052,Chicago Warehouse,216.0,43.0,In Stock,2026-07-20
FUR-BO-10000712,Rotterdam Warehouse,97.0,19.0,In Stock,2026-07-20
OFF-FA-10000349,Singapore Warehouse,,64.0,In Stock,2026-07-20
OFF-AR-10003477,Singapore Warehouse,366.0,73.0,In Stock,2026-07-20
TEC-PH-10004281,Chicago Warehouse,228.0,45.0,In Stock,2026-07-20
TEC-CO-10002523,Chicago Warehouse,220.0,44.0,In Stock,2026-07-20
TEC-PH-10003353,Chicago Warehouse,107.0,21.0,In Stock,2026-07-20
OFF-LA-10002271,Singapore Warehouse,500.0,100.0,In Stock,2026-07-20
OFF-BI-10002172,Singapore Warehouse,307.0,61.0,In Stock,20/07/2026
FUR-FU-10003112,Rotterdam Warehouse,149.0,29.0,In Stock,2026-07-20
FUR-FU-10003901,Rotterdam Warehouse,93.0,18.0,In Stock,2026-07-20
OFF-AR-10000716,Singapore Warehouse,482.0,96.0,In Stock,2026-07-20
FUR-TA-10004353,Rotterdam Warehouse,79.0,15.0,In Stock,2026-07-20
OFF-SU-10001066,Singapore Warehouse,450.0,90.0,In Stock,2026-07-20
TEC-AC-10002363,Chicago Warehouse,90.0,18.0,In Stock,20/07/2026
OFF-BIC-10004976,,,52.0,In Stock,2026-07-20
OFF-AR-10004456,Singapore Warehouse,232.0,46.0,In Stock,2026-07-20
TEC-PH-10004200,Chicago Warehouse,,45.0,In Stock,20/07/2026
OFF-AR-10002802,Singapore Warehouse,492.0,98.0,In Stock,2026-07-20
OFF-FA-10001187,Singapore Warehouse,367.0,73.0,In Stock,2026-07-20
OFF-BI-10002061,Singapore Warehouse,264.0,52.0,In Stock,2026-07-20
OFF-SU-10000925,Singapore Warehouse,478.0,95.0,In Stock,2026-07-20
OFF-FA-10004171,Singapore Warehouse,456.0,91.0,In Stock,2026-07-20
OFF-AR-10001659,Singapore Warehouse,215.0,43.0,IN STOCK,2026-07-20
FUR-BO-10002892,Rotterdam Warehouse,94.0,18.0,In Stock,2026-07-20
OFF-AP-10004756,Singapore Warehouse,232.0,46.0,In Stock,2026-07-20
FUR-ADV-10002601,Rotterdam Warehouse,80.0,16.0,In Stock,2026-07-20
OFF-AR-10001615,Singapore Warehouse,268.0,53.0,In Stock,2026-07-20
OFF-EN-10004537,Singapore Warehouse,454.0,90.0,IN STOCK,2026-07-20
TEC-AC-10004379,,105.0,21.0,In Stock,2026-07-20
FUR-FU-10001322,Rotterdam Warehouse,149.0,29.0,In Stock,2026-07-20
FUR-BO-10002598,Rotterdam Warehouse,137.0,27.0,In Stock,20/07/2026
OFF-BI-10001833,Singapore Warehouse,495.0,99.0,In Stock,2026-07-20
OFF-PA-10003363,Singapore Warehouse,256.0,51.0,In Stock,2026-07-20
OFF-EN-10003798,Singapore Warehouse,434.0,86.0,In Stock,2026-07-20
OFF-BI-10003883,Singapore Warehouse,231.0,46.0,In Stock,2026-07-20
FUR-FU-10002305,Rotterdam Warehouse,132.0,26.0,In Stock,2026-07-20
OFF-AP-10000975,Singapore Warehouse,248.0,49.0,In Stock,2026-07-20
TEC-PH-10001254,Chicago Warehouse,85.0,17.0,In Stock,2026-07-20
OFF-AR-10000724,Singapore Warehouse,489.0,97.0,In Stock,2026-07-20
OFF-PA-10002960,Singapore Warehouse,364.0,72.0,In Stock,2026-07-20
OFF-EN-10002034,Singapore Warehouse,243.0,48.0,In Stock,2026-07-20
OFF-AR-10001166,Singapore Warehouse,414.0,82.0,In Stock,2026-07-20
TEC-AC-10001987,Chicago Warehouse,124.0,24.0,In Stock,2026-07-20
TEC-OKI-10003433,Chicago Warehouse,163.0,32.0,In Stock,2026-07-20
FUR-BO-10001370,Rotterdam Warehouse,90.0,18.0,In Stock,2026-07-20
OFF-FA-10001700,Singapore Warehouse,300.0,60.0,In Stock,2026-07-20
OFF-LA-10000134,Singapore Warehouse,476.0,95.0,In Stock,2026-07-20
FUR-FU-10002885,Rotterdam Warehouse,56.0,11.0,In Stock,2026-07-20
OFF-FA-10002120,Singapore Warehouse,483.0,96.0,In Stock,2026-07-20
OFF-AP-10002899,Singapore Warehouse,495.0,99.0,In Stock,2026-07-20
OFF-PA-10001348,Singapore Warehouse,451.0,90.0,In Stock,2026-07-20
TEC-CO-10000500,Chicago Warehouse,187.0,37.0,In Stock,2026-07-20
OFF-XER-10000846,Singapore Warehouse,232.0,46.0,In Stock,2026-07-20
OFF-CAR-10000202,Singapore Warehouse,301.0,60.0,In Stock,2026-07-20
OFF-AVE-10004412,Singapore Warehouse,271.0,54.0,In Stock,20/07/2026
OFF-STA-10002791,Singapore Warehouse,423.0,84.0,IN STOCK,2026-07-20
OFF-BI-10002570,Singapore Warehouse,440.0,88.0,In Stock,2026-07-20
TEC-LOG-10003634,Chicago Warehouse,108.0,21.0,In Stock,2026-07-20
TEC-CO-10001978,Chicago Warehouse,104.0,20.0,In Stock,2026-07-20
OFF-SU-10002649,Singapore Warehouse,386.0,77.0,In Stock,2026-07-20
OFF-BI-10004220,Singapore Warehouse,463.0,92.0,In Stock,2026-07-20
OFF-AR-10001547,Singapore Warehouse,452.0,90.0,In Stock,2026-07-20
OFF-ST-10001469,Singapore Warehouse,436.0,87.0,In Stock,2026-07-20
OFF-PA-10003797,Singapore Warehouse,236.0,47.0,In Stock,2026-07-20
FUR-BAR-10004434,Rotterdam Warehouse,79.0,15.0,In Stock,2026-07-20
OFF-ST-10000327,Singapore Warehouse,434.0,86.0,In Stock,2026-07-20
OFF-PA-10001569,Singapore Warehouse,366.0,73.0,In Stock,2026-07-20
OFF-AR-10000720,Singapore Warehouse,450.0,90.0,In Stock,2026-07-20
OFF-BI-10001636,Singapore Warehouse,447.0,89.0,IN STOCK,2026-07-20
TEC-AC-10001956,Chicago Warehouse,235.0,47.0,In Stock,2026-07-20
OFF-EN-10004150,Singapore Warehouse,386.0,77.0,In Stock,2026-07-20
FUR-SAF-10003402,Rotterdam Warehouse,75.0,15.0,In Stock,2026-07-20
OFF-EN-10002700,Singapore Warehouse,464.0,92.0,In Stock,2026-07-20
FUR-SAU-10000209,Rotterdam Warehouse,104.0,20.0,In Stock,20/07/2026
OFF-PA-10004600,Singapore Warehouse,317.0,63.0,In Stock,2026-07-20
TEC-AC-10002901,Chicago Warehouse,174.0,34.0,In Stock,2026-07-20
OFF-HAM-10003872,,269.0,53.0,In Stock,2026-07-20
OFF-AP-10004785,Singapore Warehouse,402.0,80.0,In Stock,2026-07-20
OFF-BOS-10004950,Singapore Warehouse,216.0,43.0,In Stock,2026-07-20
OFF-BIN-10000327,Singapore Warehouse,354.0,70.0,In Stock,
FUR-FU-10001471,Rotterdam Warehouse,53.0,10.0,In Stock,2026-07-20
OFF-ST-10000028,Singapore Warehouse,480.0,96.0,In Stock,2026-07-20
OFF-PA-10002371,Singapore Warehouse,361.0,72.0,In Stock,2026-07-20
FUR-FU-10000783,Rotterdam Warehouse,79.0,15.0,In Stock,2026-07-20
OFF-PA-10001275,Singapore Warehouse,362.0,72.0,In Stock,2026-07-20
OFF-SU-10003115,Singapore Warehouse,472.0,94.0,In Stock,2026-07-20
FUR-FU-10000039,Rotterdam Warehouse,117.0,23.0,In Stock,2026-07-20
OFF-ST-10004972,Singapore Warehouse,447.0,89.0,In Stock,2026-07-20
OFF-AP-10001305,Singapore Warehouse,305.0,61.0,In Stock,20/07/2026
OFF-ST-10002763,Singapore Warehouse,482.0,96.0,In Stock,2026-07-20
OFF-AP-10003275,Singapore Warehouse,450.0,90.0,In Stock,2026-07-20
OFF-LA-10004400,Singapore Warehouse,220.0,44.0,In Stock,2026-07-20
OFF-EN-10004956,Singapore Warehouse,382.0,76.0,In Stock,
OFF-HAR-10000495,Singapore Warehouse,321.0,,In Stock,2026-07-20
TEC-CO-10002040,Chicago Warehouse,188.0,37.0,In Stock,2026-07-20
FUR-CH-10001832,Rotterdam Warehouse,68.0,13.0,In Stock,2026-07-20
OFF-LA-10001803,Singapore Warehouse,309.0,61.0,In Stock,2026-07-20
OFF-BI-10003098,Singapore Warehouse,362.0,72.0,In Stock,2026-07-20
OFF-ST-10004159,Singapore Warehouse,343.0,68.0,In Stock,2026-07-20
TEC-ENE-10000154,Chicago Warehouse,234.0,46.0,In Stock,2026-07-20
OFF-AP-10000195,Singapore Warehouse,437.0,87.0,In Stock,2026-07-20
OFF-SAN-10002323,Singapore Warehouse,371.0,74.0,In Stock,2026-07-20
TEC-PH-10001396,Chicago Warehouse,104.0,20.0,In Stock,2026-07-20
OFF-PA-10003969,Singapore Warehouse,500.0,100.0,In Stock,2026-07-20
OFF-KIT-10003990,Singapore Warehouse,384.0,76.0,In Stock,2026-07-20
TEC-SAN-10003336,Chicago Warehouse,105.0,21.0,In Stock,2026-07-20
TEC-PH-10003713,Chicago Warehouse,172.0,34.0,In Stock,2026-07-20
FUR-BEV-10001048,Rotterdam Warehouse,80.0,16.0,In Stock,2026-07-20
OFF-ST-10003442,Singapore Warehouse,238.0,47.0,In Stock,2026-07-20
OFF-ENE-10001356,Singapore Warehouse,420.0,84.0,In Stock,2026-07-20
FUR-CH-10004387,Rotterdam Warehouse,98.0,19.0,In Stock,2026-07-20
OFF-AR-10003816,Singapore Warehouse,262.0,52.0,In Stock,
OFF-JIF-10000890,Singapore Warehouse,347.0,69.0,In Stock,2026-07-20
TEC-PH-10001725,Chicago Warehouse,217.0,43.0,In Stock,2026-07-20
OFF-AR-10002022,Singapore Warehouse,465.0,93.0,IN STOCK,2026-07-20
OFF-AR-10004825,Singapore Warehouse,294.0,58.0,In Stock,2026-07-20
FUR-FU-10004778,Rotterdam Warehouse,119.0,23.0,In Stock,2026-07-20
OFF-BI-10000494,Singapore Warehouse,481.0,96.0,In Stock,2026-07-20
OFF-ST-10001729,Singapore Warehouse,293.0,58.0,In Stock,2026-07-20
OFF-BI-10004809,Singapore Warehouse,359.0,71.0,In Stock,2026-07-20
OFF-ST-10002510,Singapore Warehouse,451.0,,In Stock,20/07/2026
OFF-SU-10001935,Singapore Warehouse,228.0,45.0,In Stock,2026-07-20
TEC-BEL-10000485,Chicago Warehouse,182.0,36.0,In Stock,2026-07-20
OFF-SU-10003527,Singapore Warehouse,327.0,65.0,In Stock,2026-07-20
FUR-TA-10004767,Rotterdam Warehouse,142.0,28.0,In Stock,2026-07-20
TEC-PH-10000237,Chicago Warehouse,96.0,19.0,In Stock,2026-07-20
TEC-CO-10001968,Chicago Warehouse,129.0,25.0,In Stock,2026-07-20
OFF-JIF-10004616,Singapore Warehouse,301.0,60.0,In Stock,2026-07-20
TEC-CO-10004171,Chicago Warehouse,114.0,22.0,In Stock,2026-07-20
OFF-SU-10004446,Singapore Warehouse,344.0,68.0,In Stock,2026-07-20
TEC-AC-10001348,Chicago Warehouse,80.0,16.0,In Stock,2026-07-20
OFF-ST-10004947,Singapore Warehouse,270.0,54.0,In Stock,2026-07-20
OFF-EN-10000648,Singapore Warehouse,464.0,92.0,In Stock,2026-07-20
FUR-CH-10001658,,53.0,10.0,In Stock,2026-07-20
OFF-ST-10002566,Singapore Warehouse,368.0,73.0,In Stock,2026-07-20
FUR-CH-10003771,Rotterdam Warehouse,83.0,16.0,IN STOCK,2026-07-20
OFF-LA-10004285,Singapore Warehouse,325.0,65.0,In Stock,20/07/2026
OFF-ST-10000777,Singapore Warehouse,420.0,84.0,In Stock,2026-07-20
OFF-FA-10003450,Singapore Warehouse,216.0,43.0,In Stock,2026-07-20
OFF-CUI-10000105,Singapore Warehouse,366.0,73.0,In Stock,2026-07-20
TEC-AC-10004704,Chicago Warehouse,182.0,36.0,In Stock,2026-07-20
OFF-LA-10002195,Singapore Warehouse,228.0,45.0,In Stock,2026-07-20
FUR-LES-10000904,Rotterdam Warehouse,147.0,29.0,In Stock,2026-07-20
TEC-PH-10001336,Chicago Warehouse,234.0,46.0,In Stock,2026-07-20
OFF-BI-10002799,Singapore Warehouse,212.0,42.0,In Stock,2026-07-20
OFF-PA-10003320,Singapore Warehouse,289.0,57.0,In Stock,2026-07-20
OFF-SU-10003719,Singapore Warehouse,421.0,84.0,In Stock,2026-07-20
OFF-AVE-10001079,Singapore Warehouse,217.0,43.0,In Stock,2026-07-20
OFF-PA-10001260,Singapore Warehouse,334.0,66.0,In Stock,20/07/2026
OFF-BI-10002133,Singapore Warehouse,464.0,92.0,In Stock,2026-07-20
TEC-PH-10001146,Chicago Warehouse,102.0,20.0,In Stock,2026-07-20
OFF-BI-10004628,Singapore Warehouse,364.0,72.0,In Stock,2026-07-20
OFF-FA-10001574,Singapore Warehouse,413.0,82.0,In Stock,2026-07-20
FUR-FU-10004031,Rotterdam Warehouse,81.0,16.0,In Stock,2026-07-20
TEC-AC-10001748,Chicago Warehouse ,134.0,26.0,In Stock,2026-07-20
OFF-AR-10003338,Singapore Warehouse,488.0,97.0,In Stock,2026-07-20
TEC-CO-10004125,Chicago Warehouse,231.0,46.0,In Stock,2026-07-20
OFF-BI-10001248,Singapore Warehouse,279.0,55.0,In Stock,2026-07-20
FUR-FU-10000305,Rotterdam Warehouse,124.0,24.0,In Stock,2026-07-20
OFF-SU-10003002,Singapore Warehouse,272.0,54.0,In Stock,2026-07-20
OFF-BI-10004200,Singapore Warehouse,378.0,75.0,In Stock,2026-07-20
OFF-ST-10004317,Singapore Warehouse,382.0,76.0,In Stock,2026-07-20
OFF-SU-10003629,Singapore Warehouse,437.0,87.0,In Stock,2026-07-20
OFF-EN-10004305,Singapore Warehouse,267.0,53.0,In Stock,2026-07-20
OFF-ST-10004577,Singapore Warehouse,268.0,53.0,IN STOCK,2026-07-20
OFF-PA-10004766,Singapore Warehouse,247.0,49.0,In Stock,2026-07-20
TEC-MA-10004323,Chicago Warehouse,221.0,44.0,In Stock,2026-07-20
FUR-BO-10002032,,116.0,23.0,In Stock,2026-07-20
FUR-TA-10003268,Rotterdam Warehouse,86.0,17.0,IN STOCK,2026-07-20
TEC-SHA-10004151,Chicago Warehouse,81.0,16.0,IN STOCK,
TEC-PH-10000149,Chicago Warehouse,,22.0,In Stock,2026-07-20
OFF-FA-10003463,Singapore Warehouse,367.0,73.0,In Stock,2026-07-20
FUR-FU-10000140,Rotterdam Warehouse,104.0,20.0,In Stock,2026-07-20
OFF-FA-10001621,Singapore Warehouse ,413.0,82.0,In Stock,2026-07-20
OFF-EN-10004935,Singapore Warehouse,218.0,43.0,In Stock,2026-07-20
FUR-CH-10002923,Rotterdam Warehouse,55.0,11.0,In Stock,2026-07-20
FUR-FU-10001252,Rotterdam Warehouse ,86.0,17.0,In Stock,2026-07-20
OFF-AR-10001072,Singapore Warehouse,310.0,62.0,In Stock,2026-07-20
TEC-MEM-10000919,Chicago Warehouse,238.0,47.0,In Stock,2026-07-20
OFF-SU-10004589,Singapore Warehouse,480.0,96.0,In Stock,2026-07-20
OFF-AR-10000733,Singapore Warehouse,323.0,64.0,In Stock,2026-07-20
TEC-AC-10000420,Chicago Warehouse,243.0,48.0,In Stock,2026-07-20
OFF-ACC-10002425,Singapore Warehouse,473.0,94.0,In Stock,2026-07-20
OFF-ST-10001597,Singapore Warehouse,402.0,80.0,In Stock,2026-07-20
TEC-MA-10002937,Chicago Warehouse,180.0,36.0,In Stock,2026-07-20
TEC-MA-10002268,Chicago Warehouse,212.0,42.0,In Stock,2026-07-20
TEC-AC-10003970,Chicago Warehouse,235.0,47.0,In Stock,2026-07-20
TEC-CO-10001523,Chicago Warehouse,84.0,16.0,In Stock,2026-07-20
TEC-AC-10000051,Chicago Warehouse,129.0,25.0,In Stock,20/07/2026
OFF-SU-10003252,Singapore Warehouse,240.0,48.0,In Stock,20/07/2026
OFF-PA-10003937,Singapore Warehouse,244.0,48.0,In Stock,2026-07-20
OFF-LA-10000604,Singapore Warehouse,446.0,89.0,In Stock,20/07/2026
OFF-SU-10002498,Singapore Warehouse,353.0,70.0,In Stock,2026-07-20
OFF-BI-10004007,Singapore Warehouse,216.0,43.0,In Stock,2026-07-20
OFF-LA-10003617,Singapore Warehouse,429.0,85.0,In Stock,2026-07-20
OFF-ST-10004381,Singapore Warehouse,252.0,50.0,In Stock,2026-07-20
TEC-EPS-10004558,Chicago Warehouse,83.0,16.0,In Stock,2026-07-20
TEC-PAN-10004651,Chicago Warehouse,122.0,24.0,In Stock,2026-07-20
OFF-SU-10002993,Singapore Warehouse,412.0,82.0,In Stock,2026-07-20
OFF-LA-10002029,Singapore Warehouse,294.0,58.0,In Stock,2026-07-20
OFF-SU-10002543,Singapore Warehouse,441.0,88.0,In Stock,2026-07-20
OFF-ELI-10003004,Singapore Warehouse,344.0,68.0,In Stock,2026-07-20
TEC-CO-10001626,Chicago Warehouse,140.0,28.0,In Stock,2026-07-20
FUR-FU-10003419,Rotterdam Warehouse,112.0,22.0,In Stock,2026-07-20
FUR-BO-10002300,Rotterdam Warehouse ,97.0,19.0,In Stock,2026-07-20
TEC-MA-10001627,Chicago Warehouse,207.0,41.0,In Stock,2026-07-20
OFF-ST-10004550,Singapore Warehouse,234.0,,In Stock,2026-07-20
TEC-PH-10001298,Chicago Warehouse,248.0,49.0,In Stock,2026-07-20
TEC-PH-10002068,Chicago Warehouse,90.0,18.0,In Stock,2026-07-20
FUR-FU-10002456,,99.0,19.0,In Stock,2026-07-20
TEC-CO-10000953,Chicago Warehouse,196.0,39.0,In Stock,2026-07-20
OFF-PA-10004918,Singapore Warehouse ,410.0,82.0,IN STOCK,2026-07-20
OFF-ST-10001335,Singapore Warehouse,465.0,93.0,In Stock,2026-07-20
OFF-ST-10004996,Singapore Warehouse,362.0,72.0,In Stock,2026-07-20
OFF-GLO-10000813,Singapore Warehouse,200.0,40.0,In Stock,2026-07-20
FUR-FU-10000955,Rotterdam Warehouse,132.0,26.0,In Stock,2026-07-20
TEC-CO-10002122,Chicago Warehouse,224.0,44.0,In Stock,2026-07-20
FUR-CH-10002373,Rotterdam Warehouse,109.0,21.0,In Stock,2026-07-20
TEC-CO-10001831,Chicago Warehouse,229.0,45.0,In Stock,2026-07-20
OFF-JIF-10004747,Singapore Warehouse,452.0,90.0,In Stock,2026-07-20
TEC-LOG-10004405,Chicago Warehouse,136.0,27.0,In Stock,2026-07-20
OFF-SU-10002831,Singapore Warehouse ,500.0,100.0,In Stock,2026-07-20
FUR-CH-10003551,Rotterdam Warehouse,59.0,11.0,In Stock,2026-07-20
FUR-BO-10003546,Rotterdam Warehouse,110.0,22.0,In Stock,2026-07-20
OFF-BI-10003064,Singapore Warehouse,489.0,97.0,In Stock,2026-07-20
TEC-AC-10004556,Chicago Warehouse,185.0,37.0,In Stock,2026-07-20
TEC-AC-10003415,Chicago Warehouse,206.0,41.0,In Stock,2026-07-20
OFF-AR-10004344,Singapore Warehouse,328.0,65.0,In Stock,2026-07-20
FUR-BO-10004015,Rotterdam Warehouse,85.0,17.0,In Stock,2026-07-20
TEC-MA-10002710,Chicago Warehouse,148.0,29.0,In Stock,2026-07-20
FUR-HAR-10004726,Rotterdam Warehouse,131.0,26.0,In Stock,2026-07-20
FUR-CH-10002226,Rotterdam Warehouse,118.0,,In Stock,2026-07-20
FUR-CH-10004875,Rotterdam Warehouse,92.0,18.0,In Stock,2026-07-20
TEC-MA-10004486,Chicago Warehouse,188.0,37.0,In Stock,20/07/2026
OFF-EN-10001939,Singapore Warehouse,427.0,85.0,In Stock,2026-07-20
OFF-ST-10004035,Singapore Warehouse,347.0,69.0,In Stock,2026-07-20
OFF-EN-10003094,Singapore Warehouse,257.0,51.0,In-Stock,2026-07-20
OFF-AVE-10003279,Singapore Warehouse,258.0,51.0,In Stock,2026-07-20
FUR-DAN-10003011,Rotterdam Warehouse,104.0,20.0,In Stock,2026-07-20
TEC-PH-10001548,Chicago Warehouse,181.0,36.0,IN STOCK,2026-07-20
FUR-BO-10004504,Rotterdam Warehouse,118.0,23.0,In Stock,2026-07-20
OFF-SU-10002362,Singapore Warehouse,393.0,78.0,In Stock,2026-07-20
OFF-AP-10000540,Singapore Warehouse,366.0,73.0,In Stock,2026-07-20
OFF-AR-10001149,Singapore Warehouse,361.0,72.0,In Stock,2026-07-20
OFF-PA-10001708,Singapore Warehouse,368.0,73.0,In Stock,2026-07-20
TEC-MA-10000331,Chicago Warehouse,124.0,24.0,In Stock,2026-07-20
TEC-PH-10001809,Chicago Warehouse,202.0,40.0,In Stock,2026-07-20
OFF-AME-10001009,Singapore Warehouse,228.0,45.0,In Stock,2026-07-20
OFF-EN-10000053,Singapore Warehouse,,72.0,In Stock,2026-07-20
OFF-EN-10004526,Singapore Warehouse,364.0,72.0,In Stock,2026-07-20
FUR-CH-10004899,Rotterdam Warehouse,145.0,29.0,In Stock,2026-07-20
TEC-PH-10001795,Chicago Warehouse,238.0,47.0,In Stock,2026-07-20
FUR-LES-10002616,Rotterdam Warehouse,,20.0,In Stock,2026-07-20
FUR-CH-10003623,Rotterdam Warehouse,138.0,27.0,In Stock,2026-07-20
FUR-FU-10000488,Rotterdam Warehouse,54.0,10.0,In Stock,2026-07-20
TEC-MA-10004679,Chicago Warehouse,115.0,23.0,In Stock,2026-07-20
OFF-SU-10000304,Singapore Warehouse,410.0,82.0,In Stock,2026-07-20
TEC-EPS-10001341,Chicago Warehouse,230.0,46.0,In Stock,2026-07-20
OFF-ST-10002172,Singapore Warehouse,427.0,85.0,In Stock,2026-07-20
TEC-PH-10004297,Chicago Warehouse,113.0,22.0,In Stock,2026-07-20
OFF-PA-10004151,Singapore Warehouse,236.0,47.0,In Stock,2026-07-20
OFF-STA-10001968,Singapore Warehouse,,80.0,In Stock,2026-07-20
OFF-PA-10002713,Singapore Warehouse,315.0,63.0,In Stock,2026-07-20
TEC-AC-10003063,Chicago Warehouse,146.0,29.0,In Stock,2026-07-20
OFF-BI-10004506,Singapore Warehouse,286.0,57.0,In Stock,2026-07-20
OFF-BI-10004187,Singapore Warehouse,223.0,44.0,In Stock,2026-07-20
TEC-MA-10000002,Chicago Warehouse,163.0,32.0,In Stock,2026-07-20
TEC-SHA-10004083,Chicago Warehouse,215.0,43.0,In Stock,2026-07-20
OFF-SU-10000556,Singapore Warehouse,441.0,88.0,In Stock,2026-07-20
OFF-AR-10001231,Singapore Warehouse,236.0,47.0,In Stock,2026-07-20
OFF-SU-10004771,Singapore Warehouse,338.0,67.0,In Stock,2026-07-20
OFF-PA-10004641,Singapore Warehouse,352.0,70.0,In Stock,2026-07-20
OFF-ST-10002251,Singapore Warehouse,273.0,54.0,In Stock,2026-07-20
OFF-AR-10004956,Singapore Warehouse,365.0,73.0,In Stock,2026-07-20
OFF-ST-10003056,Singapore Warehouse,308.0,61.0,IN STOCK,
OFF-PA-10002040,Singapore Warehouse ,209.0,41.0,In Stock,2026-07-20
OFF-PA-10000745,Singapore Warehouse,266.0,53.0,,2026-07-20
OFF-PA-10001223,Singapore Warehouse,453.0,90.0,In Stock,2026-07-20
OFF-AR-10004062,Singapore Warehouse,382.0,76.0,In Stock,2026-07-20
OFF-KLE-10003227,Singapore Warehouse,366.0,73.0,In Stock,
OFF-ST-10002437,Singapore Warehouse,293.0,58.0,In Stock,2026-07-20
TEC-AC-10001942,Chicago Warehouse,118.0,23.0,In Stock,2026-07-20
OFF-FA-10002156,Singapore Warehouse,423.0,84.0,In Stock,
OFF-PA-10000026,Singapore Warehouse,247.0,49.0,In Stock,2026-07-20
FUR-BO-10001608,Rotterdam Warehouse,115.0,23.0,In Stock,2026-07-20
OFF-AP-10003561,Singapore Warehouse,336.0,67.0,In Stock,2026-07-20
OFF-ENE-10004401,Singapore Warehouse,344.0,68.0,In Stock,2026-07-20
FUR-CH-10001559,Rotterdam Warehouse,76.0,15.0,In Stock,2026-07-20
OFF-FA-10001684,Singapore Warehouse,453.0,90.0,In Stock,2026-07-20
TEC-AC-10000512,Chicago Warehouse,126.0,25.0,In Stock,2026-07-20
FUR-BO-10000883,Rotterdam Warehouse,140.0,28.0,In Stock,2026-07-20
OFF-BI-10001533,Singapore Warehouse,355.0,71.0,In Stock,2026-07-20
OFF-SU-10000514,Singapore Warehouse,490.0,98.0,In Stock,2026-07-20
FUR-FU-10000666,Rotterdam Warehouse,130.0,26.0,In Stock,2026-07-20
TEC-CO-10000296,Chicago Warehouse,165.0,33.0,IN STOCK,2026-07-20
FUR-CH-10004754,Rotterdam Warehouse,57.0,11.0,In Stock,2026-07-20
OFF-CUI-10004536,Singapore Warehouse,278.0,55.0,In Stock,2026-07-20
TEC-AC-10000057,Chicago Warehouse,184.0,36.0,In Stock,2026-07-20
OFF-ST-10000129,Singapore Warehouse,323.0,64.0,In Stock,2026-07-20
OFF-LA-10004933,Singapore Warehouse,476.0,95.0,In Stock,2026-07-20
OFF-AP-10004494,Singapore Warehouse,236.0,47.0,IN STOCK,20/07/2026
OFF-AR-10003620,Singapore Warehouse,396.0,79.0,In Stock,2026-07-20
OFF-HAM-10001712,Singapore Warehouse,468.0,93.0,In Stock,2026-07-20
OFF-HOO-10002920,Singapore Warehouse,200.0,40.0,In Stock,2026-07-20
OFF-ST-10000689,Singapore Warehouse,357.0,71.0,In Stock,2026-07-20
TEC-PH-10002867,Chicago Warehouse,161.0,32.0,In Stock,2026-07-20
OFF-ROG-10000332,Singapore Warehouse ,340.0,,In Stock,2026-07-20
OFF-AR-10003551,Singapore Warehouse,460.0,92.0,In Stock,2026-07-20
OFF-AR-10001149,Singapore Warehouse,,73.0,In Stock,2026-07-20
OFF-PA-10004569,Singapore Warehouse,400.0,80.0,In Stock,2026-07-20
OFF-LA-10003379,Singapore Warehouse,251.0,50.0,In Stock,2026-07-20
FUR-HON-10002837,Rotterdam Warehouse,128.0,25.0,In Stock,2026-07-20
OFF-IBI-10001123,Singapore Warehouse,336.0,67.0,In Stock,2026-07-20
OFF-EN-10002778,Singapore Warehouse,370.0,74.0,In Stock,2026-07-20
OFF-BI-10004142,Singapore Warehouse,218.0,43.0,In Stock,2026-07-20
TEC-MA-10002989,Chicago Warehouse,168.0,33.0,IN STOCK,2026-07-20
OFF-BI-10004828,Singapore Warehouse,260.0,52.0,In Stock,2026-07-20
OFF-BI-10004741,Singapore Warehouse,439.0,87.0,In Stock,2026-07-20
OFF-SME-10000973,Singapore Warehouse,320.0,64.0,In Stock,2026-07-20
OFF-AP-10001885,Singapore Warehouse,280.0,56.0,In Stock,2026-07-20
OFF-LA-10001169,Singapore Warehouse ,348.0,69.0,In Stock,2026-07-20
FUR-CH-10003706,Rotterdam Warehouse,57.0,11.0,In Stock,2026-07-20
FUR-FU-10003535,Rotterdam Warehouse,120.0,24.0,In Stock,2026-07-20
OFF-EN-10003615,Singapore Warehouse,379.0,75.0,In Stock,2026-07-20
TEC-CO-10002083,Chicago Warehouse,104.0,20.0,In Stock,2026-07-20
OFF-LA-10000095,Singapore Warehouse,290.0,58.0,In Stock,2026-07-20
OFF-BI-10004632,Singapore Warehouse,261.0,52.0,In Stock,2026-07-20
OFF-SU-10002451,Singapore Warehouse,281.0,56.0,In Stock,2026-07-20
OFF-GRE-10001084,Singapore Warehouse,307.0,61.0,In Stock,2026-07-20
OFF-SAN-10002015,Singapore Warehouse,433.0,,In Stock,2026-07-20
OFF-FA-10000697,Singapore Warehouse,294.0,58.0,In Stock,2026-07-20
TEC-MA-10003390,Chicago Warehouse,173.0,34.0,In Stock,2026-07-20
OFF-SU-10001869,Singapore Warehouse,472.0,94.0,In Stock,2026-07-20
OFF-PA-10004359,Singapore Warehouse,369.0,73.0,In Stock,2026-07-20
FUR-CH-10001220,Rotterdam Warehouse,52.0,10.0,In Stock,2026-07-20
OFF-AR-10000246,Singapore Warehouse,455.0,91.0,In Stock,2026-07-20
TEC-HEW-10002435,Chicago Warehouse,163.0,32.0,In Stock,2026-07-20
OFF-BI-10004624,Singapore Warehouse,348.0,69.0,In Stock,2026-07-20
OFF-PA-10004020,Singapore Warehouse,378.0,75.0,In Stock,2026-07-20
TEC-PH-10003813,,80.0,16.0,In Stock,2026-07-20
FUR-CH-10001895,Rotterdam Warehouse,126.0,25.0,In Stock,2026-07-20
FUR-CH-10002647,Rotterdam Warehouse,51.0,10.0,In Stock,2026-07-20
OFF-AP-10004350,Singapore Warehouse,368.0,73.0,In Stock,20/07/2026
OFF-JIF-10003677,Singapore Warehouse,289.0,57.0,In Stock,20/07/2026
OFF-FA-10003464,Singapore Warehouse,491.0,98.0,In Stock,2026-07-20
OFF-STI-10003148,Singapore Warehouse,-420.0,84.0,In Stock,2026-07-20
FUR-BO-10003768,Rotterdam Warehouse,148.0,29.0,In Stock,2026-07-20
OFF-ST-10002485,Singapore Warehouse,238.0,47.0,In Stock,2026-07-20
OFF-AR-10001061,Singapore Warehouse,384.0,76.0,In Stock,2026-07-20
OFF-FA-10001097,Singapore Warehouse,329.0,65.0,In Stock,2026-07-20
FUR-FU-10003773,Rotterdam Warehouse,108.0,21.0,In Stock,2026-07-20
OFF-LA-10000108,Singapore Warehouse,484.0,96.0,In Stock,2026-07-20
OFF-BI-10000136,Singapore Warehouse,381.0,76.0,In Stock,2026-07-20
OFF-LA-10002927,Singapore Warehouse,483.0,96.0,In Stock,2026-07-20
OFF-SU-10003191,Singapore Warehouse,378.0,75.0,In Stock,2026-07-20
OFF-LA-10003140,Singapore Warehouse,337.0,67.0,In Stock,2026-07-20
OFF-SU-10002344,Singapore Warehouse,222.0,44.0,In Stock,2026-07-20
TEC-MA-10004609,Chicago Warehouse,,29.0,In Stock,2026-07-20
TEC-AC-10001055,Chicago Warehouse,179.0,35.0,In Stock,2026-07-20
FUR-BO-10004709,Rotterdam Warehouse,110.0,22.0,In Stock,2026-07-20
TEC-PH-10004774,Chicago Warehouse,249.0,49.0,In Stock,2026-07-20
OFF-PA-10004948,Singapore Warehouse,388.0,77.0,In Stock,2026-07-20
FUR-BO-10004633,Rotterdam Warehouse,74.0,14.0,In Stock,2026-07-20
OFF-AR-10003249,Singapore Warehouse,373.0,74.0,In Stock,2026-07-20
OFF-HOO-10004188,Singapore Warehouse,250.0,50.0,In Stock,2026-07-20
OFF-EN-10002808,Singapore Warehouse,297.0,59.0,In Stock,2026-07-20
OFF-STA-10003803,Singapore Warehouse,,62.0,In Stock,2026-07-20
OFF-FA-10003112,Singapore Warehouse,351.0,70.0,In Stock,2026-07-20
OFF-ST-10000943,Singapore Warehouse,447.0,,In Stock,2026-07-20
TEC-BEL-10001971,Chicago Warehouse,231.0,46.0,In Stock,2026-07-20
TEC-PH-10002597,Chicago Warehouse,217.0,,In Stock,2026-07-20
OFF-BI-10004139,Singapore Warehouse,203.0,40.0,IN STOCK,2026-07-20
TEC-MA-10004224,Chicago Warehouse,186.0,37.0,In Stock,2026-07-20
OFF-SME-10001745,Singapore Warehouse,277.0,55.0,In Stock,2026-07-20
OFF-SU-10004791,Singapore Warehouse,280.0,56.0,In Stock,2026-07-20
TEC-PH-10002353,Chicago Warehouse,168.0,33.0,In Stock,2026-07-20
OFF-FA-10001963,Singapore Warehouse,469.0,93.0,In Stock,2026-07-20
FUR-TA-10001386,Rotterdam Warehouse,55.0,11.0,In Stock,2026-07-20
OFF-BI-10003159,Singapore Warehouse,242.0,48.0,In Stock,2026-07-20
OFF-BI-10004140,Singapore Warehouse,338.0,67.0,In Stock,2026-07-20
OFF-SU-10004627,Singapore Warehouse,491.0,98.0,IN STOCK,2026-07-20
OFF-ST-10003907,Singapore Warehouse,406.0,81.0,In Stock,2026-07-20
TEC-CO-10002095,Chicago Warehouse,107.0,21.0,In Stock,2026-07-20
OFF-STO-10001839,Singapore Warehouse,265.0,53.0,In Stock,2026-07-20
TEC-BEL-10000681,Chicago Warehouse,89.0,17.0,In Stock,2026-07-20
TEC-CO-10001166,Chicago Warehouse,206.0,41.0,In Stock,2026-07-20
TEC-HEW-10002501,Chicago Warehouse,238.0,47.0,In Stock,2026-07-20
OFF-BI-10002335,Singapore Warehouse,379.0,75.0,In Stock,2026-07-20
FUR-FU-10002246,Rotterdam Warehouse,104.0,20.0,In Stock,20/07/2026
TEC-PH-10000214,Chicago Warehouse,105.0,21.0,In Stock,2026-07-20
OFF-SU-10002301,Singapore Warehouse,404.0,80.0,In Stock,2026-07-20
TEC-AC-10004051,Chicago Warehouse,241.0,48.0,In Stock,2026-07-20
FUR-CH-10004289,Rotterdam Warehouse,124.0,24.0,In Stock,2026-07-20
TEC-PH-10003137,Chicago Warehouse,160.0,32.0,In Stock,2026-07-20
OFF-FEL-10002658,Singapore Warehouse,451.0,90.0,In Stock,2026-07-20
OFF-SU-10004249,Singapore Warehouse,487.0,97.0,In Stock,2026-07-20
OFF-FA-10001702,Singapore Warehouse,315.0,63.0,In Stock,2026-07-20
OFF-TEN-10000703,Singapore Warehouse,327.0,65.0,In Stock,2026-07-20
TEC-AC-10000588,Chicago Warehouse,199.0,39.0,In Stock,2026-07-20
OFF-PA-10003511,Singapore Warehouse,283.0,56.0,In Stock,2026-07-20
OFF-LA-10004576,Singapore Warehouse,374.0,74.0,In Stock,2026-07-20
FUR-ADV-10000600,Rotterdam Warehouse,99.0,19.0,In Stock,2026-07-20
OFF-AR-10003469,Singapore Warehouse,336.0,67.0,In Stock,2026-07-20
TEC-AC-10000023,Chicago Warehouse,185.0,37.0,In Stock,2026-07-20
TEC-PH-10004345,Chicago Warehouse,231.0,,In Stock,2026-07-20
OFF-AP-10001621,Singapore Warehouse,470.0,94.0,In Stock,2026-07-20
OFF-PA-10001844,Singapore Warehouse,245.0,49.0,In Stock,2026-07-20
TEC-MA-10001015,Chicago Warehouse,166.0,33.0,In Stock,2026-07-20
FUR-FU-10000743,Rotterdam Warehouse,120.0,24.0,In Stock,2026-07-20
OFF-PA-10000423,Singapore Warehouse,215.0,43.0,In-Stock,20/07/2026
OFF-CAR-10004886,Singapore Warehouse,373.0,74.0,In Stock,2026-07-20
FUR-RUB-10001704,Rotterdam Warehouse,56.0,11.0,In Stock,2026-07-20
TEC-AC-10003668,Chicago Warehouse,89.0,17.0,In Stock,2026-07-20
FUR-CH-10001490,Rotterdam Warehouse,142.0,28.0,In Stock,2026-07-20
OFF-PA-10002022,Singapore Warehouse,263.0,52.0,In Stock,2026-07-20
OFF-EN-10003731,Singapore Warehouse,452.0,90.0,In Stock,2026-07-20
OFF-LA-10002043,Singapore Warehouse,205.0,41.0,In Stock,2026-07-20
OFF-PA-10001650,Singapore Warehouse,293.0,58.0,In Stock,2026-07-20
FUR-FU-10000965,Rotterdam Warehouse,147.0,29.0,In Stock,2026-07-20
TEC-AC-10004001,Chicago Warehouse,134.0,26.0,In Stock,2026-07-20
OFF-ACC-10003806,Singapore Warehouse,271.0,54.0,In Stock,2026-07-20
OFF-STO-10004779,Singapore Warehouse,261.0,52.0,In Stock,2026-07-20
OFF-ST-10000107,Singapore Warehouse,283.0,56.0,In Stock,2026-07-20
TEC-CO-10003965,Chicago Warehouse,97.0,19.0,In Stock,2026-07-20
OFF-PA-10000098,Singapore Warehouse,261.0,52.0,In Stock,2026-07-20
OFF-ST-10000003,Singapore Warehouse,443.0,88.0,In Stock,2026-07-20
OFF-ST-10001505,Singapore Warehouse,474.0,94.0,In Stock,2026-07-20
OFF-PA-10000308,Singapore Warehouse,245.0,49.0,In Stock,2026-07-20
OFF-BI-10000844,Singapore Warehouse,467.0,93.0,In Stock,2026-07-20
FUR-BO-10003661,Rotterdam Warehouse,140.0,28.0,In Stock,2026-07-20
TEC-MA-10001991,Chicago Warehouse,174.0,34.0,In Stock,
OFF-FEL-10000998,Singapore Warehouse,301.0,60.0,In Stock,2026-07-20
OFF-ACC-10002834,Singapore Warehouse,312.0,62.0,IN STOCK,20/07/2026
OFF-LA-10002787,Singapore Warehouse,378.0,75.0,In Stock,2026-07-20
OFF-LA-10003057,Singapore Warehouse,490.0,98.0,In Stock,2026-07-20
TEC-MA-10000864,Chicago Warehouse,125.0,25.0,In Stock,2026-07-20
OFF-ST-10002399,Singapore Warehouse,439.0,87.0,In Stock,2026-07-20
OFF-BI-10000816,Singapore Warehouse,344.0,68.0,In Stock,20/07/2026
OFF-OIC-10004810,Singapore Warehouse,-413.0,82.0,In Stock,2026-07-20
OFF-BOS-10003478,Singapore Warehouse,306.0,61.0,In Stock,2026-07-20
OFF-CUI-10002506,Singapore Warehouse,392.0,78.0,In Stock,2026-07-20
TEC-APP-10002966,Chicago Warehouse,175.0,35.0,In Stock,2026-07-20
TEC-AC-10003433,Chicago Warehouse,229.0,45.0,IN STOCK,2026-07-20
OFF-EN-10003507,Singapore Warehouse,340.0,68.0,In Stock,2026-07-20
OFF-FA-10000459,Singapore Warehouse,283.0,56.0,IN STOCK,2026-07-20
OFF-BI-10001032,Singapore Warehouse,309.0,61.0,In Stock,2026-07-20
OFF-ST-10004267,Singapore Warehouse,435.0,87.0,In Stock,
TEC-CO-10002350,Chicago Warehouse,179.0,35.0,In Stock,20/07/2026
OFF-LA-10003505,Singapore Warehouse,351.0,70.0,In Stock,20/07/2026
OFF-ST-10003111,Singapore Warehouse ,458.0,91.0,In Stock,2026-07-20
OFF-AP-10002670,Singapore Warehouse,299.0,59.0,,2026-07-20
TEC-PH-10003556,Chicago Warehouse,208.0,41.0,In Stock,2026-07-20
OFF-PA-10001445,Singapore Warehouse,298.0,59.0,In Stock,2026-07-20
OFF-LA-10003283,Singapore Warehouse,227.0,45.0,In Stock,2026-07-20
OFF-LA-10004761,Singapore Warehouse,336.0,67.0,In Stock,2026-07-20
TEC-HEW-10004937,Chicago Warehouse,210.0,42.0,In Stock,20/07/2026
TEC-AC-10001719,Chicago Warehouse,171.0,34.0,In Stock,2026-07-20
FUR-BO-10003221,Rotterdam Warehouse,124.0,24.0,In Stock,2026-07-20
OFF-ACC-10004008,Singapore Warehouse,305.0,61.0,In Stock,2026-07-20
TEC-MOT-10001244,Chicago Warehouse,167.0,33.0,In Stock,2026-07-20
TEC-AC-10000857,Chicago Warehouse,203.0,40.0,IN STOCK,2026-07-20
FUR-TA-10000245,Rotterdam Warehouse,128.0,25.0,In Stock,2026-07-20
TEC-PH-10004586,Chicago Warehouse,121.0,24.0,In Stock,2026-07-20
TEC-CO-10002812,Chicago Warehouse,116.0,23.0,In Stock,2026-07-20
FUR-FU-10000612,Rotterdam Warehouse,96.0,19.0,In Stock,2026-07-20
OFF-ROG-10001735,Singapore Warehouse,300.0,60.0,In Stock,2026-07-20
TEC-CO-10003370,Chicago Warehouse,108.0,21.0,In Stock,2026-07-20
OFF-SU-10000102,Singapore Warehouse,370.0,74.0,In Stock,2026-07-20
OFF-SU-10000198,Singapore Warehouse,303.0,60.0,In Stock,2026-07-20
OFF-FA-10004854,Singapore Warehouse,499.0,99.0,In Stock,2026-07-20
FUR-ELD-10004384,Rotterdam Warehouse,135.0,27.0,In Stock,2026-07-20
FUR-TA-10004484,Rotterdam Warehouse,119.0,23.0,In Stock,2026-07-20
OFF-ST-10003335,Singapore Warehouse,259.0,51.0,In Stock,2026-07-20
OFF-AP-10003971,Singapore Warehouse ,231.0,46.0,In Stock,2026-07-20
FUR-OFF-10001132,Rotterdam Warehouse,103.0,20.0,In Stock,2026-07-20
OFF-STO-10001150,Singapore Warehouse,203.0,40.0,IN STOCK,2026-07-20
FUR-FU-10001495,Rotterdam Warehouse,89.0,,In Stock,2026-07-20
OFF-STO-10003082,Singapore Warehouse,419.0,83.0,In Stock,2026-07-20
OFF-SU-10004664,Singapore Warehouse,448.0,89.0,In Stock,2026-07-20
TEC-AC-10001114,Chicago Warehouse,158.0,31.0,In Stock,2026-07-20
OFF-AR-10001329,Singapore Warehouse,275.0,55.0,In Stock,2026-07-20
OFF-BI-10000373,Singapore Warehouse,306.0,61.0,In Stock,2026-07-20
OFF-PA-10002966,Singapore Warehouse,341.0,68.0,In Stock,2026-07-20
TEC-MA-10000560,Chicago Warehouse,208.0,41.0,In Stock,2026-07-20
TEC-CAN-10002802,Chicago Warehouse,,26.0,In Stock,2026-07-20
OFF-SU-10003209,Singapore Warehouse,450.0,90.0,,2026-07-20
TEC-MA-10000473,Chicago Warehouse,80.0,16.0,In Stock,2026-07-20
FUR-TA-10001205,Rotterdam Warehouse,89.0,17.0,In Stock,2026-07-20
OFF-EN-10004564,Singapore Warehouse,371.0,74.0,In Stock,2026-07-20
OFF-EN-10002066,Singapore Warehouse,410.0,82.0,In Stock,20/07/2026
TEC-PH-10000956,Chicago Warehouse,230.0,46.0,In Stock,2026-07-20
FUR-CH-10001374,Rotterdam Warehouse,123.0,24.0,In Stock,2026-07-20
OFF-AR-10000578,Singapore Warehouse,323.0,64.0,In Stock,2026-07-20
FUR-FU-10000620,Rotterdam Warehouse,118.0,23.0,In Stock,2026-07-20
OFF-BI-10004491,Singapore Warehouse,347.0,69.0,In Stock,2026-07-20
OFF-EN-10000483,Singapore Warehouse,419.0,83.0,In Stock,2026-07-20
TEC-CO-10000777,Chicago Warehouse,87.0,17.0,In Stock,2026-07-20
FUR-CH-10002017,Rotterdam Warehouse,52.0,10.0,IN STOCK,2026-07-20
OFF-LA-10000861,Singapore Warehouse,334.0,66.0,In Stock,2026-07-20
OFF-PA-10003037,Singapore Warehouse,222.0,44.0,In Stock,2026-07-20
OFF-PA-10004573,Singapore Warehouse,335.0,67.0,In Stock,2026-07-20
OFF-FA-10004698,Singapore Warehouse,360.0,72.0,In Stock,2026-07-20
TEC-PH-10004080,Chicago Warehouse,245.0,49.0,In Stock,2026-07-20
TEC-CO-10002381,Chicago Warehouse,240.0,48.0,In Stock,2026-07-20
OFF-BI-10002907,Singapore Warehouse,439.0,87.0,In Stock,20/07/2026
OFF-HOO-10001105,Singapore Warehouse,428.0,85.0,In Stock,2026-07-20
OFF-SAN-10004288,Singapore Warehouse,471.0,94.0,In Stock,
FUR-SAU-10002714,Rotterdam Warehouse,113.0,22.0,In Stock,2026-07-20
OFF-AR-10004218,Singapore Warehouse,465.0,93.0,In Stock,2026-07-20
OFF-SAN-10002873,Singapore Warehouse,312.0,62.0,In Stock,2026-07-20
FUR-TA-10004086,Rotterdam Warehouse,56.0,11.0,In-Stock,20/07/2026
OFF-LA-10001633,Singapore Warehouse,348.0,69.0,In Stock,20/07/2026
FUR-CH-10002132,Rotterdam Warehouse,99.0,,In Stock,2026-07-20
OFF-IBI-10004323,Singapore Warehouse,208.0,41.0,In Stock,2026-07-20
OFF-PA-10004782,Singapore Warehouse,374.0,74.0,In Stock,2026-07-20
OFF-BI-10004233,Singapore Warehouse,399.0,79.0,In Stock,2026-07-20
OFF-EN-10000096,Singapore Warehouse,438.0,87.0,In Stock,2026-07-20
FUR-FU-10002506,Rotterdam Warehouse,58.0,-11.0,In Stock,2026-07-20
OFF-SU-10000932,Singapore Warehouse,488.0,97.0,In Stock,2026-07-20
OFF-EN-10000061,Singapore Warehouse,207.0,41.0,In Stock,2026-07-20
OFF-EN-10002472,Singapore Warehouse,226.0,45.0,In Stock,2026-07-20
FUR-FU-10004704,Rotterdam Warehouse,131.0,26.0,In Stock,2026-07-20
FUR-SAF-10003540,Rotterdam Warehouse,131.0,26.0,In Stock,2026-07-20
OFF-AR-10001607,Singapore Warehouse,349.0,69.0,In Stock,2026-07-20
FUR-CH-10003956,Rotterdam Warehouse,135.0,27.0,In Stock,2026-07-20
OFF-AR-10001107,Singapore Warehouse,388.0,77.0,In Stock,2026-07-20
TEC-MA-10002660,Chicago Warehouse,148.0,29.0,In Stock,2026-07-20
OFF-BI-10004722,Singapore Warehouse,221.0,44.0,In Stock,2026-07-20
OFF-BIC-10001510,Singapore Warehouse,423.0,84.0,In Stock,2026-07-20
OFF-BI-10000070,Singapore Warehouse,473.0,94.0,In Stock,2026-07-20
TEC-MA-10001335,Chicago Warehouse,153.0,30.0,In Stock,2026-07-20
TEC-KON-10001017,Chicago Warehouse,177.0,35.0,In Stock,2026-07-20
TEC-MA-10001259,Chicago Warehouse,140.0,28.0,In Stock,
OFF-LA-10003338,Singapore Warehouse,398.0,79.0,In Stock,2026-07-20
FUR-TA-10002699,Rotterdam Warehouse,53.0,10.0,In Stock,2026-07-20
OFF-GLO-10001688,Singapore Warehouse,429.0,85.0,In Stock,2026-07-20
FUR-TA-10000861,Rotterdam Warehouse,126.0,25.0,In Stock,2026-07-20
TEC-AC-10002942,Chicago Warehouse ,141.0,28.0,In Stock,2026-07-20
FUR-CH-10001397,Rotterdam Warehouse,121.0,24.0,In Stock,2026-07-20
TEC-MA-10002155,Chicago Warehouse,174.0,34.0,In Stock,2026-07-20
TEC-PH-10004085,Chicago Warehouse,174.0,34.0,In Stock,2026-07-20
OFF-ST-10004296,Singapore Warehouse,224.0,44.0,In Stock,2026-07-20
TEC-AC-10001402,Chicago Warehouse,211.0,42.0,In Stock,2026-07-20
OFF-SU-10000649,Singapore Warehouse,399.0,79.0,In Stock,2026-07-20
TEC-CO-10002434,Chicago Warehouse,221.0,44.0,In Stock,2026-07-20
TEC-CO-10002673,Chicago Warehouse,192.0,38.0,In Stock,20/07/2026
FUR-CH-10000233,Rotterdam Warehouse,134.0,26.0,In Stock,2026-07-20
OFF-PA-10003510,Singapore Warehouse,268.0,53.0,IN STOCK,2026-07-20
OFF-EN-10000139,Singapore Warehouse,268.0,53.0,In Stock,2026-07-20
OFF-SME-10003805,Singapore Warehouse,396.0,79.0,In Stock,2026-07-20
OFF-LA-10002770,Singapore Warehouse,200.0,40.0,In Stock,20/07/2026
FUR-FU-10001843,Rotterdam Warehouse,87.0,17.0,In Stock,2026-07-20
TEC-MEM-10000374,Chicago Warehouse,213.0,42.0,In Stock,2026-07-20
TEC-CO-10001142,Chicago Warehouse,119.0,23.0,In Stock,2026-07-20
OFF-PA-10002258,Singapore Warehouse,492.0,98.0,In Stock,2026-07-20
TEC-PH-10001575,Chicago Warehouse,126.0,25.0,In Stock,2026-07-20
OFF-LA-10004744,Singapore Warehouse,421.0,84.0,In Stock,
OFF-EN-10003962,Singapore Warehouse,228.0,,In Stock,2026-07-20
TEC-CO-10000262,Chicago Warehouse,219.0,43.0,In Stock,2026-07-20
OFF-AR-10003766,Singapore Warehouse,292.0,58.0,In Stock,
OFF-BI-10001089,Singapore Warehouse,216.0,43.0,In Stock,2026-07-20
OFF-PA-10004621,Singapore Warehouse,248.0,49.0,In Stock,2026-07-20
OFF-SU-10004872,Singapore Warehouse,412.0,82.0,In Stock,2026-07-20
OFF-AP-10004191,Singapore Warehouse,496.0,99.0,In Stock,2026-07-20
FUR-CH-10000399,Rotterdam Warehouse,111.0,22.0,In Stock,2026-07-20
FUR-BO-10001967,Rotterdam Warehouse,136.0,27.0,In Stock,2026-07-20
OFF-BI-10004769,Singapore Warehouse,234.0,46.0,In Stock,2026-07-20
OFF-IBI-10002805,Singapore Warehouse,438.0,87.0,In Stock,2026-07-20
OFF-FEL-10001261,Singapore Warehouse,495.0,99.0,In Stock,2026-07-20
TEC-MA-10002992,Chicago Warehouse,119.0,23.0,In Stock,2026-07-20
TEC-CO-10002493,Chicago Warehouse,111.0,22.0,In Stock,2026-07-20
TEC-PH-10002789,Chicago Warehouse,170.0,34.0,In Stock,2026-07-20
TEC-CO-10000415,Chicago Warehouse,194.0,38.0,In Stock,2026-07-20
OFF-AP-10000938,Singapore Warehouse,387.0,77.0,In Stock,2026-07-20
OFF-BI-10001613,Singapore Warehouse,283.0,56.0,In Stock,2026-07-20
FUR-FU-10002521,Rotterdam Warehouse,70.0,14.0,In Stock,2026-07-20
TEC-MA-10002874,Chicago Warehouse,205.0,41.0,In Stock,2026-07-20
OFF-ST-10001999,Singapore Warehouse,242.0,48.0,In Stock,2026-07-20
OFF-SU-10003537,Singapore Warehouse,235.0,47.0,In Stock,2026-07-20
OFF-BI-10002708,Singapore Warehouse,357.0,71.0,In Stock,2026-07-20
FUR-TA-10001327,Rotterdam Warehouse,53.0,10.0,In Stock,2026-07-20
OFF-CAM-10001341,Singapore Warehouse,255.0,51.0,In Stock,2026-07-20
OFF-BI-10001192,Singapore Warehouse,297.0,59.0,In Stock,2026-07-20
TEC-PH-10001051,,130.0,26.0,In Stock,2026-07-20
FUR-BO-10002793,Rotterdam Warehouse,98.0,19.0,In Stock,2026-07-20
FUR-TA-10000519,Rotterdam Warehouse,81.0,16.0,In Stock,2026-07-20
OFF-CAM-10003511,Singapore Warehouse,427.0,85.0,In Stock,2026-07-20
TEC-PH-10002586,Chicago Warehouse,152.0,30.0,In Stock,2026-07-20
OFF-ADV-10000308,Singapore Warehouse,227.0,45.0,In Stock,20/07/2026
OFF-BI-10001987,Singapore Warehouse,244.0,48.0,In Stock,2026-07-20
FUR-CH-10002085,Rotterdam Warehouse,134.0,26.0,In Stock,2026-07-20
OFF-ROG-10002294,Singapore Warehouse,467.0,93.0,In Stock,2026-07-20
OFF-AR-10002346,Singapore Warehouse,480.0,96.0,In Stock,2026-07-20
OFF-AP-10002008,Singapore Warehouse,412.0,,In Stock,2026-07-20
OFF-SU-10004244,Singapore Warehouse,274.0,54.0,In Stock,2026-07-20
FUR-TA-10000486,Rotterdam Warehouse,66.0,13.0,In Stock,2026-07-20
OFF-STA-10003027,Singapore Warehouse,259.0,51.0,In Stock,2026-07-20
TEC-PH-10001457,Chicago Warehouse,161.0,-32.0,In Stock,2026-07-20
OFF-LA-10000155,Singapore Warehouse,392.0,78.0,,2026-07-20
OFF-LA-10001942,,436.0,87.0,In Stock,2026-07-20
TEC-MA-10004049,,227.0,45.0,In Stock,2026-07-20
OFF-ST-10000872,Singapore Warehouse,326.0,65.0,In Stock,2026-07-20
OFF-AP-10002933,Singapore Warehouse,240.0,48.0,In Stock,2026-07-20
TEC-PH-10002332,Chicago Warehouse,95.0,19.0,In Stock,2026-07-20
OFF-ST-10001440,Singapore Warehouse,399.0,79.0,In Stock,2026-07-20
TEC-PH-10001751,Chicago Warehouse,147.0,29.0,In Stock,2026-07-20
OFF-HAR-10004896,Singapore Warehouse,221.0,44.0,In Stock,2026-07-20
OFF-EN-10004183,Singapore Warehouse,247.0,49.0,In Stock,2026-07-20
FUR-CH-10002030,Rotterdam Warehouse,121.0,24.0,IN STOCK,20/07/2026
OFF-SAN-10004426,Singapore Warehouse,204.0,,In Stock,2026-07-20
TEC-PH-10000141,Chicago Warehouse,206.0,41.0,In Stock,2026-07-20
OFF-FA-10002350,Singapore Warehouse,435.0,87.0,In Stock,2026-07-20
TEC-STA-10001487,Chicago Warehouse,193.0,38.0,In Stock,2026-07-20
OFF-AR-10003247,Singapore Warehouse,,88.0,In Stock,2026-07-20
TEC-MA-10003261,Chicago Warehouse,219.0,43.0,In Stock,2026-07-20
OFF-EN-10000031,Singapore Warehouse,390.0,78.0,In Stock,2026-07-20
OFF-PA-10002606,Singapore Warehouse,289.0,57.0,In Stock,2026-07-20
FUR-CH-10000848,Rotterdam Warehouse,112.0,22.0,In Stock,2026-07-20
TEC-CO-10003917,Chicago Warehouse,138.0,27.0,IN STOCK,2026-07-20
OFF-BOS-10002472,Singapore Warehouse,484.0,96.0,In-Stock,2026-07-20
OFF-AP-10002941,Singapore Warehouse,453.0,90.0,In Stock,2026-07-20
OFF-AP-10000621,Singapore Warehouse,251.0,50.0,In Stock,2026-07-20
FUR-BO-10002202,Rotterdam Warehouse ,119.0,23.0,In Stock,2026-07-20
OFF-PA-10000312,Singapore Warehouse,457.0,91.0,IN STOCK,2026-07-20
OFF-AP-10001805,Singapore Warehouse,-385.0,77.0,In Stock,2026-07-20
FUR-CH-10004455,Rotterdam Warehouse,64.0,12.0,In Stock,2026-07-20
TEC-PH-10001917,Chicago Warehouse,123.0,24.0,In Stock,2026-07-20
OFF-ST-10001478,Singapore Warehouse,256.0,51.0,In Stock,2026-07-20
OFF-SU-10000707,Singapore Warehouse,461.0,92.0,In Stock,2026-07-20
OFF-LA-10002324,Singapore Warehouse,479.0,95.0,In Stock,2026-07-20
OFF-EN-10000606,Singapore Warehouse,334.0,66.0,In Stock,2026-07-20
FUR-TA-10003473,Rotterdam Warehouse,99.0,19.0,In Stock,2026-07-20
OFF-ST-10000632,Singapore Warehouse,343.0,68.0,In Stock,2026-07-20
OFF-AP-10004913,Singapore Warehouse,288.0,57.0,In Stock,2026-07-20
OFF-EN-10002592,Singapore Warehouse,225.0,45.0,In Stock,2026-07-20
TEC-AC-10000883,Chicago Warehouse,172.0,34.0,In Stock,2026-07-20
FUR-FU-10004787,Rotterdam Warehouse,108.0,21.0,In Stock,2026-07-20
FUR-BO-10003541,Rotterdam Warehouse,101.0,20.0,IN STOCK,2026-07-20
OFF-JIF-10002228,Singapore Warehouse,310.0,62.0,In Stock,2026-07-20
OFF-ST-10000736,Singapore Warehouse,361.0,72.0,In Stock,
TEC-CO-10003342,Chicago Warehouse,134.0,26.0,In Stock,2026-07-20
OFF-AP-10002476,Singapore Warehouse,216.0,43.0,In Stock,2026-07-20
FUR-CH-10002891,Rotterdam Warehouse,73.0,14.0,In Stock,2026-07-20
OFF-LA-10000216,Singapore Warehouse,213.0,42.0,In Stock,2026-07-20
FUR-SAF-10002253,Rotterdam Warehouse,93.0,18.0,In Stock,2026-07-20
TEC-PH-10003784,Chicago Warehouse,126.0,25.0,In Stock,2026-07-20
FUR-BO-10000967,Rotterdam Warehouse,117.0,23.0,In Stock,20/07/2026
TEC-KON-10002309,Chicago Warehouse,225.0,45.0,In Stock,2026-07-20
FUR-FU-10001126,Rotterdam Warehouse,134.0,26.0,In Stock,2026-07-20
TEC-AC-10002348,Chicago Warehouse,177.0,35.0,In Stock,2026-07-20
TEC-AC-10001835,Chicago Warehouse,228.0,45.0,In Stock,2026-07-20
TEC-OKI-10001454,Chicago Warehouse,142.0,28.0,In Stock,2026-07-20
OFF-LA-10001731,Singapore Warehouse,448.0,89.0,In Stock,2026-07-20
OFF-AR-10000538,Singapore Warehouse,487.0,97.0,In Stock,2026-07-20
OFF-AP-10003217,Singapore Warehouse,316.0,63.0,In Stock,2026-07-20
FUR-BO-10004852,Rotterdam Warehouse,-64.0,,,2026-07-20
OFF-PA-10001259,Singapore Warehouse,275.0,55.0,In Stock,2026-07-20
OFF-EN-10001044,Singapore Warehouse,489.0,97.0,In Stock,2026-07-20
TEC-NOK-10003743,Chicago Warehouse,226.0,45.0,In Stock,2026-07-20
TEC-PH-10002564,Chicago Warehouse,247.0,49.0,In Stock,2026-07-20
OFF-LA-10003663,Singapore Warehouse,219.0,43.0,In Stock,2026-07-20
TEC-PH-10000127,Chicago Warehouse,170.0,34.0,In Stock,2026-07-20
TEC-AC-10001341,Chicago Warehouse,89.0,17.0,In Stock,2026-07-20
FUR-FU-10000490,Rotterdam Warehouse,126.0,25.0,In Stock,2026-07-20
TEC-PH-10002033,Chicago Warehouse,174.0,34.0,In Stock,2026-07-20
FUR-TA-10000670,Rotterdam Warehouse,133.0,26.0,In Stock,20/07/2026
OFF-ELD-10001477,Singapore Warehouse,410.0,82.0,In Stock,2026-07-20
FUR-FU-10004800,Rotterdam Warehouse,,27.0,In Stock,2026-07-20
OFF-SU-10001308,Singapore Warehouse,330.0,66.0,In Stock,2026-07-20
OFF-BI-10002277,Singapore Warehouse,371.0,74.0,In Stock,2026-07-20
FUR-TA-10001276,Rotterdam Warehouse,148.0,29.0,In Stock,2026-07-20
FUR-TA-10003663,Rotterdam Warehouse,51.0,10.0,In Stock,2026-07-20
TEC-AC-10003738,Chicago Warehouse,126.0,25.0,In Stock,2026-07-20
TEC-AC-10003034,Chicago Warehouse,152.0,30.0,In Stock,2026-07-20
OFF-PA-10001178,Singapore Warehouse,311.0,62.0,In Stock,2026-07-20
TEC-PH-10002907,Chicago Warehouse,118.0,23.0,In Stock,2026-07-20
OFF-AP-10000108,Singapore Warehouse,498.0,99.0,In Stock,2026-07-20
OFF-SAN-10001326,Singapore Warehouse,396.0,79.0,In Stock,2026-07-20
TEC-MA-10003953,Chicago Warehouse,131.0,26.0,In Stock,2026-07-20
OFF-PA-10001685,Singapore Warehouse,-376.0,75.0,In Stock,2026-07-20
FUR-BO-10003112,Rotterdam Warehouse,95.0,19.0,In Stock,2026-07-20
OFF-ST-10001567,Singapore Warehouse,221.0,44.0,In Stock,2026-07-20
OFF-KIT-10001380,Singapore Warehouse,243.0,48.0,In Stock,2026-07-20
TEC-MA-10003326,Chicago Warehouse,198.0,39.0,In Stock,2026-07-20
OFF-EN-10000142,Singapore Warehouse,478.0,95.0,IN STOCK,2026-07-20
OFF-AP-10002222,Singapore Warehouse,316.0,63.0,In Stock,2026-07-20
OFF-SU-10001909,Singapore Warehouse,320.0,64.0,In Stock,2026-07-20
TEC-AC-10002550,Chicago Warehouse,234.0,46.0,In Stock,2026-07-20
OFF-BI-10001304,Singapore Warehouse,421.0,84.0,In Stock,2026-07-20
TEC-PH-10001354,Chicago Warehouse,83.0,16.0,In Stock,2026-07-20
OFF-KIT-10000624,Singapore Warehouse,360.0,72.0,In Stock,2026-07-20
TEC-SHA-10001309,Chicago Warehouse,165.0,33.0,In Stock,2026-07-20
TEC-PH-10004348,Chicago Warehouse,175.0,35.0,In Stock,2026-07-20
OFF-XER-10000566,Singapore Warehouse,406.0,81.0,In Stock,2026-07-20
FUR-CH-10004576,Rotterdam Warehouse,129.0,25.0,In Stock,2026-07-20
FUR-FU-10000448,Rotterdam Warehouse,54.0,10.0,In Stock,2026-07-20
FUR-CH-10000105,Rotterdam Warehouse,128.0,25.0,In Stock,2026-07-20
TEC-PH-10000808,Chicago Warehouse,104.0,,In Stock,2026-07-20
FUR-BO-10002462,Rotterdam Warehouse,108.0,21.0,In Stock,2026-07-20
FUR-TA-10004653,Rotterdam Warehouse,149.0,29.0,In Stock,2026-07-20
OFF-ACC-10000375,Singapore Warehouse,224.0,44.0,In Stock,2026-07-20
OFF-AP-10000639,Singapore Warehouse,,66.0,In Stock,2026-07-20
TEC-APP-10001340,Chicago Warehouse,129.0,25.0,In Stock,2026-07-20
TEC-AC-10004803,Chicago Warehouse,231.0,46.0,In Stock,2026-07-20
TEC-AC-10002533,Chicago Warehouse,161.0,32.0,In Stock,2026-07-20
OFF-AP-10004233,Singapore Warehouse,416.0,83.0,In Stock,2026-07-20
OFF-ENE-10002784,Singapore Warehouse,240.0,48.0,In Stock,2026-07-20
TEC-CO-10000119,Chicago Warehouse,96.0,19.0,In Stock,2026-07-20
OFF-ST-10002546,Singapore Warehouse,,46.0,In Stock,2026-07-20
OFF-ST-10004160,Singapore Warehouse,228.0,45.0,In Stock,2026-07-20
FUR-TA-10000649,Rotterdam Warehouse,-70.0,14.0,,2026-07-20
OFF-LA-10003969,Singapore Warehouse,227.0,45.0,In Stock,20/07/2026
OFF-EAT-10003338,Singapore Warehouse,275.0,55.0,IN STOCK,2026-07-20
TEC-PH-10000036,Chicago Warehouse,106.0,21.0,In Stock,20/07/2026
OFF-AP-10004646,Singapore Warehouse,227.0,45.0,In Stock,2026-07-20
TEC-AC-10002718,Chicago Warehouse,105.0,21.0,In Stock,2026-07-20
FUR-BUS-10004882,Rotterdam Warehouse,92.0,18.0,In Stock,2026-07-20
TEC-CO-10001382,Chicago Warehouse,240.0,48.0,In Stock,2026-07-20
OFF-EN-10001375,Singapore Warehouse,314.0,62.0,In Stock,2026-07-20
OFF-EN-10004410,Singapore Warehouse,413.0,82.0,In Stock,2026-07-20
TEC-MA-10003536,Chicago Warehouse,156.0,31.0,In Stock,2026-07-20
OFF-CAM-10004338,Singapore Warehouse,285.0,57.0,In Stock,2026-07-20
OFF-SME-10004110,Singapore Warehouse,209.0,41.0,In Stock,2026-07-20
FUR-BO-10001192,Rotterdam Warehouse,142.0,28.0,In Stock,2026-07-20
TEC-MA-10001527,Chicago Warehouse,144.0,28.0,IN STOCK,2026-07-20
FUR-FU-10003012,Rotterdam Warehouse,146.0,29.0,In Stock,2026-07-20
OFF-EN-10000927,Singapore Warehouse,342.0,68.0,In Stock,2026-07-20
OFF-STO-10004910,Singapore Warehouse,383.0,76.0,In Stock,2026-07-20
OFF-EN-10003862,Singapore Warehouse,289.0,57.0,In Stock,2026-07-20
TEC-PH-10001329,Chicago Warehouse,85.0,17.0,In Stock,2026-07-20
FUR-BO-10000961,Rotterdam Warehouse,106.0,21.0,In Stock,2026-07-20
TEC-PH-10004912,Chicago Warehouse,,27.0,In Stock,2026-07-20
OFF-AR-10003696,Singapore Warehouse,437.0,87.0,In Stock,20/07/2026
FUR-BO-10004878,Rotterdam Warehouse,90.0,18.0,In Stock,2026-07-20
OFF-PA-10004756,Singapore Warehouse,285.0,57.0,In Stock,2026-07-20
FUR-CH-10001313,Rotterdam Warehouse,,28.0,In Stock,2026-07-20
OFF-SU-10004373,Singapore Warehouse,246.0,49.0,In Stock,2026-07-20
OFF-ST-10004687,Singapore Warehouse,315.0,63.0,In Stock,2026-07-20
OFF-AVE-10004310,Singapore Warehouse,353.0,70.0,In Stock,2026-07-20
FUR-SAF-10000213,Rotterdam Warehouse,74.0,14.0,In Stock,2026-07-20
TEC-MEM-10003302,Chicago Warehouse,120.0,24.0,In Stock,2026-07-20
OFF-ST-10004804,Singapore Warehouse,229.0,45.0,In Stock,2026-07-20
FUR-BEV-10003414,Rotterdam Warehouse,144.0,28.0,In Stock,2026-07-20
FUR-BO-10000728,Rotterdam Warehouse,90.0,18.0,In Stock,2026-07-20
TEC-AC-10000896,Chicago Warehouse,149.0,29.0,In Stock,2026-07-20
OFF-SME-10000950,Singapore Warehouse,332.0,66.0,In Stock,2026-07-20
OFF-PA-10001243,Singapore Warehouse,302.0,60.0,In Stock,2026-07-20
OFF-SU-10002911,Singapore Warehouse,397.0,79.0,In Stock,2026-07-20
OFF-EN-10000788,Singapore Warehouse,404.0,80.0,In Stock,2026-07-20
OFF-FA-10004684,Singapore Warehouse,244.0,48.0,In Stock,2026-07-20
OFF-AR-10000660,Singapore Warehouse,389.0,77.0,In Stock,2026-07-20
TEC-CO-10001040,Chicago Warehouse,222.0,44.0,In Stock,2026-07-20
OFF-SU-10003556,Singapore Warehouse,261.0,52.0,In Stock,2026-07-20
FUR-BO-10001596,Rotterdam Warehouse,69.0,13.0,In Stock,2026-07-20
TEC-PH-10001475,Chicago Warehouse,80.0,16.0,In Stock,2026-07-20
FUR-BO-10001133,Rotterdam Warehouse,118.0,23.0,In Stock,2026-07-20
OFF-ROG-10002682,Singapore Warehouse,255.0,51.0,In Stock,2026-07-20
FUR-FU-10001255,Rotterdam Warehouse,125.0,25.0,In Stock,2026-07-20
OFF-SME-10004519,Singapore Warehouse,401.0,80.0,In Stock,2026-07-20
OFF-AP-10001623,Singapore Warehouse,205.0,41.0,In Stock,2026-07-20
OFF-AR-10002704,Singapore Warehouse,274.0,54.0,In Stock,2026-07-20
OFF-LA-10001548,Singapore Warehouse ,396.0,79.0,In Stock,2026-07-20
OFF-FIS-10004915,Singapore Warehouse,407.0,81.0,In Stock,2026-07-20
FUR-CH-10000513,Rotterdam Warehouse,99.0,19.0,In Stock,2026-07-20
FUR-TA-10000136,Rotterdam Warehouse,113.0,22.0,In Stock,2026-07-20
TEC-PAN-10001172,Chicago Warehouse,174.0,34.0,In Stock,2026-07-20
TEC-AC-10001635,Chicago Warehouse ,187.0,37.0,,2026-07-20
TEC-PH-10001071,Chicago Warehouse,135.0,27.0,In Stock,2026-07-20
OFF-AP-10001271,Singapore Warehouse,334.0,66.0,In Stock,2026-07-20
FUR-TA-10002958,Rotterdam Warehouse,50.0,10.0,In Stock,2026-07-20
OFF-SU-10003897,Singapore Warehouse,247.0,49.0,In Stock,2026-07-20
OFF-STO-10000041,Singapore Warehouse,369.0,-73.0,In Stock,2026-07-20
OFF-AR-10002805,Singapore Warehouse,234.0,46.0,IN STOCK,2026-07-20
OFF-FA-10003604,Singapore Warehouse,267.0,53.0,In Stock,2026-07-20
FUR-BO-10003199,Rotterdam Warehouse,126.0,25.0,In Stock,2026-07-20
TEC-AC-10004070,Chicago Warehouse,236.0,47.0,IN STOCK,2026-07-20
OFF-SME-10003752,Singapore Warehouse,,57.0,In Stock,2026-07-20
OFF-LA-10004714,Singapore Warehouse,426.0,85.0,In Stock,2026-07-20
FUR-FU-10003424,Rotterdam Warehouse,51.0,10.0,In Stock,2026-07-20
OFF-AR-10000120,Singapore Warehouse,459.0,91.0,In Stock,2026-07-20
OFF-ST-10002974,Singapore Warehouse,290.0,58.0,In Stock,2026-07-20
OFF-EN-10002630,Singapore Warehouse,419.0,83.0,In Stock,2026-07-20
OFF-AR-10001761,Singapore Warehouse,292.0,58.0,In Stock,2026-07-20
FUR-CH-10002782,Rotterdam Warehouse,115.0,23.0,In Stock,2026-07-20
OFF-STO-10001916,Singapore Warehouse,366.0,73.0,In Stock,2026-07-20
OFF-KIT-10000099,Singapore Warehouse,438.0,87.0,In Stock,2026-07-20
OFF-AR-10001571,Singapore Warehouse,407.0,81.0,In Stock,2026-07-20
OFF-PA-10003994,Singapore Warehouse,380.0,76.0,In Stock,2026-07-20
FUR-CH-10002291,Rotterdam Warehouse,66.0,13.0,In Stock,2026-07-20
OFF-AP-10001285,Singapore Warehouse,500.0,100.0,In Stock,2026-07-20
OFF-ST-10002164,Singapore Warehouse,442.0,88.0,In Stock,2026-07-20
FUR-BUS-10004644,,96.0,19.0,In Stock,2026-07-20
OFF-BI-10003527,Singapore Warehouse,236.0,47.0,In Stock,2026-07-20
OFF-SU-10001879,Singapore Warehouse,356.0,71.0,In Stock,2026-07-20
OFF-ACM-10001704,Singapore Warehouse,448.0,89.0,In Stock,2026-07-20
OFF-EN-10004742,Singapore Warehouse,374.0,74.0,In Stock,2026-07-20
OFF-AP-10000934,Singapore Warehouse,497.0,99.0,In Stock,2026-07-20
OFF-LA-10003372,Singapore Warehouse,207.0,41.0,In Stock,2026-07-20
OFF-BI-10001097,Singapore Warehouse,467.0,,In Stock,2026-07-20
OFF-FA-10001838,Singapore Warehouse,451.0,90.0,In Stock,2026-07-20
FUR-BO-10001295,Rotterdam Warehouse,53.0,10.0,In Stock,2026-07-20
FUR-BO-10004924,Rotterdam Warehouse,87.0,17.0,In Stock,2026-07-20
OFF-PA-10004243,,205.0,41.0,In Stock,2026-07-20
FUR-CH-10003910,Rotterdam Warehouse,92.0,18.0,In Stock,2026-07-20
TEC-CO-10001145,Chicago Warehouse,125.0,25.0,In Stock,2026-07-20
OFF-BI-10004581,Singapore Warehouse,227.0,45.0,IN STOCK,2026-07-20
OFF-ELD-10003181,Singapore Warehouse,334.0,66.0,In Stock,2026-07-20
OFF-BIN-10000561,Singapore Warehouse,402.0,80.0,,2026-07-20
OFF-LA-10001402,Singapore Warehouse,254.0,50.0,In Stock,2026-07-20
OFF-AR-10004884,Singapore Warehouse,352.0,70.0,In Stock,2026-07-20
TEC-MA-10003351,Chicago Warehouse,110.0,22.0,In Stock,2026-07-20
OFF-PA-10000575,Singapore Warehouse,364.0,72.0,In Stock,20/07/2026
TEC-PH-10003356,Chicago Warehouse,155.0,31.0,In Stock,2026-07-20
OFF-PA-10001653,Singapore Warehouse,369.0,,In Stock,
TEC-PH-10002070,Chicago Warehouse,224.0,44.0,In Stock,2026-07-20
OFF-BI-10000517,Singapore Warehouse,424.0,84.0,IN STOCK,2026-07-20
OFF-LA-10002674,Singapore Warehouse,215.0,43.0,In Stock,2026-07-20
FUR-DEF-10000720,Rotterdam Warehouse,69.0,13.0,In Stock,2026-07-20
TEC-AC-10003080,Chicago Warehouse,206.0,41.0,In Stock,2026-07-20
OFF-HAR-10002479,Singapore Warehouse ,370.0,74.0,In Stock,2026-07-20
OFF-EAT-10004307,Singapore Warehouse,277.0,55.0,In Stock,2026-07-20
OFF-EN-10002122,Singapore Warehouse,380.0,76.0,IN STOCK,2026-07-20
TEC-PH-10000070,Chicago Warehouse,113.0,22.0,In Stock,2026-07-20
OFF-AP-10002629,Singapore Warehouse,405.0,81.0,In Stock,2026-07-20
OFF-EN-10001997,Singapore Warehouse,321.0,64.0,In Stock,2026-07-20
OFF-ST-10002240,Singapore Warehouse,367.0,73.0,In Stock,2026-07-20
OFF-AP-10003945,Singapore Warehouse,294.0,58.0,IN STOCK,2026-07-20
TEC-CO-10000388,Chicago Warehouse ,160.0,32.0,In Stock,2026-07-20
OFF-FA-10001086,Singapore Warehouse ,220.0,44.0,In Stock,2026-07-20
FUR-TA-10000789,Rotterdam Warehouse,64.0,,In Stock,2026-07-20
OFF-WIL-10000146,Singapore Warehouse,212.0,42.0,,2026-07-20
OFF-EN-10002961,Singapore Warehouse,251.0,50.0,In Stock,2026-07-20
OFF-CAM-10002625,Singapore Warehouse,414.0,82.0,In Stock,2026-07-20
OFF-AP-10003979,Singapore Warehouse,252.0,50.0,In Stock,2026-07-20
OFF-LA-10004332,Singapore Warehouse,239.0,47.0,In Stock,2026-07-20
OFF-SME-10003530,Singapore Warehouse,382.0,76.0,In Stock,2026-07-20
OFF-ST-10001818,Singapore Warehouse,240.0,48.0,IN STOCK,2026-07-20
OFF-EN-10000359,Singapore Warehouse,220.0,44.0,In Stock,2026-07-20
FUR-CH-10000025,Rotterdam Warehouse,144.0,28.0,In Stock,2026-07-20
FUR-FU-10001424,Rotterdam Warehouse,81.0,-16.0,In Stock,2026-07-20
OFF-FA-10001115,Singapore Warehouse,432.0,86.0,In Stock,2026-07-20
OFF-AR-10003560,Singapore Warehouse,447.0,89.0,In Stock,2026-07-20
FUR-BO-10004585,Rotterdam Warehouse,134.0,26.0,In Stock,2026-07-20
OFF-STO-10001693,Singapore Warehouse,215.0,43.0,In Stock,2026-07-20
FUR-BO-10001918,Rotterdam Warehouse,65.0,13.0,In Stock,2026-07-20
OFF-AR-10000821,Singapore Warehouse,394.0,78.0,In Stock,2026-07-20
OFF-FA-10004659,Singapore Warehouse,337.0,67.0,In Stock,2026-07-20
OFF-ST-10000836,Singapore Warehouse,481.0,96.0,In Stock,2026-07-20
TEC-AC-10002153,Chicago Warehouse,205.0,41.0,In Stock,2026-07-20
OFF-LA-10003273,Singapore Warehouse,242.0,48.0,In Stock,2026-07-20
FUR-BO-10002985,Rotterdam Warehouse,134.0,26.0,In Stock,2026-07-20
OFF-AP-10000304,Singapore Warehouse,262.0,52.0,In Stock,2026-07-20
OFF-ST-10001031,Singapore Warehouse,329.0,65.0,In Stock,2026-07-20
FUR-FU-10004842,Rotterdam Warehouse,95.0,19.0,In Stock,2026-07-20
TEC-MA-10003314,Chicago Warehouse,158.0,31.0,In Stock,2026-07-20
FUR-CH-10004312,Rotterdam Warehouse,140.0,28.0,In Stock,2026-07-20
OFF-SU-10004304,Singapore Warehouse,343.0,68.0,In Stock,2026-07-20
OFF-ST-10002340,Singapore Warehouse,253.0,50.0,In Stock,2026-07-20
OFF-ST-10002642,Singapore Warehouse,404.0,80.0,In Stock,2026-07-20
FUR-FU-10002508,Rotterdam Warehouse,126.0,25.0,In Stock,2026-07-20
OFF-BI-10003727,Singapore Warehouse,245.0,49.0,In Stock,2026-07-20
FUR-CH-10001784,Rotterdam Warehouse,118.0,23.0,In Stock,2026-07-20
OFF-EN-10004793,Singapore Warehouse,405.0,81.0,In Stock,2026-07-20
OFF-FA-10002965,Singapore Warehouse,439.0,87.0,In Stock,2026-07-20
OFF-SU-10000723,Singapore Warehouse,384.0,76.0,In Stock,2026-07-20
OFF-BRE-10004310,Singapore Warehouse,,42.0,In Stock,2026-07-20
FUR-SAU-10002255,Rotterdam Warehouse,,26.0,In Stock,2026-07-20
OFF-FIS-10004787,Singapore Warehouse,407.0,81.0,In Stock,2026-07-20
OFF-BI-10000501,Singapore Warehouse,356.0,71.0,In Stock,2026-07-20
OFF-AR-10002256,Singapore Warehouse,481.0,96.0,In Stock,2026-07-20
TEC-AC-10000053,Chicago Warehouse,249.0,49.0,In Stock,2026-07-20
OFF-WIL-10001889,Singapore Warehouse,496.0,99.0,In Stock,2026-07-20
TEC-AC-10000639,Chicago Warehouse,171.0,34.0,IN STOCK,2026-07-20
TEC-MA-10001494,Chicago Warehouse,224.0,44.0,In Stock,2026-07-20
OFF-EN-10002258,,309.0,61.0,In Stock,2026-07-20
TEC-AC-10002914,Chicago Warehouse,198.0,39.0,In Stock,2026-07-20
OFF-AR-10003158,Singapore Warehouse,239.0,47.0,In Stock,2026-07-20
OFF-ST-10002834,Singapore Warehouse,247.0,49.0,In Stock,2026-07-20
OFF-AR-10000079,Singapore Warehouse,396.0,79.0,In Stock,2026-07-20
FUR-FU-10002554,Rotterdam Warehouse,73.0,14.0,In Stock,2026-07-20
FUR-BO-10003034,Rotterdam Warehouse,67.0,13.0,In Stock,2026-07-20
TEC-CO-10004649,Chicago Warehouse,190.0,38.0,In Stock,2026-07-20
OFF-AP-10004113,Singapore Warehouse,381.0,76.0,In Stock,2026-07-20
OFF-SU-10002881,Singapore Warehouse,318.0,63.0,In Stock,2026-07-20
FUR-TA-10004680,Rotterdam Warehouse,116.0,23.0,In Stock,2026-07-20
OFF-AP-10001299,Singapore Warehouse,385.0,77.0,In Stock,2026-07-20
FUR-FU-10004998,Rotterdam Warehouse,90.0,18.0,In Stock,2026-07-20
FUR-TA-10004440,Rotterdam Warehouse,122.0,24.0,In Stock,2026-07-20
TEC-CO-10003924,Chicago Warehouse,246.0,49.0,In Stock,2026-07-20
TEC-PH-10002419,Chicago Warehouse,133.0,26.0,In Stock,2026-07-20
TEC-PH-10001448,Chicago Warehouse,204.0,40.0,In Stock,2026-07-20
OFF-STO-10003021,Singapore Warehouse,210.0,42.0,In Stock,2026-07-20
OFF-AR-10000461,Singapore Warehouse,361.0,72.0,In Stock,20/07/2026
FUR-FU-10001986,Rotterdam Warehouse,50.0,10.0,In Stock,2026-07-20
OFF-FA-10001051,Singapore Warehouse,387.0,77.0,In Stock,2026-07-20
OFF-FA-10004258,Singapore Warehouse,410.0,82.0,In Stock,2026-07-20
OFF-AR-10000356,Singapore Warehouse,224.0,44.0,In Stock,20/07/2026
OFF-LA-10000151,Singapore Warehouse,440.0,88.0,In Stock,
OFF-AVE-10004148,Singapore Warehouse,224.0,44.0,In Stock,2026-07-20
OFF-BI-10000325,Singapore Warehouse,430.0,86.0,In Stock,2026-07-20
OFF-FA-10004946,Singapore Warehouse,223.0,44.0,In Stock,2026-07-20
TEC-MA-10000045,Chicago Warehouse,103.0,20.0,In Stock,20/07/2026
OFF-ST-10002650,Singapore Warehouse,436.0,87.0,In Stock,2026-07-20
TEC-APP-10004464,Chicago Warehouse,80.0,16.0,In Stock,2026-07-20
OFF-AP-10000490,Singapore Warehouse,290.0,58.0,In Stock,2026-07-20
OFF-FA-10000154,Singapore Warehouse,405.0,81.0,In Stock,2026-07-20
OFF-GLO-10004223,Singapore Warehouse,379.0,75.0,IN STOCK,2026-07-20
TEC-AC-10002025,Chicago Warehouse,159.0,31.0,In Stock,2026-07-20
OFF-ST-10002354,Singapore Warehouse,,67.0,IN STOCK,2026-07-20
OFF-BI-10000561,Singapore Warehouse,465.0,93.0,In Stock,2026-07-20
OFF-PA-10003395,Singapore Warehouse,212.0,42.0,In Stock,2026-07-20
OFF-EAT-10002122,Singapore Warehouse,483.0,96.0,In Stock,2026-07-20
OFF-ST-10001638,Singapore Warehouse,412.0,82.0,In Stock,2026-07-20
FUR-CH-10002555,Rotterdam Warehouse,116.0,23.0,IN STOCK,2026-07-20
OFF-ACC-10002680,Singapore Warehouse,453.0,90.0,In Stock,2026-07-20
TEC-SAN-10004027,Chicago Warehouse,118.0,23.0,In Stock,2026-07-20
FUR-BO-10004620,Rotterdam Warehouse,104.0,20.0,In Stock,2026-07-20
OFF-AP-10000653,Singapore Warehouse,385.0,77.0,In Stock,2026-07-20
TEC-AC-10003615,Chicago Warehouse,106.0,21.0,,2026-07-20
TEC-AC-10000420,Chicago Warehouse,194.0,38.0,In Stock,20/07/2026
TEC-HEW-10000839,Chicago Warehouse,192.0,38.0,In Stock,2026-07-20
FUR-OFF-10002486,Rotterdam Warehouse,61.0,12.0,In Stock,2026-07-20
OFF-ST-10001991,Singapore Warehouse,498.0,99.0,In Stock,2026-07-20
TEC-MA-10000029,Chicago Warehouse,91.0,18.0,In Stock,2026-07-20
OFF-AR-10000785,Singapore Warehouse,222.0,44.0,In Stock,2026-07-20
TEC-PH-10000490,Chicago Warehouse,162.0,32.0,IN STOCK,2026-07-20
OFF-SU-10004524,Singapore Warehouse,307.0,61.0,In Stock,20/07/2026
OFF-LA-10001618,Singapore Warehouse,324.0,64.0,In Stock,
FUR-TA-10004342,Rotterdam Warehouse,112.0,,In Stock,2026-07-20
FUR-CH-10003396,Rotterdam Warehouse,123.0,24.0,In Stock,2026-07-20
TEC-PH-10003254,Chicago Warehouse,205.0,41.0,In Stock,2026-07-20
FUR-FU-10003274,Rotterdam Warehouse,146.0,29.0,In Stock,2026-07-20
OFF-EN-10002048,Singapore Warehouse,266.0,53.0,In Stock,2026-07-20
OFF-FA-10002268,Singapore Warehouse,,57.0,IN STOCK,2026-07-20
FUR-FU-10001424,Rotterdam Warehouse,96.0,19.0,In Stock,2026-07-20
TEC-PH-10001555,,215.0,43.0,In Stock,2026-07-20
TEC-PH-10004505,Chicago Warehouse,237.0,47.0,In Stock,2026-07-20
FUR-RUB-10001380,,60.0,12.0,In Stock,2026-07-20
TEC-AC-10002170,Chicago Warehouse,180.0,36.0,In Stock,2026-07-20
TEC-PH-10004707,Chicago Warehouse,134.0,26.0,In Stock,2026-07-20
OFF-CAM-10004269,Singapore Warehouse,372.0,74.0,In Stock,2026-07-20
OFF-SME-10003746,Singapore Warehouse,464.0,92.0,In Stock,2026-07-20
OFF-AP-10001824,Singapore Warehouse,380.0,76.0,In Stock,2026-07-20
OFF-SU-10002466,Singapore Warehouse,302.0,60.0,In Stock,2026-07-20
TEC-PH-10004251,Chicago Warehouse,208.0,41.0,In Stock,2026-07-20
OFF-AP-10001058,Singapore Warehouse,376.0,75.0,In Stock,2026-07-20
OFF-STO-10000128,Singapore Warehouse,262.0,52.0,In Stock,2026-07-20
OFF-FA-10004494,Singapore Warehouse,365.0,73.0,In Stock,2026-07-20
OFF-BI-10003768,Singapore Warehouse,486.0,97.0,In Stock,2026-07-20
FUR-FU-10004816,Rotterdam Warehouse,132.0,26.0,In Stock,2026-07-20
OFF-EN-10001415,Singapore Warehouse,449.0,89.0,In Stock,2026-07-20
OFF-AR-10004961,Singapore Warehouse,443.0,88.0,In Stock,20/07/2026
OFF-CAM-10000726,Singapore Warehouse,441.0,88.0,In Stock,2026-07-20
OFF-BI-10002712,Singapore Warehouse,386.0,77.0,In Stock,2026-07-20
TEC-MA-10000555,Chicago Warehouse,122.0,24.0,,2026-07-20
OFF-EN-10001109,Singapore Warehouse,355.0,71.0,In Stock,2026-07-20
FUR-FU-10001477,Rotterdam Warehouse,149.0,29.0,In Stock,2026-07-20
FUR-CH-10002970,Rotterdam Warehouse,118.0,23.0,In Stock,2026-07-20
OFF-ST-10004871,Singapore Warehouse,219.0,43.0,In Stock,2026-07-20
FUR-CH-10002331,Rotterdam Warehouse,103.0,20.0,In Stock,2026-07-20
OFF-ST-10004739,Singapore Warehouse,277.0,55.0,In Stock,2026-07-20
OFF-NOV-10000721,Singapore Warehouse,256.0,51.0,In Stock,
OFF-SAN-10004420,Singapore Warehouse,287.0,57.0,In Stock,2026-07-20
TEC-MA-10003796,Chicago Warehouse,175.0,35.0,In Stock,2026-07-20
OFF-AR-10002987,Singapore Warehouse,306.0,61.0,In Stock,2026-07-20
OFF-AR-10001609,Singapore Warehouse,441.0,88.0,In Stock,2026-07-20
OFF-SU-10000484,Singapore Warehouse,229.0,45.0,IN STOCK,2026-07-20
FUR-SAF-10001793,Rotterdam Warehouse,77.0,15.0,IN STOCK,2026-07-20
TEC-CO-10000011,Chicago Warehouse,136.0,27.0,In Stock,2026-07-20
OFF-EN-10003858,Singapore Warehouse,266.0,53.0,In Stock,20/07/2026
OFF-BI-10001524,Singapore Warehouse,208.0,41.0,In Stock,2026-07-20
OFF-CAR-10001471,Singapore Warehouse,331.0,66.0,In Stock,2026-07-20
OFF-ST-10004432,Singapore Warehouse,315.0,-63.0,In Stock,2026-07-20
OFF-SU-10004902,Singapore Warehouse,355.0,71.0,In Stock,2026-07-20
OFF-BI-10004236,Singapore Warehouse,270.0,54.0,In Stock,2026-07-20
FUR-TEN-10000986,Rotterdam Warehouse,110.0,22.0,In Stock,2026-07-20
FUR-HAR-10000441,Rotterdam Warehouse,123.0,,In Stock,2026-07-20
TEC-AC-10003640,Chicago Warehouse,107.0,21.0,In Stock,2026-07-20
OFF-AP-10001169,Singapore Warehouse,309.0,61.0,In Stock,2026-07-20
TEC-PH-10002491,Chicago Warehouse,165.0,33.0,In Stock,2026-07-20
FUR-TA-10001833,Rotterdam Warehouse,118.0,23.0,In Stock,2026-07-20
OFF-AP-10003965,Singapore Warehouse,323.0,64.0,In Stock,2026-07-20
TEC-NOK-10001283,Chicago Warehouse,137.0,27.0,In Stock,2026-07-20
OFF-ST-10004060,Singapore Warehouse,302.0,60.0,In Stock,20/07/2026
OFF-ST-10004576,Singapore Warehouse,228.0,45.0,In Stock,2026-07-20
OFF-SU-10001554,Singapore Warehouse,339.0,67.0,IN STOCK,2026-07-20
OFF-BI-10001900,Singapore Warehouse,230.0,46.0,In Stock,2026-07-20
FUR-TA-10003485,Rotterdam Warehouse,121.0,,In Stock,20/07/2026
OFF-BI-10003274,Singapore Warehouse,201.0,40.0,In Stock,2026-07-20
FUR-FU-10001085,Rotterdam Warehouse,51.0,10.0,In Stock,2026-07-20
FUR-FU-10003546,Rotterdam Warehouse,103.0,20.0,In Stock,2026-07-20
OFF-ST-10001050,Singapore Warehouse,283.0,56.0,In Stock,2026-07-20
TEC-CO-10002601,Chicago Warehouse,210.0,42.0,In Stock,2026-07-20
TEC-MA-10000711,Chicago Warehouse,249.0,49.0,In Stock,2026-07-20
OFF-BI-10001890,Singapore Warehouse,341.0,68.0,In Stock,2026-07-20
OFF-PA-10003338,Singapore Warehouse,243.0,48.0,In Stock,2026-07-20
OFF-LA-10001546,Singapore Warehouse,239.0,47.0,,2026-07-20
TEC-MA-10001922,Chicago Warehouse,106.0,21.0,In Stock,2026-07-20
OFF-AME-10002949,Singapore Warehouse,326.0,65.0,In Stock,2026-07-20
OFF-ENE-10001117,Singapore Warehouse,384.0,76.0,In Stock,2026-07-20
OFF-FA-10003911,Singapore Warehouse,292.0,58.0,In Stock,
OFF-BI-10003152,Singapore Warehouse,468.0,93.0,In Stock,2026-07-20
FUR-FU-10002918,Rotterdam Warehouse,64.0,12.0,IN STOCK,2026-07-20
TEC-AC-10004209,Chicago Warehouse,98.0,19.0,In Stock,2026-07-20
FUR-FU-10003619,Rotterdam Warehouse,142.0,28.0,In Stock,2026-07-20
OFF-AME-10002376,Singapore Warehouse,368.0,73.0,In Stock,2026-07-20
OFF-FIS-10002703,Singapore Warehouse,432.0,86.0,In Stock,2026-07-20
TEC-AC-10003095,Chicago Warehouse,235.0,47.0,In Stock,2026-07-20
TEC-CIS-10002565,Chicago Warehouse,229.0,45.0,In Stock,2026-07-20
FUR-CH-10002344,Rotterdam Warehouse,108.0,21.0,In Stock,2026-07-20
OFF-ST-10001057,Singapore Warehouse,306.0,61.0,In Stock,2026-07-20
OFF-EN-10003391,Singapore Warehouse,301.0,60.0,In Stock,2026-07-20
OFF-BRE-10002255,Singapore Warehouse,433.0,86.0,In Stock,2026-07-20
TEC-PH-10002127,Chicago Warehouse,210.0,42.0,In Stock,2026-07-20
OFF-BI-10001662,Singapore Warehouse,239.0,47.0,In Stock,2026-07-20
FUR-CH-10002510,Rotterdam Warehouse,102.0,20.0,In Stock,2026-07-20
OFF-AP-10003287,Singapore Warehouse,282.0,56.0,IN STOCK,2026-07-20
OFF-LA-10000648,Singapore Warehouse,211.0,42.0,In Stock,
OFF-AP-10000818,Singapore Warehouse,396.0,79.0,In Stock,2026-07-20
FUR-CH-10001607,Rotterdam Warehouse,78.0,,In Stock,2026-07-20
TEC-PH-10001187,Chicago Warehouse,164.0,32.0,In Stock,2026-07-20
FUR-FU-10001557,Rotterdam Warehouse,131.0,26.0,In Stock,2026-07-20
OFF-FA-10000563,Singapore Warehouse,368.0,73.0,In Stock,2026-07-20
TEC-AC-10000510,Chicago Warehouse,,37.0,In Stock,2026-07-20
FUR-FU-10003237,Rotterdam Warehouse,51.0,10.0,In Stock,2026-07-20
FUR-CH-10004255,Rotterdam Warehouse,52.0,10.0,In Stock,2026-07-20
OFF-AP-10002568,Singapore Warehouse,455.0,91.0,In Stock,2026-07-20
TEC-MA-10001972,Chicago Warehouse,187.0,37.0,In Stock,2026-07-20
FUR-SAF-10000085,Rotterdam Warehouse,77.0,15.0,In Stock,2026-07-20
OFF-PA-10002689,Singapore Warehouse,241.0,48.0,IN STOCK,2026-07-20
OFF-BI-10004995,Singapore Warehouse ,216.0,43.0,In Stock,2026-07-20
FUR-BUS-10004820,Rotterdam Warehouse,120.0,24.0,In Stock,2026-07-20
FUR-CH-10001973,Rotterdam Warehouse,68.0,13.0,In Stock,20/07/2026
FUR-ELD-10000857,Rotterdam Warehouse,57.0,,,2026-07-20
FUR-BO-10000311,Rotterdam Warehouse,111.0,22.0,In Stock,2026-07-20
OFF-FA-10004248,Singapore Warehouse,486.0,97.0,In Stock,2026-07-20
TEC-AC-10003614,Chicago Warehouse,99.0,19.0,In Stock,2026-07-20
OFF-BI-10001900,Singapore Warehouse,349.0,69.0,IN STOCK,2026-07-20
OFF-SU-10004794,Singapore Warehouse,295.0,59.0,In Stock,2026-07-20
OFF-BI-10002794,Singapore Warehouse,356.0,71.0,In Stock,2026-07-20
TEC-AC-10001445,Chicago Warehouse,231.0,46.0,In Stock,2026-07-20
FUR-TA-10004289,Rotterdam Warehouse,126.0,25.0,In Stock,2026-07-20
TEC-CO-10001589,Chicago Warehouse,118.0,23.0,In Stock,2026-07-20
FUR-BO-10004842,Rotterdam Warehouse,104.0,20.0,In Stock,2026-07-20
FUR-TA-10001306,Rotterdam Warehouse,64.0,12.0,In Stock,2026-07-20
TEC-PH-10004940,Chicago Warehouse,120.0,24.0,In Stock,2026-07-20
FUR-CHR-10002278,Rotterdam Warehouse,73.0,14.0,In Stock,2026-07-20
TEC-MA-10004421,Chicago Warehouse,219.0,43.0,In Stock,2026-07-20
FUR-CH-10000454,Rotterdam Warehouse ,54.0,10.0,In Stock,2026-07-20
OFF-SU-10003371,Singapore Warehouse,262.0,52.0,In Stock,
TEC-CO-10002697,Chicago Warehouse,89.0,17.0,In Stock,2026-07-20
OFF-ST-10001753,Singapore Warehouse,341.0,68.0,In Stock,2026-07-20
FUR-CH-10004886,Rotterdam Warehouse,114.0,22.0,In Stock,2026-07-20
OFF-BI-10000636,Singapore Warehouse,319.0,63.0,In Stock,2026-07-20
FUR-BO-10000288,Rotterdam Warehouse,83.0,16.0,In Stock,2026-07-20
OFF-CUI-10002413,Singapore Warehouse,304.0,60.0,In Stock,2026-07-20
OFF-AP-10004708,Singapore Warehouse,419.0,83.0,In Stock,2026-07-20
TEC-NOK-10002555,Chicago Warehouse,213.0,42.0,In Stock,2026-07-20
FUR-FU-10000944,Rotterdam Warehouse,141.0,28.0,In Stock,2026-07-20
FUR-BO-10000700,Rotterdam Warehouse,145.0,29.0,,2026-07-20
TEC-PH-10002834,Chicago Warehouse,,45.0,In Stock,2026-07-20
OFF-FEL-10001776,Singapore Warehouse,497.0,99.0,In Stock,2026-07-20
OFF-LA-10002486,Singapore Warehouse,398.0,79.0,In Stock,2026-07-20
TEC-AC-10003851,Chicago Warehouse,179.0,35.0,In Stock,2026-07-20
OFF-AME-10000870,Singapore Warehouse,218.0,43.0,In Stock,2026-07-20
OFF-EN-10000863,Singapore Warehouse,328.0,65.0,In Stock,2026-07-20
FUR-BO-10003046,Rotterdam Warehouse,135.0,27.0,In Stock,2026-07-20
TEC-NOK-10003562,Chicago Warehouse ,177.0,35.0,In Stock,2026-07-20
OFF-AR-10001991,Singapore Warehouse,455.0,91.0,In Stock,2026-07-20
OFF-SU-10000979,Singapore Warehouse,297.0,59.0,In Stock,2026-07-20
OFF-BI-10004654,Singapore Warehouse,477.0,95.0,In Stock,2026-07-20
OFF-STA-10000298,Singapore Warehouse,470.0,94.0,In Stock,2026-07-20
OFF-ST-10001335,Singapore Warehouse,324.0,64.0,In Stock,2026-07-20
FUR-BO-10001461,Rotterdam Warehouse,60.0,12.0,In Stock,2026-07-20
OFF-EN-10002425,Singapore Warehouse,413.0,82.0,In Stock,2026-07-20
FUR-CH-10001187,Rotterdam Warehouse,92.0,18.0,In Stock,2026-07-20
FUR-TA-10003392,Rotterdam Warehouse,75.0,15.0,In Stock,2026-07-20
TEC-SHA-10003039,Chicago Warehouse,163.0,32.0,In Stock,2026-07-20
OFF-SU-10003629,Singapore Warehouse,240.0,48.0,In Stock,2026-07-20
OFF-SU-10000706,Singapore Warehouse,266.0,53.0,In Stock,2026-07-20
FUR-BO-10001324,Rotterdam Warehouse,83.0,16.0,In Stock,2026-07-20
OFF-AR-10000399,Singapore Warehouse,218.0,43.0,In Stock,2026-07-20
OFF-PA-10003350,Singapore Warehouse,398.0,79.0,In Stock,2026-07-20
FUR-BO-10003383,Rotterdam Warehouse,73.0,14.0,In Stock,2026-07-20
FUR-FU-10003879,Rotterdam Warehouse,90.0,18.0,In Stock,2026-07-20
TEC-MA-10002918,Chicago Warehouse,114.0,22.0,In Stock,2026-07-20
TEC-MA-10002571,Chicago Warehouse,86.0,17.0,In Stock,2026-07-20
OFF-EN-10003231,,376.0,75.0,In Stock,2026-07-20
OFF-BI-10001754,Singapore Warehouse,371.0,74.0,In Stock,2026-07-20
TEC-CO-10002567,Chicago Warehouse,248.0,49.0,In Stock,2026-07-20
OFF-EN-10000561,Singapore Warehouse,205.0,,In Stock,2026-07-20
OFF-ST-10003150,Singapore Warehouse,269.0,53.0,In Stock,2026-07-20
TEC-PH-10002962,Chicago Warehouse,236.0,47.0,In Stock,20/07/2026
OFF-AP-10000027,Singapore Warehouse,385.0,77.0,In Stock,2026-07-20
TEC-AC-10001904,Chicago Warehouse,85.0,17.0,In Stock,2026-07-20
OFF-SU-10000320,,434.0,86.0,In Stock,2026-07-20
OFF-BI-10003417,Singapore Warehouse,240.0,-48.0,In Stock,2026-07-20
OFF-AR-10001922,Singapore Warehouse,367.0,73.0,In Stock,2026-07-20
TEC-MEM-10000649,,225.0,45.0,In Stock,2026-07-20
OFF-ST-10003952,Singapore Warehouse,452.0,90.0,IN STOCK,20/07/2026
OFF-ST-10003132,,252.0,50.0,In Stock,2026-07-20
OFF-BI-10004454,Singapore Warehouse,319.0,63.0,IN STOCK,2026-07-20
OFF-ST-10001526,Singapore Warehouse,236.0,47.0,,2026-07-20
FUR-CH-10000423,Rotterdam Warehouse,115.0,23.0,In Stock,2026-07-20
OFF-FA-10004527,Singapore Warehouse,317.0,63.0,,2026-07-20
OFF-LA-10000707,Singapore Warehouse,376.0,75.0,In Stock,2026-07-20
TEC-AC-10003681,,,44.0,In Stock,2026-07-20
OFF-STA-10001112,Singapore Warehouse,203.0,40.0,In Stock,2026-07-20
TEC-PH-10001557,Chicago Warehouse,106.0,21.0,In Stock,2026-07-20
OFF-PA-10001471,Singapore Warehouse,326.0,65.0,In Stock,2026-07-20
TEC-PH-10000014,Chicago Warehouse,145.0,29.0,In Stock,2026-07-20
TEC-STA-10003081,Chicago Warehouse,230.0,46.0,In Stock,20/07/2026
OFF-LA-10002630,Singapore Warehouse,308.0,61.0,In Stock,2026-07-20
OFF-LA-10001230,Singapore Warehouse,459.0,91.0,In Stock,2026-07-20
OFF-SU-10000255,Singapore Warehouse,267.0,53.0,In Stock,2026-07-20
OFF-FA-10004156,Singapore Warehouse,399.0,79.0,In Stock,2026-07-20
OFF-SU-10003485,Singapore Warehouse,246.0,49.0,In Stock,2026-07-20
FUR-CH-10000932,Rotterdam Warehouse,82.0,16.0,In Stock,2026-07-20
OFF-BI-10000267,Singapore Warehouse,261.0,52.0,In Stock,2026-07-20
FUR-BO-10001746,Rotterdam Warehouse,143.0,28.0,In Stock,2026-07-20
TEC-MA-10002930,Chicago Warehouse,224.0,44.0,In Stock,2026-07-20
OFF-FA-10000992,Singapore Warehouse,332.0,66.0,In Stock,2026-07-20
OFF-LA-10000927,Singapore Warehouse,340.0,68.0,In Stock,2026-07-20
OFF-AP-10001394,Singapore Warehouse,378.0,75.0,In Stock,2026-07-20
TEC-PH-10000505,Chicago Warehouse,241.0,48.0,In Stock,2026-07-20
OFF-BI-10001808,Singapore Warehouse,236.0,47.0,IN STOCK,2026-07-20
OFF-KIT-10003611,Singapore Warehouse,447.0,89.0,In Stock,2026-07-20
OFF-EN-10002166,Singapore Warehouse,391.0,78.0,In Stock,2026-07-20
OFF-LA-10003795,Singapore Warehouse,254.0,50.0,In Stock,2026-07-20
FUR-SAF-10000607,Rotterdam Warehouse,75.0,15.0,In Stock,2026-07-20
FUR-CH-10001582,Rotterdam Warehouse,88.0,17.0,In Stock,2026-07-20
TEC-LOG-10002431,Chicago Warehouse,98.0,19.0,In Stock,20/07/2026
OFF-PA-10003252,Singapore Warehouse,216.0,43.0,In Stock,2026-07-20
OFF-PA-10004022,Singapore Warehouse,211.0,42.0,In Stock,2026-07-20
OFF-SU-10003632,Singapore Warehouse,216.0,43.0,In Stock,2026-07-20
OFF-LA-10000425,Singapore Warehouse,,90.0,In Stock,2026-07-20
OFF-PA-10003875,Singapore Warehouse,276.0,55.0,In Stock,2026-07-20
OFF-PA-10000320,Singapore Warehouse,265.0,53.0,In Stock,2026-07-20
TEC-PH-10002103,Chicago Warehouse,204.0,40.0,In Stock,2026-07-20
OFF-LA-10004799,Singapore Warehouse,214.0,42.0,In Stock,2026-07-20
OFF-SAN-10003152,Singapore Warehouse,492.0,98.0,In Stock,2026-07-20
TEC-AC-10002842,Chicago Warehouse,210.0,42.0,In Stock,2026-07-20
OFF-XER-10001513,Singapore Warehouse,450.0,90.0,In Stock,2026-07-20
OFF-PA-10004287,Singapore Warehouse,409.0,81.0,IN STOCK,2026-07-20
TEC-OKI-10001062,Chicago Warehouse,110.0,22.0,In Stock,2026-07-20
FUR-FU-10001617,Rotterdam Warehouse,147.0,29.0,In Stock,2026-07-20
OFF-AP-10003240,Singapore Warehouse,463.0,92.0,In Stock,2026-07-20
TEC-PH-10004182,Chicago Warehouse,194.0,38.0,In Stock,2026-07-20
OFF-GLO-10003639,Singapore Warehouse,264.0,52.0,In Stock,2026-07-20
OFF-BI-10004903,Singapore Warehouse,429.0,85.0,In Stock,2026-07-20
OFF-PA-10000249,Singapore Warehouse,384.0,76.0,In Stock,2026-07-20
FUR-TA-10000695,Rotterdam Warehouse,79.0,15.0,In Stock,2026-07-20
FUR-TA-10000403,Rotterdam Warehouse,50.0,10.0,IN STOCK,2026-07-20
OFF-EN-10002464,Singapore Warehouse,254.0,50.0,In Stock,2026-07-20
TEC-MA-10004609,Chicago Warehouse,112.0,22.0,In Stock,2026-07-20
OFF-AP-10004515,Singapore Warehouse,465.0,93.0,In Stock,20/07/2026
OFF-SU-10001731,Singapore Warehouse,400.0,80.0,In Stock,2026-07-20
OFF-ST-10000419,Singapore Warehouse,303.0,60.0,In Stock,2026-07-20
FUR-FU-10004876,Rotterdam Warehouse,124.0,24.0,In Stock,2026-07-20
OFF-ST-10001694,Singapore Warehouse,413.0,82.0,In Stock,2026-07-20
TEC-CO-10002380,Chicago Warehouse,190.0,38.0,In Stock,2026-07-20
OFF-BI-10003975,Singapore Warehouse,491.0,98.0,In Stock,2026-07-20
OFF-FA-10001567,Singapore Warehouse,385.0,77.0,In Stock,2026-07-20
OFF-ST-10003305,Singapore Warehouse,491.0,98.0,In Stock,2026-07-20
OFF-EN-10003540,Singapore Warehouse,460.0,92.0,In Stock,2026-07-20
TEC-MOT-10004682,Chicago Warehouse ,86.0,17.0,In Stock,2026-07-20
OFF-BI-10003240,Singapore Warehouse,230.0,46.0,In Stock,2026-07-20
OFF-ACC-10001993,Singapore Warehouse,427.0,85.0,In Stock,2026-07-20
OFF-SU-10002327,Singapore Warehouse,431.0,86.0,In Stock,2026-07-20
OFF-SU-10002544,Singapore Warehouse,205.0,41.0,In Stock,2026-07-20
OFF-AME-10002557,Singapore Warehouse,339.0,67.0,In Stock,2026-07-20
OFF-ST-10000378,Singapore Warehouse,216.0,43.0,IN STOCK,2026-07-20
FUR-TA-10001039,Rotterdam Warehouse,148.0,29.0,In Stock,2026-07-20
FUR-HON-10003533,Rotterdam Warehouse,57.0,11.0,In-Stock,2026-07-20
OFF-AR-10000127,,401.0,80.0,In Stock,2026-07-20
FUR-FU-10000719,Rotterdam Warehouse,76.0,15.0,In Stock,2026-07-20
FUR-TEN-10000377,Rotterdam Warehouse ,115.0,23.0,In Stock,2026-07-20
OFF-FA-10002790,Singapore Warehouse,484.0,96.0,In Stock,2026-07-20
OFF-PA-10001639,Singapore Warehouse,268.0,53.0,In Stock,2026-07-20
TEC-AC-10003690,Chicago Warehouse,158.0,31.0,In Stock,2026-07-20
TEC-STA-10000008,Chicago Warehouse,123.0,24.0,In Stock,2026-07-20
OFF-OIC-10000189,Singapore Warehouse,488.0,97.0,In Stock,2026-07-20
OFF-AR-10004077,Singapore Warehouse,379.0,,In Stock,2026-07-20
FUR-CH-10002088,Rotterdam Warehouse,120.0,24.0,In Stock,2026-07-20
TEC-HP -10000081,Chicago Warehouse,155.0,31.0,In Stock,20/07/2026
OFF-AR-10001879,Singapore Warehouse,231.0,46.0,In Stock,2026-07-20
FUR-FU-10002937,Rotterdam Warehouse,-89.0,17.0,In Stock,2026-07-20
OFF-AR-10003582,Singapore Warehouse,273.0,,In Stock,2026-07-20
OFF-ST-10004325,Singapore Warehouse,,61.0,In Stock,2026-07-20
TEC-HP -10004451,Chicago Warehouse,180.0,36.0,In Stock,2026-07-20
TEC-MA-10001627,Chicago Warehouse,207.0,41.0,In Stock,2026-07-20
OFF-PA-10001735,Singapore Warehouse,474.0,94.0,IN STOCK,2026-07-20
OFF-AP-10001298,Singapore Warehouse,294.0,58.0,In Stock,2026-07-20
FUR-BO-10001966,Rotterdam Warehouse,147.0,29.0,In Stock,2026-07-20
OFF-EN-10002831,Singapore Warehouse,396.0,79.0,In Stock,2026-07-20
OFF-BRE-10004933,Singapore Warehouse,471.0,94.0,In Stock,2026-07-20
OFF-ST-10000078,Singapore Warehouse,383.0,76.0,In Stock,2026-07-20
TEC-PAN-10001674,Chicago Warehouse,82.0,16.0,IN STOCK,2026-07-20
TEC-PH-10002742,Chicago Warehouse,121.0,24.0,In Stock,2026-07-20
FUR-TA-10000115,Rotterdam Warehouse,91.0,18.0,In Stock,2026-07-20
OFF-AP-10003795,Singapore Warehouse,465.0,93.0,In Stock,2026-07-20
OFF-AP-10002239,Singapore Warehouse,309.0,61.0,In Stock,2026-07-20
OFF-ST-10000886,Singapore Warehouse,486.0,97.0,In Stock,2026-07-20
TEC-PH-10001468,Chicago Warehouse,235.0,47.0,In Stock,2026-07-20
TEC-CAN-10001437,Chicago Warehouse,140.0,28.0,In Stock,2026-07-20
TEC-SAM-10001843,Chicago Warehouse,138.0,27.0,In Stock,2026-07-20
OFF-SU-10001808,Singapore Warehouse,447.0,89.0,In Stock,2026-07-20
OFF-ST-10000505,Singapore Warehouse,270.0,54.0,In Stock,2026-07-20
FUR-BO-10002708,Rotterdam Warehouse,142.0,28.0,In Stock,2026-07-20
FUR-CH-10004062,Rotterdam Warehouse,109.0,21.0,In Stock,2026-07-20
TEC-PH-10000785,Chicago Warehouse,149.0,29.0,In Stock,2026-07-20
OFF-ST-10000806,Singapore Warehouse,334.0,66.0,In Stock,2026-07-20
OFF-AR-10001271,Singapore Warehouse,487.0,,In Stock,2026-07-20
TEC-CO-10004367,Chicago Warehouse,204.0,40.0,In Stock,2026-07-20
TEC-MA-10003176,Chicago Warehouse,83.0,16.0,In Stock,2026-07-20
TEC-AC-10002370,Chicago Warehouse ,112.0,22.0,In Stock,2026-07-20
OFF-PA-10000591,Singapore Warehouse,361.0,72.0,In Stock,2026-07-20
OFF-BI-10004436,Singapore Warehouse,311.0,62.0,In Stock,2026-07-20
FUR-ADV-10002889,,144.0,28.0,In Stock,2026-07-20
FUR-BO-10002738,Rotterdam Warehouse,143.0,28.0,In Stock,2026-07-20
TEC-MA-10002614,Chicago Warehouse,208.0,41.0,IN STOCK,2026-07-20
FUR-TEN-10003923,Rotterdam Warehouse,126.0,25.0,In Stock,2026-07-20
OFF-SU-10000079,Singapore Warehouse,495.0,99.0,In Stock,2026-07-20
OFF-AP-10000261,Singapore Warehouse,453.0,90.0,In Stock,
FUR-CH-10003143,Rotterdam Warehouse,142.0,28.0,In Stock,2026-07-20
TEC-PH-10002936,Chicago Warehouse,120.0,24.0,In Stock,2026-07-20
FUR-CH-10001897,Rotterdam Warehouse,56.0,11.0,In Stock,2026-07-20
TEC-PH-10002699,Chicago Warehouse,122.0,24.0,In Stock,2026-07-20
OFF-LA-10001865,,382.0,76.0,In Stock,2026-07-20
OFF-EN-10002065,Singapore Warehouse,367.0,73.0,In Stock,2026-07-20
OFF-AP-10002734,Singapore Warehouse,410.0,82.0,In Stock,2026-07-20
TEC-PH-10000292,Chicago Warehouse,206.0,41.0,In Stock,20/07/2026
TEC-PH-10002296,Chicago Warehouse,136.0,27.0,In Stock,2026-07-20
FUR-FU-10000718,Rotterdam Warehouse,107.0,21.0,IN STOCK,2026-07-20
OFF-PA-10002461,Singapore Warehouse,403.0,80.0,In Stock,2026-07-20
OFF-PA-10001293,Singapore Warehouse,441.0,88.0,In Stock,2026-07-20
FUR-FU-10002834,,51.0,10.0,In Stock,2026-07-20
OFF-AP-10001635,Singapore Warehouse,491.0,98.0,In Stock,2026-07-20
OFF-AR-10003336,Singapore Warehouse,322.0,64.0,In Stock,2026-07-20
OFF-BI-10000948,Singapore Warehouse,275.0,55.0,In Stock,2026-07-20
FUR-FU-10002665,Rotterdam Warehouse,104.0,20.0,In Stock,2026-07-20
TEC-AC-10001013,,203.0,-40.0,In Stock,2026-07-20
OFF-LA-10002596,Singapore Warehouse,287.0,57.0,In Stock,2026-07-20
FUR-FU-10002928,Rotterdam Warehouse,71.0,14.0,In Stock,2026-07-20
OFF-ST-10004050,Singapore Warehouse,373.0,74.0,In Stock,2026-07-20
OFF-LA-10003678,Singapore Warehouse,492.0,98.0,In Stock,2026-07-20
TEC-PH-10000307,Chicago Warehouse,199.0,39.0,In Stock,2026-07-20
OFF-AP-10001931,Singapore Warehouse,465.0,93.0,In Stock,2026-07-20
OFF-FA-10001435,Singapore Warehouse,247.0,49.0,In Stock,20/07/2026
OFF-WIL-10000390,Singapore Warehouse,436.0,87.0,In Stock,2026-07-20
OFF-ELD-10003038,Singapore Warehouse ,312.0,62.0,In Stock,2026-07-20
OFF-FA-10003467,Singapore Warehouse,450.0,90.0,,2026-07-20
TEC-CO-10002043,Chicago Warehouse,185.0,37.0,IN STOCK,2026-07-20
OFF-AP-10004569,Singapore Warehouse,489.0,97.0,In Stock,
OFF-FA-10001339,Singapore Warehouse,208.0,41.0,In Stock,20/07/2026
TEC-MA-10004408,Chicago Warehouse,89.0,17.0,In Stock,2026-07-20
OFF-SU-10003343,Singapore Warehouse,425.0,85.0,In Stock,2026-07-20
OFF-LA-10001833,Singapore Warehouse,374.0,74.0,In Stock,2026-07-20
OFF-SU-10004822,Singapore Warehouse,300.0,60.0,In Stock,2026-07-20
OFF-BIN-10003089,Singapore Warehouse,252.0,50.0,In Stock,2026-07-20
OFF-ST-10000661,Singapore Warehouse,342.0,68.0,In Stock,2026-07-20
OFF-ST-10004946,Singapore Warehouse,,99.0,In Stock,2026-07-20
FUR-BO-10004529,Rotterdam Warehouse,51.0,10.0,In Stock,2026-07-20
OFF-EN-10004755,Singapore Warehouse,405.0,81.0,In Stock,2026-07-20
OFF-BI-10002062,Singapore Warehouse,204.0,40.0,In Stock,2026-07-20
OFF-BI-10001294,Singapore Warehouse,210.0,42.0,In Stock,2026-07-20
TEC-PH-10002496,Chicago Warehouse ,125.0,25.0,In Stock,2026-07-20
OFF-EAT-10002674,Singapore Warehouse,427.0,85.0,In Stock,2026-07-20
FUR-TA-10000403,Rotterdam Warehouse,123.0,24.0,In Stock,2026-07-20
FUR-TA-10003222,Rotterdam Warehouse,58.0,11.0,In Stock,2026-07-20
TEC-PH-10003891,Chicago Warehouse,111.0,22.0,In Stock,2026-07-20
OFF-SU-10001618,Singapore Warehouse,259.0,51.0,In Stock,2026-07-20
OFF-ST-10002499,Singapore Warehouse,222.0,44.0,In Stock,2026-07-20
OFF-ST-10000220,Singapore Warehouse,432.0,86.0,In Stock,2026-07-20
OFF-EN-10002491,Singapore Warehouse,387.0,77.0,In Stock,2026-07-20
TEC-AC-10002263,Chicago Warehouse,148.0,29.0,In Stock,2026-07-20
TEC-AC-10002018,Chicago Warehouse,93.0,18.0,In Stock,2026-07-20
FUR-BO-10000670,Rotterdam Warehouse,141.0,28.0,In Stock,2026-07-20
OFF-SU-10003544,Singapore Warehouse,470.0,,In Stock,2026-07-20
OFF-PA-10001758,Singapore Warehouse,432.0,86.0,In Stock,2026-07-20
FUR-CH-10001701,Rotterdam Warehouse ,80.0,16.0,In Stock,2026-07-20
OFF-BI-10000620,Singapore Warehouse,469.0,93.0,In Stock,2026-07-20
OFF-EN-10003834,Singapore Warehouse,492.0,98.0,In Stock,2026-07-20
FUR-BO-10004914,Rotterdam Warehouse,89.0,17.0,In Stock,2026-07-20
TEC-MA-10001261,Chicago Warehouse,184.0,36.0,In Stock,2026-07-20
OFF-SU-10001080,Singapore Warehouse,411.0,82.0,In Stock,2026-07-20
FUR-CH-10001237,Rotterdam Warehouse,148.0,29.0,,2026-07-20
OFF-BOS-10000577,Singapore Warehouse,350.0,70.0,In Stock,2026-07-20
TEC-PH-10003442,Chicago Warehouse,96.0,19.0,In Stock,2026-07-20
OFF-HON-10002389,Singapore Warehouse,295.0,59.0,In Stock,2026-07-20
TEC-PH-10001433,Chicago Warehouse,-88.0,17.0,In Stock,2026-07-20
OFF-AR-10003651,Singapore Warehouse,388.0,77.0,In Stock,2026-07-20
OFF-AR-10000914,Singapore Warehouse,293.0,58.0,In Stock,2026-07-20
OFF-EN-10004483,Singapore Warehouse,328.0,65.0,In Stock,2026-07-20
OFF-AR-10003521,Singapore Warehouse,,64.0,In Stock,2026-07-20
OFF-SU-10002934,Singapore Warehouse,327.0,65.0,In Stock,2026-07-20
OFF-AR-10002335,Singapore Warehouse,363.0,72.0,In Stock,2026-07-20
TEC-PH-10001363,Chicago Warehouse,184.0,36.0,IN STOCK,2026-07-20
TEC-CO-10004154,Chicago Warehouse,249.0,49.0,In Stock,2026-07-20
FUR-CH-10000694,Rotterdam Warehouse,86.0,17.0,In Stock,20/07/2026
OFF-ELI-10000443,Singapore Warehouse,,78.0,In Stock,
OFF-BI-10003253,Singapore Warehouse,446.0,89.0,In Stock,2026-07-20
OFF-LA-10000793,Singapore Warehouse,346.0,69.0,In Stock,2026-07-20
OFF-PA-10002514,Singapore Warehouse,343.0,68.0,In Stock,
TEC-PAN-10000391,Chicago Warehouse,114.0,22.0,In Stock,2026-07-20
TEC-PH-10001574,Chicago Warehouse,97.0,19.0,In-Stock,2026-07-20
FUR-ELD-10004515,Rotterdam Warehouse,95.0,19.0,In Stock,2026-07-20
OFF-BI-10001543,Singapore Warehouse,387.0,77.0,In Stock,2026-07-20
OFF-ST-10003159,Singapore Warehouse,217.0,43.0,In Stock,2026-07-20
TEC-AC-10003044,Chicago Warehouse,144.0,28.0,In Stock,2026-07-20
OFF-PA-10001537,Singapore Warehouse,403.0,80.0,In Stock,2026-07-20
OFF-AP-10003442,Singapore Warehouse,211.0,42.0,In Stock,2026-07-20
OFF-HON-10003538,Singapore Warehouse,465.0,93.0,In Stock,2026-07-20
OFF-SU-10004655,Singapore Warehouse,426.0,85.0,In Stock,2026-07-20
OFF-HAR-10001913,Singapore Warehouse,237.0,47.0,In Stock,2026-07-20
FUR-CH-10000996,Rotterdam Warehouse,,15.0,In Stock,2026-07-20
OFF-AP-10004527,Singapore Warehouse,291.0,58.0,In Stock,2026-07-20
OFF-SU-10001233,Singapore Warehouse,235.0,47.0,In Stock,2026-07-20
OFF-ST-10001091,Singapore Warehouse ,466.0,93.0,In Stock,2026-07-20
OFF-SU-10004727,Singapore Warehouse,235.0,47.0,In Stock,2026-07-20
OFF-BI-10001575,Singapore Warehouse,288.0,57.0,In Stock,2026-07-20
OFF-ST-10002362,Singapore Warehouse,399.0,79.0,In Stock,2026-07-20
TEC-PH-10000688,Chicago Warehouse,214.0,42.0,In Stock,20/07/2026
OFF-LA-10002159,Singapore Warehouse,269.0,53.0,In Stock,2026-07-20
OFF-AR-10001134,Singapore Warehouse,214.0,42.0,In Stock,2026-07-20
FUR-SAF-10000593,Rotterdam Warehouse,114.0,22.0,In Stock,2026-07-20
TEC-PH-10000258,Chicago Warehouse,150.0,30.0,In Stock,20/07/2026
OFF-GLO-10003496,Singapore Warehouse,248.0,49.0,In Stock,2026-07-20
OFF-STO-10002661,Singapore Warehouse,448.0,89.0,In Stock,2026-07-20
OFF-PA-10001274,Singapore Warehouse,478.0,95.0,In Stock,2026-07-20
OFF-EN-10002728,Singapore Warehouse,204.0,40.0,In Stock,2026-07-20
TEC-AC-10001876,Chicago Warehouse,207.0,41.0,In Stock,2026-07-20
TEC-CO-10002326,Chicago Warehouse ,236.0,47.0,IN STOCK,2026-07-20
OFF-BI-10002824,Singapore Warehouse,209.0,41.0,In Stock,2026-07-20
TEC-MA-10004603,Chicago Warehouse,209.0,41.0,In Stock,20/07/2026
FUR-CH-10004792,Rotterdam Warehouse,92.0,18.0,In Stock,2026-07-20
OFF-FA-10002526,Singapore Warehouse,434.0,86.0,In Stock,2026-07-20
FUR-ELD-10004559,Rotterdam Warehouse,82.0,16.0,In Stock,2026-07-20
OFF-AR-10004752,Singapore Warehouse,485.0,97.0,In Stock,2026-07-20
TEC-AC-10003951,Chicago Warehouse,133.0,26.0,In Stock,2026-07-20
TEC-PH-10003794,Chicago Warehouse,145.0,29.0,In Stock,2026-07-20
OFF-EN-10003080,Singapore Warehouse,446.0,89.0,In Stock,2026-07-20
OFF-FA-10000520,Singapore Warehouse,253.0,50.0,In Stock,2026-07-20
FUR-CH-10001752,Rotterdam Warehouse,87.0,17.0,In Stock,2026-07-20
OFF-AR-10004920,Singapore Warehouse,358.0,71.0,In Stock,2026-07-20
OFF-AR-10002847,Singapore Warehouse,384.0,76.0,In Stock,2026-07-20
OFF-AP-10001723,Singapore Warehouse,402.0,80.0,In Stock,2026-07-20
OFF-BI-10000605,Singapore Warehouse,419.0,83.0,In Stock,2026-07-20
TEC-STA-10003550,Chicago Warehouse,112.0,22.0,In Stock,2026-07-20
TEC-PH-10004120,Chicago Warehouse,99.0,19.0,In Stock,2026-07-20
OFF-KLE-10001794,Singapore Warehouse,451.0,90.0,In Stock,2026-07-20
OFF-BI-10001097,Singapore Warehouse,360.0,72.0,In Stock,2026-07-20
OFF-OIC-10003879,Singapore Warehouse,320.0,64.0,In Stock,2026-07-20
OFF-FA-10002539,Singapore Warehouse,429.0,85.0,In Stock,2026-07-20
FUR-BO-10003706,Rotterdam Warehouse ,82.0,16.0,In Stock,2026-07-20
OFF-AP-10003610,Singapore Warehouse,481.0,,In Stock,2026-07-20
TEC-SHA-10000306,Chicago Warehouse,158.0,31.0,,2026-07-20
FUR-BUS-10003708,Rotterdam Warehouse,132.0,26.0,In Stock,2026-07-20
OFF-BI-10003058,Singapore Warehouse,252.0,50.0,In Stock,2026-07-20
FUR-HON-10004932,Rotterdam Warehouse,78.0,15.0,In Stock,2026-07-20
OFF-FA-10001126,Singapore Warehouse,416.0,83.0,In Stock,2026-07-20
TEC-MA-10003078,Chicago Warehouse,229.0,45.0,In Stock,2026-07-20
OFF-FA-10002481,Singapore Warehouse,416.0,83.0,In Stock,2026-07-20
OFF-SU-10002189,Singapore Warehouse,227.0,45.0,In Stock,2026-07-20
OFF-LA-10001187,Singapore Warehouse,335.0,67.0,In Stock,2026-07-20
OFF-SU-10000283,Singapore Warehouse,355.0,71.0,In Stock,20/07/2026
TEC-CO-10002571,Chicago Warehouse,104.0,20.0,In Stock,2026-07-20
TEC-AC-10001720,Chicago Warehouse,190.0,38.0,In Stock,2026-07-20
OFF-FA-10002427,Singapore Warehouse,332.0,66.0,In Stock,2026-07-20
FUR-CH-10003968,Rotterdam Warehouse,88.0,17.0,In Stock,2026-07-20
TEC-PH-10000931,Chicago Warehouse,120.0,24.0,In Stock,2026-07-20
OFF-EN-10001535,Singapore Warehouse,472.0,94.0,In Stock,2026-07-20
OFF-BI-10003068,Singapore Warehouse,314.0,62.0,In Stock,2026-07-20
FUR-NOV-10003257,Rotterdam Warehouse,91.0,18.0,In Stock,2026-07-20
FUR-HON-10002424,Rotterdam Warehouse,127.0,25.0,In Stock,2026-07-20
OFF-FA-10003797,Singapore Warehouse,319.0,63.0,In Stock,2026-07-20
OFF-PA-10003390,Singapore Warehouse,218.0,43.0,In Stock,2026-07-20
OFF-HAM-10000430,Singapore Warehouse,259.0,51.0,In Stock,2026-07-20
OFF-EN-10000507,Singapore Warehouse,423.0,84.0,IN STOCK,2026-07-20
OFF-BI-10000014,Singapore Warehouse,310.0,62.0,In Stock,2026-07-20
TEC-LOG-10000368,Chicago Warehouse,250.0,50.0,In Stock,2026-07-20
FUR-BO-10002378,Rotterdam Warehouse,68.0,13.0,In Stock,2026-07-20
TEC-STA-10003065,Chicago Warehouse,159.0,31.0,In Stock,2026-07-20
OFF-BI-10001430,Singapore Warehouse,285.0,57.0,In Stock,2026-07-20
OFF-LA-10002493,Singapore Warehouse,463.0,92.0,In Stock,20/07/2026
TEC-MA-10001016,Chicago Warehouse,125.0,25.0,In Stock,2026-07-20
FUR-DAN-10001875,Rotterdam Warehouse,117.0,23.0,In Stock,2026-07-20
OFF-PA-10003105,Singapore Warehouse,477.0,95.0,In Stock,2026-07-20
OFF-PA-10001662,Singapore Warehouse,,65.0,In Stock,2026-07-20
TEC-PH-10004105,Chicago Warehouse,231.0,46.0,In Stock,2026-07-20
OFF-PA-10002930,Singapore Warehouse,363.0,72.0,In Stock,2026-07-20
FUR-FU-10004963,Rotterdam Warehouse,150.0,30.0,In Stock,2026-07-20
TEC-AC-10003038,Chicago Warehouse,241.0,48.0,In Stock,2026-07-20
OFF-EN-10000296,Singapore Warehouse,235.0,47.0,In Stock,2026-07-20
OFF-BI-10001191,Singapore Warehouse ,398.0,79.0,In-Stock,2026-07-20
FUR-BO-10000269,Rotterdam Warehouse,138.0,27.0,In Stock,2026-07-20
FUR-CH-10004355,Rotterdam Warehouse,132.0,26.0,In Stock,20/07/2026
FUR-CHR-10001784,Rotterdam Warehouse,66.0,13.0,In Stock,2026-07-20
OFF-AP-10004882,Singapore Warehouse,459.0,91.0,In Stock,2026-07-20
OFF-HOO-10003269,Singapore Warehouse,469.0,93.0,In Stock,2026-07-20
OFF-PA-10002033,Singapore Warehouse,480.0,96.0,In Stock,
OFF-FA-10001427,Singapore Warehouse,301.0,60.0,In Stock,2026-07-20
OFF-FA-10002453,Singapore Warehouse,262.0,52.0,In Stock,2026-07-20
TEC-CO-10002113,Chicago Warehouse,180.0,36.0,In Stock,2026-07-20
FUR-BO-10003103,Rotterdam Warehouse,134.0,26.0,,2026-07-20
OFF-LA-10001582,Singapore Warehouse,-317.0,63.0,In Stock,2026-07-20
OFF-PA-10000223,Singapore Warehouse,240.0,48.0,In Stock,2026-07-20
OFF-AR-10004614,Singapore Warehouse,291.0,58.0,In Stock,2026-07-20
FUR-TA-10000226,Rotterdam Warehouse,146.0,29.0,In Stock,2026-07-20
FUR-BO-10004665,Rotterdam Warehouse,138.0,27.0,In Stock,2026-07-20
OFF-SU-10003371,Singapore Warehouse,265.0,53.0,In Stock,2026-07-20
OFF-EN-10003853,Singapore Warehouse ,488.0,97.0,In Stock,2026-07-20
OFF-BI-10003763,Singapore Warehouse,477.0,95.0,In Stock,20/07/2026
TEC-AC-10000397,Chicago Warehouse,102.0,20.0,,2026-07-20
TEC-BEL-10003985,Chicago Warehouse ,115.0,23.0,In Stock,2026-07-20
OFF-SAN-10004746,,317.0,,In Stock,2026-07-20
OFF-BI-10004644,Singapore Warehouse,435.0,87.0,In Stock,2026-07-20
OFF-FA-10002247,Singapore Warehouse,254.0,50.0,In Stock,2026-07-20
OFF-AR-10001694,Singapore Warehouse,364.0,72.0,In Stock,2026-07-20
FUR-SAF-10002121,Rotterdam Warehouse,147.0,29.0,In Stock,2026-07-20
FUR-BO-10001393,Rotterdam Warehouse,147.0,29.0,In Stock,2026-07-20
FUR-FU-10003609,Rotterdam Warehouse,113.0,22.0,In Stock,2026-07-20
OFF-EN-10003448,Singapore Warehouse,496.0,99.0,In Stock,2026-07-20
OFF-AP-10003380,Singapore Warehouse,297.0,59.0,In Stock,2026-07-20
OFF-PA-10003513,Singapore Warehouse,316.0,63.0,In Stock,2026-07-20
OFF-AP-10002421,Singapore Warehouse,214.0,42.0,In Stock,2026-07-20
FUR-CH-10004196,Rotterdam Warehouse,122.0,24.0,In Stock,20/07/2026
OFF-STO-10004841,Singapore Warehouse,229.0,45.0,In Stock,2026-07-20
TEC-AC-10004334,Chicago Warehouse,149.0,29.0,In Stock,2026-07-20
OFF-BI-10002083,Singapore Warehouse,318.0,63.0,In Stock,2026-07-20
OFF-BI-10004227,Singapore Warehouse,324.0,64.0,In Stock,2026-07-20
TEC-CO-10001001,Chicago Warehouse,164.0,32.0,In Stock,2026-07-20
OFF-EN-10001157,Singapore Warehouse,374.0,74.0,In Stock,2026-07-20
OFF-PA-10002944,Singapore Warehouse,279.0,55.0,In Stock,2026-07-20
OFF-FA-10002635,Singapore Warehouse,281.0,56.0,In Stock,2026-07-20
OFF-AP-10003221,Singapore Warehouse,491.0,98.0,In Stock,2026-07-20
OFF-AP-10000904,Singapore Warehouse,242.0,48.0,In Stock,2026-07-20
OFF-LA-10002334,Singapore Warehouse,233.0,46.0,In Stock,2026-07-20
OFF-AR-10000980,Singapore Warehouse,397.0,79.0,In Stock,2026-07-20
OFF-AR-10001338,Singapore Warehouse,432.0,86.0,,2026-07-20
TEC-PH-10001557,Chicago Warehouse,167.0,33.0,In Stock,2026-07-20
OFF-SU-10003739,Singapore Warehouse,410.0,82.0,In Stock,2026-07-20
OFF-LA-10002974,Singapore Warehouse,314.0,62.0,In Stock,2026-07-20
FUR-CH-10004462,Rotterdam Warehouse,57.0,11.0,In Stock,2026-07-20
TEC-PH-10004882,Chicago Warehouse,227.0,45.0,In Stock,2026-07-20
OFF-SU-10002337,Singapore Warehouse,273.0,54.0,In Stock,2026-07-20
TEC-AC-10003904,Chicago Warehouse,233.0,46.0,In Stock,2026-07-20
TEC-AC-10002473,Chicago Warehouse,87.0,17.0,In Stock,2026-07-20
OFF-BI-10003642,Singapore Warehouse,386.0,77.0,In Stock,20/07/2026
TEC-PH-10002387,Chicago Warehouse,84.0,16.0,In Stock,2026-07-20
TEC-AC-10003280,Chicago Warehouse,238.0,47.0,In Stock,2026-07-20
TEC-PH-10003875,Chicago Warehouse,198.0,39.0,IN STOCK,2026-07-20
TEC-CO-10001046,Chicago Warehouse,165.0,33.0,In Stock,2026-07-20
FUR-FU-10001008,Rotterdam Warehouse,69.0,13.0,In Stock,2026-07-20
OFF-ST-10001195,Singapore Warehouse,245.0,49.0,In Stock,2026-07-20
OFF-BI-10004795,Singapore Warehouse,498.0,99.0,In Stock,2026-07-20
OFF-BIN-10001621,Singapore Warehouse,433.0,86.0,IN STOCK,2026-07-20
OFF-AP-10000172,,486.0,97.0,In Stock,2026-07-20
OFF-ST-10003800,Singapore Warehouse,461.0,92.0,In Stock,2026-07-20
TEC-BEL-10001391,Chicago Warehouse,237.0,47.0,In Stock,2026-07-20
FUR-FU-10001477,Rotterdam Warehouse,74.0,14.0,In Stock,2026-07-20
OFF-BI-10000848,Singapore Warehouse,285.0,57.0,In Stock,2026-07-20
FUR-BO-10004899,Rotterdam Warehouse,106.0,21.0,In Stock,2026-07-20
TEC-PH-10003400,Chicago Warehouse,91.0,18.0,In Stock,2026-07-20
OFF-FA-10000046,Singapore Warehouse,399.0,79.0,In Stock,20/07/2026
OFF-WIL-10000979,Singapore Warehouse,246.0,49.0,In Stock,2026-07-20
TEC-CO-10000043,Chicago Warehouse,163.0,32.0,In Stock,2026-07-20
TEC-AC-10002530,Chicago Warehouse,116.0,23.0,In Stock,2026-07-20
OFF-BI-10000963,Singapore Warehouse,272.0,54.0,In Stock,2026-07-20
OFF-AR-10004012,Singapore Warehouse,488.0,97.0,In Stock,2026-07-20
OFF-ST-10000752,Singapore Warehouse,335.0,67.0,In Stock,2026-07-20
FUR-LES-10000488,Rotterdam Warehouse,115.0,23.0,In Stock,2026-07-20
OFF-PA-10003036,Singapore Warehouse,345.0,69.0,In Stock,2026-07-20
OFF-HON-10004698,Singapore Warehouse,290.0,58.0,In Stock,2026-07-20
OFF-KLE-10001381,Singapore Warehouse,382.0,76.0,In Stock,2026-07-20
OFF-AR-10001118,Singapore Warehouse,366.0,73.0,In Stock,2026-07-20
TEC-PH-10002916,Chicago Warehouse,163.0,32.0,In Stock,2026-07-20
OFF-AVE-10004251,Singapore Warehouse,216.0,43.0,,2026-07-20
OFF-PA-10000562,Singapore Warehouse,203.0,40.0,In Stock,
OFF-LA-10002703,,452.0,90.0,In Stock,2026-07-20
OFF-CAM-10001249,Singapore Warehouse,242.0,48.0,In Stock,2026-07-20
OFF-ELD-10002578,Singapore Warehouse,478.0,95.0,In Stock,2026-07-20
FUR-CH-10002288,Rotterdam Warehouse,102.0,20.0,In Stock,2026-07-20
TEC-CO-10004558,Chicago Warehouse,83.0,16.0,In Stock,2026-07-20
TEC-CIS-10003103,Chicago Warehouse,232.0,46.0,In Stock,2026-07-20
FUR-FU-10002709,Rotterdam Warehouse,108.0,21.0,In Stock,2026-07-20
TEC-MEM-10002005,Chicago Warehouse,86.0,17.0,In Stock,2026-07-20
FUR-CH-10004669,Rotterdam Warehouse,67.0,13.0,In Stock,2026-07-20
OFF-ELI-10001705,Singapore Warehouse,440.0,88.0,In Stock,2026-07-20
FUR-TA-10001691,Rotterdam Warehouse,108.0,21.0,In Stock,2026-07-20
OFF-LA-10001075,Singapore Warehouse,245.0,49.0,In Stock,2026-07-20
OFF-AP-10000159,Singapore Warehouse,460.0,,In Stock,20/07/2026
TEC-AC-10001295,Chicago Warehouse,90.0,18.0,In Stock,2026-07-20
OFF-AR-10002672,Singapore Warehouse,431.0,86.0,In Stock,2026-07-20
OFF-PA-10004923,Singapore Warehouse,394.0,78.0,In Stock,2026-07-20
OFF-AR-10000974,Singapore Warehouse,354.0,70.0,In Stock,2026-07-20
OFF-FEL-10001792,Singapore Warehouse,478.0,95.0,In Stock,2026-07-20
OFF-ST-10002289,Singapore Warehouse,462.0,92.0,In Stock,2026-07-20
TEC-PH-10002293,Chicago Warehouse,213.0,42.0,In Stock,2026-07-20
OFF-ST-10003409,Singapore Warehouse,250.0,50.0,In Stock,2026-07-20
OFF-LA-10004859,Singapore Warehouse,252.0,50.0,In Stock,2026-07-20
TEC-PH-10004057,Chicago Warehouse,108.0,21.0,In Stock,2026-07-20
OFF-AR-10001622,Singapore Warehouse,422.0,84.0,In Stock,2026-07-20
OFF-AR-10003958,Singapore Warehouse,325.0,65.0,In Stock,2026-07-20
OFF-EN-10002427,Singapore Warehouse,234.0,46.0,In Stock,2026-07-20
FUR-SAU-10003694,Rotterdam Warehouse,97.0,19.0,In Stock,2026-07-20
OFF-PA-10003907,Singapore Warehouse,217.0,43.0,IN STOCK,2026-07-20
OFF-ST-10000604,Singapore Warehouse,302.0,60.0,In Stock,2026-07-20
OFF-ST-10004597,Singapore Warehouse,443.0,88.0,In Stock,2026-07-20
OFF-PA-10004733,Singapore Warehouse,353.0,70.0,In Stock,2026-07-20
TEC-MA-10002927,Chicago Warehouse,216.0,43.0,In Stock,2026-07-20
OFF-BI-10004141,Singapore Warehouse,343.0,68.0,IN STOCK,2026-07-20
OFF-FA-10003929,Singapore Warehouse,374.0,74.0,In Stock,2026-07-20
OFF-ACC-10003422,Singapore Warehouse ,,47.0,In Stock,2026-07-20
TEC-PH-10001076,Chicago Warehouse,189.0,37.0,In Stock,2026-07-20
FUR-BO-10004670,Rotterdam Warehouse,64.0,12.0,In Stock,2026-07-20
FUR-FU-10001731,Rotterdam Warehouse,72.0,14.0,In Stock,2026-07-20
TEC-PH-10003484,Chicago Warehouse,248.0,49.0,In Stock,2026-07-20
OFF-AR-10000452,Singapore Warehouse,378.0,75.0,In Stock,2026-07-20
FUR-FU-10002170,Rotterdam Warehouse,80.0,16.0,In Stock,2026-07-20
OFF-BI-10001107,Singapore Warehouse,448.0,89.0,In Stock,2026-07-20
TEC-AC-10000866,Chicago Warehouse,173.0,34.0,In Stock,2026-07-20
TEC-PH-10001573,Chicago Warehouse,127.0,25.0,,2026-07-20
TEC-AC-10000682,Chicago Warehouse,98.0,19.0,In Stock,2026-07-20
FUR-CH-10001465,Rotterdam Warehouse,113.0,22.0,In Stock,2026-07-20
TEC-CO-10002108,Chicago Warehouse,147.0,29.0,In Stock,2026-07-20
TEC-PH-10001382,Chicago Warehouse,151.0,30.0,In Stock,2026-07-20
TEC-CO-10001275,Chicago Warehouse,153.0,30.0,In Stock,2026-07-20
TEC-CO-10004481,Chicago Warehouse,104.0,20.0,In Stock,2026-07-20
FUR-SAF-10002400,Rotterdam Warehouse,66.0,13.0,In Stock,2026-07-20
OFF-AVE-10000110,Singapore Warehouse,472.0,94.0,In Stock,2026-07-20
FUR-FU-10002874,Rotterdam Warehouse,58.0,11.0,In Stock,2026-07-20
TEC-AC-10001278,Chicago Warehouse,231.0,,In Stock,2026-07-20
OFF-ST-10001809,Singapore Warehouse,389.0,77.0,In Stock,2026-07-20
OFF-AP-10004571,Singapore Warehouse,434.0,86.0,In Stock,2026-07-20
FUR-FU-10000641,Rotterdam Warehouse,74.0,14.0,In Stock,2026-07-20
OFF-AR-10003046,Singapore Warehouse,339.0,67.0,In Stock,2026-07-20
FUR-BO-10002906,Rotterdam Warehouse,131.0,26.0,In Stock,2026-07-20
OFF-EN-10003669,Singapore Warehouse,202.0,40.0,In Stock,2026-07-20
TEC-MA-10004502,Chicago Warehouse,169.0,33.0,IN STOCK,2026-07-20
TEC-MA-10004428,Chicago Warehouse,231.0,46.0,In Stock,2026-07-20
FUR-NOV-10000123,Rotterdam Warehouse,124.0,24.0,In Stock,2026-07-20
OFF-SU-10004077,Singapore Warehouse,373.0,74.0,In Stock,2026-07-20
TEC-CAN-10004839,Chicago Warehouse,219.0,43.0,In Stock,2026-07-20
OFF-EN-10000315,Singapore Warehouse,215.0,43.0,In Stock,2026-07-20
TEC-PH-10001527,Chicago Warehouse,81.0,16.0,In Stock,2026-07-20
OFF-SU-10002402,Singapore Warehouse,483.0,96.0,In Stock,2026-07-20
OFF-AR-10000184,Singapore Warehouse,422.0,84.0,In Stock,2026-07-20
FUR-TA-10001726,Rotterdam Warehouse,76.0,15.0,In Stock,2026-07-20
OFF-PA-10003002,Singapore Warehouse,490.0,98.0,In Stock,2026-07-20
OFF-SU-10001686,Singapore Warehouse,237.0,47.0,In Stock,2026-07-20
OFF-PA-10001850,Singapore Warehouse,415.0,83.0,In Stock,2026-07-20
OFF-LA-10004430,Singapore Warehouse,450.0,90.0,In Stock,2026-07-20
OFF-PA-10000176,Singapore Warehouse,349.0,69.0,In Stock,2026-07-20
OFF-BRE-10001107,Singapore Warehouse,365.0,73.0,In Stock,2026-07-20
TEC-CO-10001893,Chicago Warehouse,142.0,28.0,In Stock,2026-07-20
OFF-BI-10002841,Singapore Warehouse,207.0,41.0,In Stock,2026-07-20
OFF-FA-10003782,Singapore Warehouse,432.0,86.0,In Stock,2026-07-20
OFF-AP-10004226,Singapore Warehouse,441.0,88.0,In Stock,2026-07-20
OFF-LA-10001831,Singapore Warehouse,337.0,67.0,In Stock,2026-07-20
OFF-BI-10001685,Singapore Warehouse,296.0,59.0,In Stock,2026-07-20
OFF-EN-10003630,Singapore Warehouse,312.0,62.0,In Stock,2026-07-20
FUR-CHR-10002686,Rotterdam Warehouse,81.0,16.0,In Stock,2026-07-20
FUR-CH-10004218,Rotterdam Warehouse,63.0,12.0,In Stock,2026-07-20
FUR-CH-10001784,Rotterdam Warehouse,86.0,17.0,In Stock,2026-07-20
TEC-MOT-10002372,Chicago Warehouse,150.0,30.0,In Stock,2026-07-20
OFF-LA-10001067,Singapore Warehouse,318.0,63.0,In Stock,2026-07-20
TEC-PH-10002708,Chicago Warehouse,189.0,37.0,In Stock,2026-07-20
OFF-SU-10000776,Singapore Warehouse,268.0,53.0,In Stock,2026-07-20
OFF-AP-10003057,Singapore Warehouse,389.0,77.0,In Stock,2026-07-20
TEC-PH-10004196,Chicago Warehouse,226.0,45.0,In Stock,2026-07-20
OFF-FA-10000522,Singapore Warehouse ,468.0,93.0,In Stock,2026-07-20
OFF-AP-10001847,Singapore Warehouse,224.0,44.0,In Stock,2026-07-20
OFF-EN-10004759,Singapore Warehouse,384.0,76.0,In Stock,2026-07-20
OFF-AR-10004027,Singapore Warehouse,278.0,55.0,In Stock,2026-07-20
FUR-FU-10000204,Rotterdam Warehouse,146.0,29.0,In Stock,2026-07-20
FUR-CH-10004536,Rotterdam Warehouse,129.0,25.0,In Stock,2026-07-20
OFF-PA-10002218,Singapore Warehouse,,78.0,In Stock,2026-07-20
TEC-NOK-10001319,Chicago Warehouse,125.0,25.0,In Stock,2026-07-20
TEC-CO-10001766,Chicago Warehouse,112.0,22.0,In Stock,2026-07-20
OFF-BIN-10001257,Singapore Warehouse,234.0,46.0,In Stock,20/07/2026
OFF-EN-10003544,,311.0,,In Stock,2026-07-20
OFF-AR-10004151,Singapore Warehouse,354.0,70.0,In Stock,2026-07-20
TEC-PH-10000004,Chicago Warehouse,162.0,32.0,In Stock,2026-07-20
TEC-AC-10004849,Chicago Warehouse,135.0,27.0,In Stock,2026-07-20
FUR-CH-10001553,Rotterdam Warehouse,130.0,26.0,In Stock,2026-07-20
OFF-BI-10004330,Singapore Warehouse,235.0,47.0,In Stock,2026-07-20
FUR-CH-10004642,Rotterdam Warehouse,78.0,15.0,In Stock,2026-07-20
OFF-KLE-10002869,Singapore Warehouse,274.0,54.0,In Stock,2026-07-20
FUR-FU-10003374,Rotterdam Warehouse,54.0,10.0,In Stock,2026-07-20
FUR-FU-10003829,Rotterdam Warehouse,64.0,12.0,In Stock,2026-07-20
FUR-FU-10004666,Rotterdam Warehouse,70.0,14.0,In Stock,2026-07-20
OFF-SU-10003105,Singapore Warehouse,206.0,41.0,IN STOCK,2026-07-20
FUR-CH-10003580,Rotterdam Warehouse,67.0,13.0,In Stock,2026-07-20
OFF-AR-10000614,Singapore Warehouse,247.0,49.0,In Stock,2026-07-20
OFF-BI-10003708,Singapore Warehouse,-390.0,78.0,In Stock,2026-07-20
OFF-ST-10000430,,307.0,61.0,In Stock,2026-07-20
OFF-AR-10000444,Singapore Warehouse,343.0,-68.0,In Stock,2026-07-20
OFF-ST-10003334,Singapore Warehouse,448.0,89.0,In Stock,2026-07-20
FUR-TA-10004256,Rotterdam Warehouse,144.0,28.0,In Stock,2026-07-20
OFF-SME-10000538,Singapore Warehouse,300.0,60.0,In Stock,2026-07-20
FUR-CH-10004997,,84.0,16.0,IN STOCK,2026-07-20
FUR-CH-10004860,Rotterdam Warehouse,109.0,21.0,In Stock,2026-07-20
OFF-BI-10000968,Singapore Warehouse,261.0,52.0,In Stock,20/07/2026
FUR-HAR-10001089,Rotterdam Warehouse,130.0,26.0,In Stock,2026-07-20
TEC-CIS-10001717,Chicago Warehouse,84.0,16.0,In Stock,2026-07-20
TEC-CO-10001419,Chicago Warehouse,104.0,20.0,In Stock,2026-07-20
OFF-EN-10004956,Singapore Warehouse,440.0,88.0,In Stock,20/07/2026
TEC-PH-10000912,Chicago Warehouse,97.0,19.0,In Stock,2026-07-20
OFF-ST-10004365,Singapore Warehouse,385.0,77.0,In Stock,2026-07-20
TEC-AC-10001274,Chicago Warehouse,144.0,28.0,In Stock,2026-07-20
TEC-MA-10003349,,95.0,19.0,In Stock,2026-07-20
FUR-CH-10000068,Rotterdam Warehouse,106.0,21.0,In Stock,2026-07-20
OFF-AP-10003298,Singapore Warehouse,246.0,49.0,In Stock,2026-07-20
OFF-ACM-10003510,Singapore Warehouse,489.0,97.0,In Stock,20/07/2026
FUR-BO-10002289,Rotterdam Warehouse,90.0,,In Stock,2026-07-20
OFF-BI-10001266,Singapore Warehouse,253.0,50.0,In Stock,2026-07-20
FUR-BO-10001385,Rotterdam Warehouse,55.0,11.0,In Stock,2026-07-20
OFF-AR-10003592,Singapore Warehouse,405.0,81.0,In Stock,2026-07-20
FUR-CH-10003061,Rotterdam Warehouse,121.0,24.0,In Stock,2026-07-20
FUR-BO-10003408,Rotterdam Warehouse,103.0,20.0,In Stock,2026-07-20
OFF-LA-10004916,Singapore Warehouse,436.0,87.0,In Stock,2026-07-20
OFF-PA-10001968,Singapore Warehouse,258.0,51.0,In Stock,2026-07-20
TEC-PH-10003325,Chicago Warehouse,189.0,37.0,In Stock,2026-07-20
OFF-AR-10002144,Singapore Warehouse,461.0,92.0,In Stock,2026-07-20
OFF-FA-10003789,Singapore Warehouse ,468.0,93.0,In Stock,2026-07-20
OFF-BI-10001058,Singapore Warehouse,256.0,51.0,In Stock,2026-07-20
OFF-PA-10003365,Singapore Warehouse,498.0,99.0,In Stock,2026-07-20
OFF-LA-10003923,Singapore Warehouse,459.0,91.0,In Stock,2026-07-20
TEC-AC-10000332,Chicago Warehouse,178.0,35.0,In Stock,2026-07-20
OFF-BI-10003476,Singapore Warehouse,366.0,73.0,In Stock,2026-07-20
OFF-LA-10002674,Singapore Warehouse,366.0,73.0,In Stock,2026-07-20
OFF-BI-10000029,Singapore Warehouse,236.0,47.0,In Stock,2026-07-20
OFF-NOV-10004048,Singapore Warehouse,469.0,93.0,In Stock,2026-07-20
FUR-FU-10000306,Rotterdam Warehouse,114.0,22.0,In Stock,2026-07-20
OFF-PA-10003893,Singapore Warehouse,460.0,92.0,In Stock,2026-07-20
TEC-BRO-10004184,Chicago Warehouse,225.0,45.0,IN STOCK,2026-07-20
FUR-TA-10002833,Rotterdam Warehouse,50.0,10.0,In Stock,2026-07-20
TEC-MA-10002686,Chicago Warehouse,101.0,20.0,In Stock,2026-07-20
FUR-IKE-10000649,Rotterdam Warehouse,86.0,17.0,In Stock,2026-07-20
OFF-STA-10000054,Singapore Warehouse,470.0,94.0,In Stock,2026-07-20
OFF-AR-10004441,Singapore Warehouse,450.0,90.0,In Stock,2026-07-20
TEC-PH-10003963,Chicago Warehouse,222.0,44.0,In Stock,2026-07-20
OFF-ST-10000934,Singapore Warehouse,398.0,79.0,In Stock,20/07/2026
OFF-FA-10000091,Singapore Warehouse,279.0,55.0,In Stock,2026-07-20
OFF-SU-10000216,Singapore Warehouse,236.0,47.0,In Stock,2026-07-20
OFF-AR-10004485,Singapore Warehouse,254.0,50.0,In Stock,2026-07-20
FUR-TA-10003569,Rotterdam Warehouse,99.0,19.0,In Stock,2026-07-20
FUR-FU-10000674,Rotterdam Warehouse,117.0,23.0,In Stock,2026-07-20
FUR-TA-10002519,Rotterdam Warehouse,113.0,22.0,In Stock,20/07/2026
OFF-FA-10003885,Singapore Warehouse,423.0,84.0,In Stock,2026-07-20
OFF-ST-10001172,Singapore Warehouse,234.0,46.0,IN STOCK,2026-07-20
OFF-ST-10001222,Singapore Warehouse,437.0,87.0,In Stock,2026-07-20
FUR-FU-10003855,Rotterdam Warehouse,94.0,18.0,In Stock,2026-07-20
OFF-BRE-10000391,Singapore Warehouse,297.0,59.0,In Stock,2026-07-20
OFF-AP-10003210,Singapore Warehouse,369.0,73.0,In Stock,2026-07-20
OFF-EN-10002490,Singapore Warehouse,461.0,92.0,In Stock,2026-07-20
TEC-AC-10000657,Chicago Warehouse,177.0,35.0,In Stock,2026-07-20
FUR-TA-10001494,Rotterdam Warehouse,65.0,13.0,In Stock,2026-07-20
TEC-AC-10002204,Chicago Warehouse,125.0,25.0,In Stock,20/07/2026
OFF-EN-10003728,Singapore Warehouse,438.0,87.0,In Stock,2026-07-20
TEC-PH-10000730,Chicago Warehouse,107.0,21.0,In Stock,2026-07-20
TEC-MA-10003856,Chicago Warehouse,84.0,16.0,In Stock,20/07/2026
OFF-BI-10001815,Singapore Warehouse,431.0,86.0,In Stock,2026-07-20
FUR-TA-10004619,Rotterdam Warehouse,144.0,28.0,In Stock,2026-07-20
TEC-AC-10003023,Chicago Warehouse,224.0,44.0,In Stock,2026-07-20
OFF-PA-10000143,Singapore Warehouse,494.0,98.0,In Stock,2026-07-20
OFF-SU-10004317,Singapore Warehouse,374.0,74.0,In Stock,2026-07-20
FUR-OFF-10001798,Rotterdam Warehouse,141.0,28.0,In Stock,
TEC-ENE-10000235,Chicago Warehouse,124.0,24.0,In Stock,2026-07-20
OFF-PA-10000354,Singapore Warehouse,314.0,62.0,In Stock,2026-07-20
OFF-HAR-10004011,Singapore Warehouse,427.0,85.0,In Stock,2026-07-20
FUR-FU-10001902,Rotterdam Warehouse,118.0,23.0,In Stock,2026-07-20
TEC-CO-10004928,Chicago Warehouse,131.0,26.0,In Stock,2026-07-20
OFF-EN-10001480,Singapore Warehouse,288.0,57.0,In Stock,2026-07-20
FUR-FU-10001169,Rotterdam Warehouse,129.0,25.0,In Stock,2026-07-20
TEC-AC-10001047,Chicago Warehouse,217.0,43.0,In Stock,2026-07-20
OFF-AR-10002060,Singapore Warehouse,498.0,99.0,In Stock,2026-07-20
FUR-FU-10000921,Rotterdam Warehouse,147.0,29.0,In Stock,2026-07-20
OFF-FA-10001718,Singapore Warehouse,304.0,60.0,In Stock,2026-07-20
FUR-DAN-10004510,Rotterdam Warehouse,102.0,,In Stock,2026-07-20
TEC-ENE-10002686,Chicago Warehouse,128.0,,In Stock,2026-07-20
FUR-BO-10001679,Rotterdam Warehouse,144.0,28.0,In Stock,2026-07-20
FUR-SAF-10002112,Rotterdam Warehouse,132.0,26.0,In Stock,2026-07-20
FUR-FU-10003725,Rotterdam Warehouse,106.0,21.0,In Stock,2026-07-20
OFF-BI-10001400,Singapore Warehouse,409.0,81.0,IN STOCK,2026-07-20
OFF-SAN-10002839,Singapore Warehouse,,67.0,In Stock,2026-07-20
OFF-FA-10002637,Singapore Warehouse,243.0,48.0,In Stock,2026-07-20
OFF-LA-10004543,Singapore Warehouse,332.0,66.0,In Stock,2026-07-20
FUR-TA-10000075,Rotterdam Warehouse,129.0,25.0,In Stock,2026-07-20
FUR-CH-10003419,Rotterdam Warehouse,73.0,14.0,IN STOCK,2026-07-20
OFF-PA-10004082,Singapore Warehouse,341.0,68.0,In Stock,2026-07-20
TEC-CO-10000956,Chicago Warehouse,140.0,28.0,In Stock,2026-07-20
TEC-BRO-10003380,Chicago Warehouse,127.0,25.0,In Stock,2026-07-20
TEC-APP-10004464,Chicago Warehouse,80.0,16.0,In Stock,2026-07-20
OFF-ST-10004802,Singapore Warehouse,432.0,86.0,In Stock,2026-07-20
OFF-AR-10001898,Singapore Warehouse,489.0,97.0,In Stock,2026-07-20
OFF-AR-10000940,Singapore Warehouse,484.0,96.0,In Stock,2026-07-20
OFF-BI-10000563,Singapore Warehouse,426.0,85.0,In Stock,2026-07-20
FUR-SAF-10004426,Rotterdam Warehouse,132.0,26.0,In Stock,20/07/2026
OFF-EAT-10000820,Singapore Warehouse,388.0,77.0,In Stock,2026-07-20
OFF-AP-10001335,Singapore Warehouse,446.0,89.0,In Stock,2026-07-20
TEC-MA-10003337,Chicago Warehouse,148.0,29.0,IN STOCK,2026-07-20
TEC-MA-10002118,Chicago Warehouse,175.0,35.0,In Stock,2026-07-20
FUR-ADV-10002329,Rotterdam Warehouse,71.0,14.0,In Stock,2026-07-20
OFF-HOO-10002715,Singapore Warehouse,348.0,,In Stock,2026-07-20
OFF-BI-10001384,,382.0,76.0,In Stock,2026-07-20
TEC-AC-10004018,Chicago Warehouse,196.0,39.0,IN STOCK,2026-07-20
OFF-BIN-10004569,Singapore Warehouse,314.0,62.0,In Stock,2026-07-20
FUR-CH-10003746,Rotterdam Warehouse,67.0,13.0,In Stock,2026-07-20
OFF-EN-10001533,Singapore Warehouse,320.0,64.0,In Stock,2026-07-20
FUR-TA-10002958,Rotterdam Warehouse,51.0,10.0,In Stock,2026-07-20
OFF-PA-10000100,Singapore Warehouse,499.0,99.0,In Stock,2026-07-20
TEC-CO-10003597,Chicago Warehouse,86.0,17.0,In Stock,2026-07-20
TEC-CO-10001741,Chicago Warehouse,110.0,22.0,In Stock,2026-07-20
OFF-BI-10001679,Singapore Warehouse,286.0,57.0,In Stock,2026-07-20
TEC-MA-10001080,Chicago Warehouse,124.0,24.0,In Stock,2026-07-20
OFF-BI-10004334,Singapore Warehouse,367.0,73.0,IN STOCK,2026-07-20
FUR-FU-10002170,Rotterdam Warehouse,140.0,28.0,In Stock,2026-07-20
TEC-CO-10000972,Chicago Warehouse,161.0,32.0,In Stock,2026-07-20
TEC-SHA-10002034,,187.0,37.0,In Stock,2026-07-20
OFF-AP-10003278,Singapore Warehouse,390.0,78.0,In Stock,2026-07-20
FUR-BO-10001831,Rotterdam Warehouse,95.0,19.0,In Stock,2026-07-20
OFF-ST-10003953,Singapore Warehouse,347.0,69.0,In Stock,2026-07-20
OFF-FA-10002992,Singapore Warehouse,474.0,94.0,In Stock,2026-07-20
TEC-CO-10003471,Chicago Warehouse,241.0,48.0,In Stock,2026-07-20
OFF-ST-10000288,Singapore Warehouse,480.0,96.0,In Stock,2026-07-20
TEC-PAN-10003688,Chicago Warehouse,243.0,48.0,In Stock,2026-07-20
OFF-ST-10003102,Singapore Warehouse,262.0,52.0,In Stock,2026-07-20
OFF-ST-10000991,Singapore Warehouse,222.0,44.0,In Stock,2026-07-20
OFF-FA-10003218,Singapore Warehouse,,81.0,In Stock,2026-07-20
OFF-SU-10001351,Singapore Warehouse,240.0,48.0,In Stock,2026-07-20
TEC-SHA-10000052,Chicago Warehouse,144.0,28.0,In Stock,2026-07-20
FUR-FU-10001933,Rotterdam Warehouse,104.0,20.0,In Stock,2026-07-20
OFF-IBI-10003422,Singapore Warehouse,306.0,61.0,In Stock,2026-07-20
FUR-CH-10003026,Rotterdam Warehouse,87.0,17.0,In Stock,2026-07-20
FUR-CH-10004910,Rotterdam Warehouse,90.0,18.0,,2026-07-20
FUR-LES-10004098,Rotterdam Warehouse,91.0,18.0,In Stock,2026-07-20
OFF-EN-10002522,Singapore Warehouse,448.0,89.0,In Stock,2026-07-20
FUR-FU-10003052,Rotterdam Warehouse,115.0,23.0,In Stock,2026-07-20
FUR-TA-10003307,Rotterdam Warehouse,136.0,27.0,In Stock,2026-07-20
OFF-PA-10001166,Singapore Warehouse,474.0,94.0,In Stock,2026-07-20
FUR-BUS-10002138,Rotterdam Warehouse,133.0,26.0,In Stock,2026-07-20
OFF-FEL-10001405,Singapore Warehouse,426.0,85.0,In Stock,2026-07-20
OFF-ST-10002670,Singapore Warehouse,450.0,90.0,In Stock,2026-07-20
TEC-MA-10001305,Chicago Warehouse,109.0,21.0,In Stock,20/07/2026
OFF-SU-10000375,Singapore Warehouse,417.0,83.0,In Stock,2026-07-20
OFF-BI-10000397,Singapore Warehouse,216.0,43.0,In Stock,2026-07-20
OFF-EN-10003845,Singapore Warehouse,484.0,96.0,In Stock,2026-07-20
OFF-BI-10004442,Singapore Warehouse,220.0,44.0,In Stock,2026-07-20
OFF-PA-10003784,Singapore Warehouse,260.0,52.0,In Stock,2026-07-20
OFF-ST-10002619,Singapore Warehouse ,282.0,56.0,In Stock,2026-07-20
TEC-CO-10001725,Chicago Warehouse,169.0,33.0,In Stock,2026-07-20
OFF-AR-10001525,Singapore Warehouse,461.0,92.0,In Stock,2026-07-20
OFF-AP-10003622,Singapore Warehouse,385.0,77.0,In Stock,2026-07-20
TEC-AC-10004171,Chicago Warehouse,102.0,20.0,In Stock,2026-07-20
FUR-HAR-10000334,Rotterdam Warehouse,149.0,29.0,In Stock,2026-07-20
FUR-BO-10000807,Rotterdam Warehouse,95.0,19.0,,2026-07-20
OFF-ST-10004350,Singapore Warehouse,342.0,68.0,In Stock,2026-07-20
TEC-MA-10000858,Chicago Warehouse,222.0,44.0,In Stock,2026-07-20
OFF-BI-10003784,Singapore Warehouse,371.0,74.0,,2026-07-20
OFF-LA-10002876,Singapore Warehouse,306.0,61.0,In Stock,2026-07-20
OFF-EN-10000139,Singapore Warehouse,313.0,62.0,In Stock,2026-07-20
FUR-FU-10004671,Rotterdam Warehouse,143.0,28.0,In Stock,2026-07-20
OFF-BI-10002309,Singapore Warehouse,457.0,91.0,In Stock,2026-07-20
TEC-PH-10000439,Chicago Warehouse,102.0,20.0,In Stock,2026-07-20
FUR-FU-10002168,Rotterdam Warehouse,137.0,27.0,In Stock,2026-07-20
OFF-FA-10002782,Singapore Warehouse,499.0,99.0,In Stock,2026-07-20
OFF-ST-10000676,Singapore Warehouse,497.0,99.0,IN STOCK,2026-07-20
OFF-FA-10004799,Singapore Warehouse,472.0,94.0,In Stock,
OFF-PA-10002394,Singapore Warehouse,224.0,44.0,In Stock,2026-07-20
TEC-AC-10003327,Chicago Warehouse,116.0,23.0,In Stock,2026-07-20
FUR-FU-10000702,Rotterdam Warehouse,125.0,25.0,In Stock,2026-07-20
OFF-BI-10001568,Singapore Warehouse,280.0,56.0,In Stock,2026-07-20
TEC-PH-10001424,Chicago Warehouse,184.0,36.0,In Stock,2026-07-20
FUR-BO-10004219,Rotterdam Warehouse,110.0,22.0,In Stock,2026-07-20
FUR-ELD-10000301,Rotterdam Warehouse,83.0,16.0,In Stock,2026-07-20
OFF-SME-10001718,Singapore Warehouse,316.0,63.0,In Stock,2026-07-20
OFF-BRE-10000493,Singapore Warehouse,458.0,91.0,In Stock,2026-07-20
OFF-PA-10000246,Singapore Warehouse,329.0,65.0,IN STOCK,2026-07-20
OFF-AP-10002945,Singapore Warehouse,205.0,41.0,In Stock,20/07/2026
FUR-FU-10003217,Rotterdam Warehouse,126.0,25.0,In Stock,2026-07-20
FUR-FU-10001488,Rotterdam Warehouse,67.0,13.0,In Stock,2026-07-20
OFF-AP-10003524,Singapore Warehouse,223.0,44.0,In Stock,2026-07-20
FUR-BO-10004445,Rotterdam Warehouse,103.0,20.0,In Stock,2026-07-20
OFF-BI-10002977,Singapore Warehouse,,57.0,In Stock,2026-07-20
OFF-AP-10000800,Singapore Warehouse,322.0,64.0,In Stock,2026-07-20
OFF-AR-10000034,Singapore Warehouse,415.0,83.0,In Stock,2026-07-20
OFF-AP-10000692,Singapore Warehouse,228.0,45.0,In Stock,2026-07-20
OFF-LA-10004462,Singapore Warehouse,366.0,73.0,In Stock,2026-07-20
OFF-AP-10003598,Singapore Warehouse,309.0,61.0,In Stock,2026-07-20
OFF-ELI-10003277,Singapore Warehouse,406.0,81.0,In Stock,2026-07-20
OFF-KLE-10002292,Singapore Warehouse,291.0,58.0,In Stock,2026-07-20
OFF-PA-10002585,Singapore Warehouse,431.0,86.0,In Stock,2026-07-20
OFF-BI-10003188,Singapore Warehouse,418.0,83.0,In Stock,2026-07-20
OFF-PA-10000776,Singapore Warehouse,286.0,57.0,In Stock,2026-07-20
TEC-BRO-10002345,Chicago Warehouse,187.0,37.0,In Stock,2026-07-20
FUR-CH-10003842,Rotterdam Warehouse,150.0,30.0,In Stock,2026-07-20
OFF-SU-10002032,Singapore Warehouse,238.0,47.0,In Stock,2026-07-20
OFF-EN-10003770,Singapore Warehouse,334.0,66.0,In Stock,20/07/2026
FUR-BUS-10000984,Rotterdam Warehouse,112.0,22.0,In Stock,2026-07-20
FUR-TA-10004748,Rotterdam Warehouse ,84.0,16.0,In Stock,2026-07-20
TEC-AC-10004951,Chicago Warehouse,151.0,30.0,In Stock,2026-07-20
OFF-SU-10004290,Singapore Warehouse,222.0,44.0,In Stock,2026-07-20
OFF-EN-10002119,Singapore Warehouse,369.0,73.0,In Stock,2026-07-20
FUR-CH-10004065,Rotterdam Warehouse,79.0,15.0,IN STOCK,2026-07-20
OFF-PA-10001947,Singapore Warehouse,311.0,62.0,In Stock,2026-07-20
FUR-TA-10003583,Rotterdam Warehouse,51.0,10.0,IN STOCK,2026-07-20
TEC-CO-10003420,Chicago Warehouse,,47.0,In Stock,2026-07-20
OFF-LA-10001444,Singapore Warehouse,332.0,66.0,,2026-07-20
TEC-AC-10004880,Chicago Warehouse,151.0,30.0,In Stock,2026-07-20
OFF-EN-10000383,Singapore Warehouse,459.0,91.0,In Stock,2026-07-20
FUR-CH-10001802,Rotterdam Warehouse,57.0,11.0,In Stock,2026-07-20
OFF-FA-10003015,Singapore Warehouse,269.0,53.0,In Stock,20/07/2026
OFF-AP-10003615,Singapore Warehouse,326.0,65.0,In Stock,2026-07-20
OFF-AVE-10001847,Singapore Warehouse,394.0,78.0,In Stock,2026-07-20
FUR-DEF-10000384,Rotterdam Warehouse,106.0,21.0,In Stock,2026-07-20
OFF-AR-10004148,Singapore Warehouse,474.0,94.0,In Stock,2026-07-20
TEC-PH-10001921,Chicago Warehouse ,231.0,46.0,In Stock,2026-07-20
FUR-CH-10002498,Rotterdam Warehouse,104.0,20.0,In Stock,2026-07-20
FUR-TA-10000855,Rotterdam Warehouse,120.0,24.0,In Stock,2026-07-20
FUR-ELD-10002511,Rotterdam Warehouse,117.0,23.0,In Stock,2026-07-20
OFF-ST-10004374,Singapore Warehouse,446.0,89.0,In Stock,2026-07-20
TEC-AC-10001075,Chicago Warehouse,97.0,19.0,In Stock,2026-07-20
FUR-HON-10000191,Rotterdam Warehouse,111.0,22.0,In Stock,2026-07-20
TEC-OKI-10001385,Chicago Warehouse,161.0,32.0,In Stock,2026-07-20
OFF-BI-10001765,Singapore Warehouse,210.0,42.0,In Stock,2026-07-20
OFF-ADV-10000331,Singapore Warehouse,326.0,65.0,In Stock,2026-07-20
FUR-BO-10004199,Rotterdam Warehouse,108.0,21.0,In Stock,2026-07-20
TEC-PH-10004509,Chicago Warehouse,170.0,34.0,In Stock,2026-07-20
OFF-AR-10000347,Singapore Warehouse,489.0,97.0,IN STOCK,2026-07-20
OFF-FA-10004359,Singapore Warehouse,229.0,45.0,In Stock,2026-07-20
OFF-AP-10003588,Singapore Warehouse,231.0,46.0,In Stock,2026-07-20
OFF-BRE-10003295,Singapore Warehouse,498.0,99.0,In Stock,2026-07-20
OFF-AP-10001005,Singapore Warehouse,353.0,70.0,In Stock,2026-07-20
OFF-ST-10002530,Singapore Warehouse,382.0,76.0,In Stock,2026-07-20
TEC-AC-10002257,Chicago Warehouse,202.0,40.0,In Stock,2026-07-20
TEC-PH-10004006,Chicago Warehouse,147.0,,In Stock,2026-07-20
TEC-CO-10001472,Chicago Warehouse,213.0,42.0,In Stock,2026-07-20
OFF-EN-10003271,Singapore Warehouse,288.0,57.0,In Stock,2026-07-20
OFF-AR-10002375,Singapore Warehouse ,499.0,99.0,In Stock,2026-07-20
FUR-CH-10003608,Rotterdam Warehouse,53.0,10.0,In Stock,2026-07-20
OFF-HOO-10003653,Singapore Warehouse,243.0,48.0,In Stock,2026-07-20
OFF-FA-10002791,Singapore Warehouse,492.0,98.0,In Stock,2026-07-20
OFF-FA-10004449,Singapore Warehouse,333.0,66.0,In Stock,20/07/2026
OFF-LA-10000692,Singapore Warehouse,262.0,52.0,In Stock,2026-07-20
FUR-TA-10001090,Rotterdam Warehouse,89.0,17.0,In Stock,2026-07-20
OFF-BI-10001744,Singapore Warehouse,343.0,68.0,In Stock,2026-07-20
FUR-BO-10001892,Rotterdam Warehouse,145.0,29.0,In Stock,2026-07-20
OFF-SU-10004246,Singapore Warehouse,479.0,95.0,In Stock,2026-07-20
FUR-FU-10003658,Rotterdam Warehouse,138.0,27.0,In Stock,20/07/2026
TEC-MA-10002864,Chicago Warehouse,247.0,49.0,In Stock,2026-07-20
TEC-CO-10001703,Chicago Warehouse,174.0,34.0,In Stock,2026-07-20
OFF-PA-10001289,Singapore Warehouse,433.0,86.0,In Stock,2026-07-20
TEC-PH-10000641,Chicago Warehouse,230.0,46.0,In Stock,2026-07-20
OFF-PA-10000318,Singapore Warehouse ,493.0,98.0,In Stock,2026-07-20
OFF-AR-10001953,Singapore Warehouse,323.0,64.0,In Stock,2026-07-20
FUR-BO-10003887,Rotterdam Warehouse,97.0,19.0,In Stock,2026-07-20
FUR-BO-10001390,Rotterdam Warehouse,79.0,15.0,In Stock,2026-07-20
FUR-FU-10000907,,109.0,21.0,In Stock,2026-07-20
TEC-MA-10003975,Chicago Warehouse,116.0,23.0,In Stock,2026-07-20
OFF-ST-10003293,Singapore Warehouse,284.0,56.0,In Stock,2026-07-20
TEC-CO-10000594,,212.0,42.0,In Stock,2026-07-20
OFF-AR-10004454,Singapore Warehouse,359.0,71.0,In Stock,2026-07-20
TEC-PH-10003770,Chicago Warehouse,237.0,47.0,In Stock,2026-07-20
OFF-BRE-10004073,Singapore Warehouse,243.0,48.0,In Stock,2026-07-20
OFF-HAM-10000983,Singapore Warehouse,355.0,71.0,In Stock,2026-07-20
TEC-AC-10000736,Chicago Warehouse,195.0,39.0,In Stock,2026-07-20
OFF-SU-10000877,Singapore Warehouse,420.0,84.0,In Stock,2026-07-20
OFF-FA-10001052,Singapore Warehouse,465.0,93.0,In Stock,2026-07-20
TEC-AC-10004241,Chicago Warehouse,208.0,41.0,In Stock,2026-07-20
TEC-STA-10001232,Chicago Warehouse,165.0,33.0,In Stock,2026-07-20
FUR-FU-10004952,Rotterdam Warehouse,145.0,29.0,In Stock,2026-07-20
FUR-FU-10004907,Rotterdam Warehouse,132.0,26.0,In Stock,2026-07-20
TEC-PH-10000441,Chicago Warehouse,163.0,32.0,In Stock,2026-07-20
TEC-MA-10001308,Chicago Warehouse,138.0,27.0,In Stock,2026-07-20
TEC-PH-10004880,Chicago Warehouse,142.0,28.0,In Stock,2026-07-20
OFF-LA-10001800,Singapore Warehouse,424.0,84.0,In Stock,2026-07-20
FUR-BO-10003386,Rotterdam Warehouse,,12.0,In Stock,2026-07-20
FUR-BO-10002866,Rotterdam Warehouse,121.0,24.0,In Stock,2026-07-20
FUR-FU-10001254,Rotterdam Warehouse,121.0,24.0,In Stock,2026-07-20
TEC-PH-10001494,Chicago Warehouse,227.0,45.0,In Stock,2026-07-20
FUR-DEF-10001477,Rotterdam Warehouse,,29.0,In Stock,2026-07-20
OFF-BI-10001359,Singapore Warehouse,231.0,46.0,In Stock,
OFF-ELI-10002337,Singapore Warehouse,452.0,90.0,In Stock,2026-07-20
OFF-LA-10001246,Singapore Warehouse,276.0,55.0,In Stock,2026-07-20
OFF-FA-10002017,Singapore Warehouse,303.0,60.0,In Stock,2026-07-20
TEC-AC-10003463,Chicago Warehouse,218.0,43.0,In Stock,
OFF-PA-10002333,Singapore Warehouse,471.0,94.0,In Stock,2026-07-20
OFF-EN-10004846,Singapore Warehouse,396.0,79.0,In Stock,2026-07-20
OFF-LA-10004559,Singapore Warehouse,222.0,44.0,In Stock,2026-07-20
FUR-BO-10003905,Rotterdam Warehouse,139.0,27.0,In Stock,2026-07-20
OFF-AR-10000091,Singapore Warehouse,372.0,74.0,In Stock,2026-07-20
OFF-BI-10003650,Singapore Warehouse,286.0,57.0,In Stock,2026-07-20
OFF-LA-10003121,Singapore Warehouse,374.0,74.0,In Stock,2026-07-20
TEC-PH-10004667,Chicago Warehouse,104.0,20.0,In Stock,2026-07-20
TEC-MA-10003223,Chicago Warehouse,160.0,32.0,IN STOCK,2026-07-20
OFF-BIN-10001385,Singapore Warehouse,424.0,84.0,In Stock,2026-07-20
OFF-AP-10001391,Singapore Warehouse,273.0,54.0,In Stock,2026-07-20
OFF-BI-10003985,Singapore Warehouse,421.0,84.0,In Stock,2026-07-20
OFF-LA-10002289,Singapore Warehouse,458.0,91.0,In Stock,2026-07-20
OFF-FA-10003879,Singapore Warehouse,488.0,97.0,In Stock,2026-07-20
FUR-CH-10000788,Rotterdam Warehouse,,14.0,In Stock,2026-07-20
FUR-BO-10003174,Rotterdam Warehouse,113.0,22.0,In Stock,2026-07-20
FUR-FU-10004619,Rotterdam Warehouse,132.0,26.0,In Stock,2026-07-20
TEC-MA-10003773,Chicago Warehouse,99.0,19.0,In Stock,2026-07-20
OFF-FA-10003815,Singapore Warehouse,330.0,66.0,In Stock,2026-07-20
TEC-MA-10004249,Chicago Warehouse,210.0,42.0,In Stock,2026-07-20
FUR-CH-10002304,Rotterdam Warehouse,81.0,16.0,IN STOCK,2026-07-20
OFF-NOV-10000512,Singapore Warehouse,323.0,64.0,In Stock,2026-07-20
TEC-MA-10000755,Chicago Warehouse,195.0,39.0,In Stock,2026-07-20
TEC-PH-10001061,Chicago Warehouse,183.0,36.0,In Stock,2026-07-20
OFF-ACM-10003278,Singapore Warehouse,405.0,81.0,In Stock,20/07/2026
TEC-PH-10000358,Chicago Warehouse,186.0,37.0,In Stock,2026-07-20
OFF-EN-10000755,Singapore Warehouse,271.0,54.0,In Stock,2026-07-20
FUR-TA-10002860,Rotterdam Warehouse,66.0,13.0,In Stock,2026-07-20
OFF-ST-10002042,Singapore Warehouse,217.0,43.0,In Stock,2026-07-20
TEC-LOG-10001123,Chicago Warehouse,80.0,16.0,In Stock,2026-07-20
FUR-FU-10000287,Rotterdam Warehouse,52.0,10.0,In Stock,2026-07-20
OFF-EN-10003316,Singapore Warehouse,286.0,57.0,In Stock,2026-07-20
OFF-ST-10001824,Singapore Warehouse,287.0,57.0,In Stock,2026-07-20
FUR-CH-10001114,Rotterdam Warehouse,104.0,,In Stock,2026-07-20
OFF-FA-10001800,Singapore Warehouse,483.0,96.0,In Stock,2026-07-20
OFF-ST-10000880,Singapore Warehouse,249.0,49.0,In Stock,2026-07-20
TEC-CAN-10001571,Chicago Warehouse,102.0,20.0,In Stock,2026-07-20
OFF-ST-10002608,Singapore Warehouse,428.0,85.0,In Stock,2026-07-20
OFF-SME-10004247,Singapore Warehouse,448.0,89.0,In Stock,2026-07-20
FUR-CHR-10001570,Rotterdam Warehouse,59.0,11.0,In Stock,2026-07-20
TEC-CO-10000534,Chicago Warehouse,201.0,40.0,,2026-07-20
OFF-SU-10004230,Singapore Warehouse,269.0,53.0,In Stock,2026-07-20
TEC-AC-10001500,Chicago Warehouse,94.0,18.0,In Stock,2026-07-20
TEC-PH-10001360,Chicago Warehouse,105.0,21.0,In Stock,2026-07-20
OFF-PA-10001294,Singapore Warehouse,500.0,100.0,In Stock,2026-07-20
TEC-MA-10001966,Chicago Warehouse,199.0,39.0,IN STOCK,2026-07-20
OFF-PA-10000961,Singapore Warehouse,387.0,77.0,In Stock,2026-07-20
OFF-FA-10001111,Singapore Warehouse,323.0,64.0,In Stock,2026-07-20
TEC-CO-10004343,Chicago Warehouse,145.0,29.0,IN STOCK,2026-07-20
OFF-SU-10003924,Singapore Warehouse,289.0,57.0,In Stock,2026-07-20
FUR-TA-10001676,Rotterdam Warehouse,51.0,10.0,In Stock,2026-07-20
OFF-LA-10002225,Singapore Warehouse,286.0,57.0,In Stock,2026-07-20
OFF-PA-10000824,Singapore Warehouse,308.0,61.0,In Stock,2026-07-20
OFF-BI-10003951,Singapore Warehouse,200.0,40.0,In Stock,2026-07-20
OFF-SAN-10001295,,383.0,76.0,In Stock,2026-07-20
TEC-CO-10000243,Chicago Warehouse,237.0,47.0,In Stock,2026-07-20
OFF-STA-10004327,Singapore Warehouse,255.0,51.0,In Stock,2026-07-20
OFF-AP-10004293,Singapore Warehouse,474.0,94.0,In Stock,2026-07-20
OFF-AR-10000467,Singapore Warehouse,243.0,48.0,In Stock,2026-07-20
TEC-KON-10002482,Chicago Warehouse ,181.0,36.0,In Stock,2026-07-20
TEC-AC-10002017,Chicago Warehouse,105.0,21.0,In Stock,2026-07-20
OFF-BI-10003314,Singapore Warehouse,260.0,52.0,In Stock,2026-07-20
OFF-SU-10001698,Singapore Warehouse,498.0,99.0,In Stock,
TEC-AC-10003217,Chicago Warehouse,154.0,30.0,In Stock,2026-07-20
OFF-ST-10003221,Singapore Warehouse ,274.0,54.0,In Stock,2026-07-20
OFF-BI-10004230,Singapore Warehouse,219.0,43.0,In Stock,2026-07-20
TEC-MA-10003557,Chicago Warehouse,242.0,48.0,IN STOCK,2026-07-20
FUR-TA-10000478,Rotterdam Warehouse,146.0,,In Stock,2026-07-20
OFF-LA-10002964,Singapore Warehouse,498.0,99.0,In Stock,2026-07-20
TEC-AC-10002134,Chicago Warehouse,204.0,40.0,In Stock,2026-07-20
OFF-AP-10000326,Singapore Warehouse,497.0,99.0,In Stock,2026-07-20
OFF-AR-10003077,Singapore Warehouse,363.0,72.0,In Stock,2026-07-20
FUR-BO-10002679,Rotterdam Warehouse,91.0,18.0,In Stock,2026-07-20
FUR-NOV-10000283,Rotterdam Warehouse,133.0,26.0,In Stock,2026-07-20
TEC-PH-10001835,Chicago Warehouse,,26.0,In Stock,2026-07-20
OFF-XER-10002256,Singapore Warehouse,340.0,68.0,In Stock,2026-07-20
TEC-AC-10004975,Chicago Warehouse,227.0,45.0,IN STOCK,2026-07-20
OFF-FA-10001724,Singapore Warehouse,373.0,74.0,In Stock,2026-07-20
OFF-LA-10002088,Singapore Warehouse,244.0,48.0,In Stock,2026-07-20
OFF-AR-10004739,Singapore Warehouse,365.0,73.0,In Stock,2026-07-20
TEC-PH-10004184,Chicago Warehouse,227.0,45.0,In Stock,2026-07-20
OFF-AP-10001076,Singapore Warehouse,491.0,98.0,In Stock,2026-07-20
OFF-LA-10004007,Singapore Warehouse,478.0,95.0,In Stock,2026-07-20
OFF-SU-10004802,Singapore Warehouse,344.0,68.0,In Stock,2026-07-20
FUR-DAN-10002846,Rotterdam Warehouse,62.0,12.0,In Stock,2026-07-20
TEC-CO-10002089,Chicago Warehouse,83.0,16.0,In Stock,2026-07-20
FUR-FU-10002486,Rotterdam Warehouse,119.0,23.0,In Stock,2026-07-20
OFF-ST-10001328,Singapore Warehouse,328.0,65.0,In Stock,2026-07-20
OFF-BI-10002225,Singapore Warehouse,387.0,77.0,In Stock,2026-07-20
OFF-BI-10002465,Singapore Warehouse,371.0,74.0,IN STOCK,2026-07-20
TEC-AC-10002629,Chicago Warehouse,127.0,25.0,In Stock,2026-07-20
OFF-FA-10000999,Singapore Warehouse,247.0,49.0,In Stock,2026-07-20
OFF-PA-10004156,Singapore Warehouse,424.0,84.0,In Stock,2026-07-20
OFF-AR-10000124,Singapore Warehouse ,205.0,41.0,In Stock,2026-07-20
TEC-AC-10004848,Chicago Warehouse,,38.0,In Stock,2026-07-20
TEC-AC-10001767,Chicago Warehouse,232.0,46.0,In Stock,
OFF-SAN-10000931,Singapore Warehouse,351.0,70.0,In Stock,2026-07-20
FUR-BO-10001392,Rotterdam Warehouse ,103.0,20.0,In Stock,2026-07-20
OFF-AR-10002486,Singapore Warehouse,298.0,59.0,In Stock,2026-07-20
TEC-MA-10002520,Chicago Warehouse,109.0,21.0,In Stock,2026-07-20
OFF-AR-10002331,Singapore Warehouse,488.0,97.0,In Stock,2026-07-20
TEC-MA-10004684,Chicago Warehouse,189.0,37.0,In Stock,2026-07-20
FUR-BO-10001196,Rotterdam Warehouse,84.0,16.0,In Stock,2026-07-20
OFF-PA-10001858,Singapore Warehouse,224.0,44.0,In Stock,2026-07-20
OFF-EN-10002410,Singapore Warehouse,488.0,97.0,In Stock,2026-07-20
FUR-TA-10003715,Rotterdam Warehouse,69.0,13.0,In Stock,2026-07-20
TEC-PH-10004700,Chicago Warehouse,128.0,25.0,In Stock,2026-07-20
OFF-PA-10003301,Singapore Warehouse,488.0,97.0,In Stock,2026-07-20
OFF-BI-10002718,Singapore Warehouse,382.0,76.0,In Stock,2026-07-20
OFF-AR-10000740,Singapore Warehouse,424.0,84.0,In Stock,2026-07-20
OFF-PA-10001595,Singapore Warehouse,451.0,90.0,In Stock,2026-07-20
OFF-AR-10000319,Singapore Warehouse,243.0,48.0,In Stock,2026-07-20
FUR-BUS-10000332,Rotterdam Warehouse,126.0,25.0,In Stock,2026-07-20
OFF-AR-10004651,Singapore Warehouse,295.0,59.0,In Stock,2026-07-20
OFF-LA-10001701,Singapore Warehouse,288.0,57.0,In Stock,2026-07-20
FUR-CH-10002212,Rotterdam Warehouse,122.0,24.0,In Stock,2026-07-20
OFF-HOO-10004910,Singapore Warehouse,327.0,65.0,In Stock,2026-07-20
FUR-CH-10002412,Rotterdam Warehouse,148.0,29.0,In Stock,2026-07-20
FUR-CH-10002693,Rotterdam Warehouse,133.0,26.0,,2026-07-20
TEC-PH-10002824,Chicago Warehouse,123.0,24.0,In Stock,2026-07-20
OFF-EN-10002600,Singapore Warehouse,389.0,,In Stock,2026-07-20
TEC-ENE-10000995,Chicago Warehouse,119.0,23.0,In Stock,2026-07-20
TEC-CO-10002550,Chicago Warehouse,188.0,37.0,,2026-07-20
TEC-PH-10002310,Chicago Warehouse,120.0,24.0,In Stock,2026-07-20
OFF-LA-10000818,Singapore Warehouse,228.0,45.0,In Stock,2026-07-20
FUR-FU-10001775,Rotterdam Warehouse,83.0,16.0,In Stock,2026-07-20
FUR-FU-10000308,Rotterdam Warehouse,97.0,19.0,In Stock,2026-07-20
TEC-MA-10000110,Chicago Warehouse,214.0,42.0,In Stock,2026-07-20
OFF-SU-10004434,Singapore Warehouse,205.0,41.0,In Stock,2026-07-20
FUR-ADV-10000188,,64.0,12.0,In Stock,2026-07-20
TEC-MA-10001197,Chicago Warehouse,109.0,21.0,In Stock,2026-07-20
TEC-CO-10004535,,154.0,30.0,In Stock,2026-07-20
OFF-AR-10001533,Singapore Warehouse,326.0,65.0,In Stock,2026-07-20
OFF-PA-10004947,Singapore Warehouse,406.0,81.0,In Stock,2026-07-20
OFF-LA-10000990,Singapore Warehouse,232.0,46.0,In Stock,2026-07-20
OFF-STI-10000697,Singapore Warehouse,445.0,89.0,In Stock,2026-07-20
OFF-FEL-10001865,Singapore Warehouse,323.0,,In Stock,2026-07-20
OFF-GRE-10000216,Singapore Warehouse,232.0,46.0,In Stock,2026-07-20
OFF-KRA-10002828,Singapore Warehouse,360.0,72.0,In Stock,2026-07-20
OFF-AR-10000465,Singapore Warehouse,269.0,53.0,In Stock,2026-07-20
OFF-BI-10003342,Singapore Warehouse,,72.0,In Stock,2026-07-20
TEC-PH-10002555,Chicago Warehouse,171.0,34.0,In Stock,2026-07-20
FUR-BO-10001342,Rotterdam Warehouse,146.0,29.0,In Stock,2026-07-20
OFF-FIS-10000063,Singapore Warehouse,307.0,61.0,In Stock,2026-07-20
OFF-SU-10002611,Singapore Warehouse,490.0,98.0,In Stock,2026-07-20
FUR-CH-10002626,Rotterdam Warehouse,124.0,24.0,In Stock,2026-07-20
OFF-AR-10003253,Singapore Warehouse,263.0,52.0,In Stock,2026-07-20
OFF-AR-10001955,Singapore Warehouse,314.0,62.0,In Stock,2026-07-20
FUR-TA-10002341,Rotterdam Warehouse,54.0,10.0,In Stock,2026-07-20
TEC-STA-10000893,Chicago Warehouse,224.0,44.0,In Stock,2026-07-20
OFF-FA-10001419,Singapore Warehouse,393.0,78.0,IN STOCK,
FUR-FU-10004019,Rotterdam Warehouse,79.0,15.0,In Stock,2026-07-20
FUR-FU-10003026,Rotterdam Warehouse,124.0,24.0,In Stock,2026-07-20
FUR-TEN-10001809,Rotterdam Warehouse,105.0,21.0,In Stock,2026-07-20
OFF-PA-10004024,Singapore Warehouse,276.0,55.0,In Stock,2026-07-20
OFF-EN-10001882,Singapore Warehouse,478.0,95.0,IN STOCK,2026-07-20
TEC-CO-10001037,Chicago Warehouse,142.0,28.0,In Stock,2026-07-20
TEC-AC-10000151,Chicago Warehouse,209.0,41.0,In Stock,2026-07-20
FUR-FU-10000388,Rotterdam Warehouse,117.0,23.0,In Stock,2026-07-20
OFF-LA-10004709,Singapore Warehouse,334.0,66.0,In Stock,2026-07-20
OFF-PA-10000213,Singapore Warehouse ,355.0,71.0,In Stock,2026-07-20
OFF-FA-10003818,Singapore Warehouse,391.0,78.0,IN STOCK,2026-07-20
FUR-FU-10004464,Rotterdam Warehouse,126.0,25.0,In Stock,20/07/2026
TEC-OKI-10004199,Chicago Warehouse,82.0,16.0,In Stock,2026-07-20
OFF-FA-10003004,Singapore Warehouse,483.0,96.0,In Stock,2026-07-20
TEC-CO-10000452,Chicago Warehouse,193.0,38.0,In Stock,2026-07-20
OFF-FA-10002835,Singapore Warehouse,404.0,80.0,In Stock,2026-07-20
TEC-PH-10001730,Chicago Warehouse,210.0,42.0,In Stock,2026-07-20
FUR-LES-10004886,Rotterdam Warehouse,93.0,18.0,In Stock,2026-07-20
OFF-AP-10002534,Singapore Warehouse,389.0,77.0,IN STOCK,2026-07-20
OFF-AR-10001043,Singapore Warehouse,326.0,65.0,In Stock,2026-07-20
FUR-TA-10004584,Rotterdam Warehouse,76.0,15.0,In Stock,20/07/2026
OFF-BI-10000309,Singapore Warehouse,425.0,85.0,In Stock,2026-07-20
FUR-TA-10001889,Rotterdam Warehouse,69.0,13.0,In Stock,2026-07-20
TEC-PH-10001478,Chicago Warehouse,86.0,17.0,In Stock,2026-07-20
TEC-CO-10000660,Chicago Warehouse,131.0,26.0,In Stock,2026-07-20
OFF-EN-10004649,Singapore Warehouse,456.0,91.0,In Stock,20/07/2026
OFF-BI-10001119,Singapore Warehouse,287.0,57.0,In Stock,2026-07-20
FUR-FU-10000550,Rotterdam Warehouse,96.0,19.0,In Stock,2026-07-20
TEC-MA-10003493,Chicago Warehouse,137.0,27.0,In Stock,2026-07-20
OFF-PA-10003133,Singapore Warehouse,342.0,68.0,In Stock,2026-07-20
FUR-FU-10001889,Rotterdam Warehouse,55.0,11.0,In Stock,2026-07-20
FUR-CH-10000027,Rotterdam Warehouse,133.0,26.0,In Stock,2026-07-20
OFF-BI-10000185,Singapore Warehouse,361.0,72.0,In Stock,2026-07-20
TEC-PH-10004570,Chicago Warehouse,178.0,35.0,In Stock,2026-07-20
OFF-SU-10000085,Singapore Warehouse,280.0,56.0,In Stock,20/07/2026
FUR-FU-10001935,Rotterdam Warehouse,111.0,22.0,In Stock,2026-07-20
OFF-ST-10003641,Singapore Warehouse,341.0,68.0,In Stock,2026-07-20
OFF-SAN-10002484,Singapore Warehouse,216.0,43.0,In Stock,2026-07-20
TEC-CO-10002686,Chicago Warehouse,171.0,34.0,In Stock,2026-07-20
FUR-BO-10001969,Rotterdam Warehouse,80.0,16.0,In Stock,2026-07-20
TEC-AC-10002664,Chicago Warehouse,207.0,41.0,In Stock,2026-07-20
OFF-EN-10003272,Singapore Warehouse,212.0,42.0,In Stock,2026-07-20
TEC-ENE-10004236,Chicago Warehouse,152.0,30.0,In Stock,2026-07-20
TEC-AC-10001089,Chicago Warehouse,106.0,21.0,In Stock,2026-07-20
OFF-EN-10004849,Singapore Warehouse,276.0,55.0,In Stock,20/07/2026
OFF-ST-10001580,Singapore Warehouse,417.0,83.0,IN STOCK,20/07/2026
FUR-FU-10001351,Rotterdam Warehouse,60.0,12.0,In Stock,2026-07-20
OFF-AP-10000240,Singapore Warehouse,367.0,73.0,In Stock,2026-07-20
OFF-FIS-10001797,Singapore Warehouse,491.0,98.0,IN STOCK,2026-07-20
OFF-AP-10004749,Singapore Warehouse,263.0,52.0,In Stock,2026-07-20
FUR-CH-10001207,Rotterdam Warehouse,75.0,15.0,In Stock,2026-07-20
FUR-FU-10004665,Rotterdam Warehouse,101.0,20.0,In Stock,2026-07-20
TEC-CO-10004507,Chicago Warehouse,110.0,22.0,IN STOCK,20/07/2026
OFF-PA-10001470,Singapore Warehouse,343.0,68.0,In Stock,2026-07-20
OFF-FA-10002991,Singapore Warehouse,270.0,54.0,In Stock,2026-07-20
OFF-FA-10000907,Singapore Warehouse,241.0,48.0,IN STOCK,2026-07-20
TEC-MA-10002779,Chicago Warehouse,171.0,34.0,In Stock,2026-07-20
OFF-FA-10003332,Singapore Warehouse,244.0,48.0,IN STOCK,2026-07-20
FUR-FU-10004091,Rotterdam Warehouse,96.0,19.0,IN STOCK,2026-07-20
OFF-ST-10002175,Singapore Warehouse,292.0,58.0,In Stock,2026-07-20
TEC-MA-10001811,Chicago Warehouse,210.0,42.0,In Stock,2026-07-20
FUR-CH-10002980,Rotterdam Warehouse,108.0,21.0,In Stock,2026-07-20
OFF-PA-10002764,,265.0,53.0,In Stock,2026-07-20
FUR-FU-10004903,,122.0,24.0,In Stock,2026-07-20
OFF-AR-10004772,Singapore Warehouse,293.0,58.0,In Stock,2026-07-20
FUR-TA-10002979,Rotterdam Warehouse,90.0,18.0,In Stock,2026-07-20
OFF-EN-10001749,Singapore Warehouse,298.0,59.0,In Stock,2026-07-20
TEC-PH-10004152,Chicago Warehouse,240.0,48.0,In Stock,2026-07-20
OFF-EN-10002624,Singapore Warehouse,283.0,56.0,In Stock,2026-07-20
TEC-PH-10000800,Chicago Warehouse,228.0,45.0,In Stock,2026-07-20
OFF-ST-10001941,Singapore Warehouse,494.0,98.0,In Stock,2026-07-20
TEC-AC-10001539,Chicago Warehouse,166.0,33.0,In Stock,
FUR-FU-10004182,Rotterdam Warehouse,56.0,11.0,In Stock,2026-07-20
OFF-FA-10000805,Singapore Warehouse,481.0,96.0,In Stock,2026-07-20
OFF-STO-10000007,Singapore Warehouse,357.0,71.0,In Stock,2026-07-20
FUR-TA-10003319,Rotterdam Warehouse,145.0,29.0,In Stock,20/07/2026
TEC-STA-10001994,Chicago Warehouse,188.0,37.0,In Stock,2026-07-20
TEC-AC-10004901,Chicago Warehouse,122.0,24.0,In Stock,2026-07-20
OFF-PA-10002246,Singapore Warehouse,462.0,92.0,In Stock,
OFF-PA-10003296,Singapore Warehouse,283.0,56.0,In Stock,2026-07-20
OFF-PA-10004355,Singapore Warehouse,211.0,42.0,,2026-07-20
OFF-AR-10004132,Singapore Warehouse,,74.0,IN STOCK,2026-07-20
OFF-BOS-10002340,Singapore Warehouse,463.0,92.0,In Stock,2026-07-20
TEC-KON-10003077,Chicago Warehouse,105.0,21.0,In Stock,
OFF-SU-10002742,Singapore Warehouse,449.0,89.0,In Stock,20/07/2026
TEC-AC-10004144,Chicago Warehouse,218.0,43.0,In Stock,2026-07-20
OFF-ACM-10004587,Singapore Warehouse,499.0,99.0,In Stock,2026-07-20
OFF-EN-10002504,Singapore Warehouse,230.0,46.0,In Stock,2026-07-20
TEC-PH-10003601,Chicago Warehouse,115.0,23.0,In Stock,2026-07-20
TEC-SAM-10001017,Chicago Warehouse,237.0,47.0,In Stock,2026-07-20
FUR-FU-10001692,Rotterdam Warehouse,85.0,17.0,In Stock,2026-07-20
TEC-PH-10000990,Chicago Warehouse,220.0,44.0,In Stock,2026-07-20
OFF-FA-10004587,Singapore Warehouse,303.0,60.0,In Stock,2026-07-20
TEC-BRO-10000463,,159.0,31.0,In Stock,2026-07-20
OFF-BI-10003309,Singapore Warehouse,395.0,79.0,In Stock,2026-07-20
FUR-CH-10003353,Rotterdam Warehouse,,15.0,In Stock,
OFF-ST-10003547,Singapore Warehouse,295.0,59.0,In Stock,2026-07-20
FUR-FU-10001037,Rotterdam Warehouse,79.0,15.0,In Stock,2026-07-20
OFF-ST-10002756,Singapore Warehouse,455.0,91.0,In Stock,2026-07-20
OFF-EN-10002061,Singapore Warehouse,397.0,79.0,,2026-07-20
OFF-AP-10001664,Singapore Warehouse,492.0,98.0,In Stock,2026-07-20
FUR-CH-10000229,Rotterdam Warehouse,96.0,19.0,In Stock,2026-07-20
TEC-AC-10000929,Chicago Warehouse,166.0,33.0,In Stock,2026-07-20
TEC-PH-10000675,Chicago Warehouse,129.0,25.0,IN STOCK,2026-07-20
TEC-MA-10000946,Chicago Warehouse,93.0,18.0,In Stock,2026-07-20
TEC-SAN-10002871,Chicago Warehouse,174.0,34.0,In Stock,2026-07-20
TEC-CO-10004147,Chicago Warehouse,243.0,48.0,In Stock,2026-07-20
FUR-FU-10002637,Rotterdam Warehouse,141.0,28.0,In Stock,2026-07-20
FUR-CH-10001477,Rotterdam Warehouse,93.0,18.0,In Stock,2026-07-20
FUR-HON-10001776,Rotterdam Warehouse ,63.0,12.0,In Stock,2026-07-20
FUR-FU-10001583,Rotterdam Warehouse,83.0,16.0,In Stock,2026-07-20
OFF-SU-10002342,Singapore Warehouse,446.0,-89.0,In Stock,2026-07-20
OFF-SU-10003665,Singapore Warehouse,392.0,78.0,In Stock,2026-07-20
FUR-BO-10001326,Rotterdam Warehouse,76.0,15.0,In Stock,
FUR-BO-10004844,Rotterdam Warehouse,84.0,16.0,IN STOCK,2026-07-20
OFF-FA-10004233,Singapore Warehouse,230.0,46.0,In Stock,2026-07-20
OFF-SME-10001852,Singapore Warehouse,254.0,50.0,In Stock,2026-07-20
TEC-CO-10003702,Chicago Warehouse,80.0,16.0,In Stock,2026-07-20
OFF-AR-10004348,Singapore Warehouse ,408.0,,In Stock,2026-07-20
OFF-FA-10002393,Singapore Warehouse,379.0,75.0,In Stock,2026-07-20
OFF-BI-10001989,Singapore Warehouse,392.0,78.0,In Stock,2026-07-20
TEC-APP-10003588,Chicago Warehouse,112.0,22.0,In Stock,2026-07-20
FUR-BO-10004340,Rotterdam Warehouse,138.0,27.0,In Stock,2026-07-20
FUR-TA-10002786,Rotterdam Warehouse,71.0,14.0,In Stock,2026-07-20
OFF-EN-10000114,Singapore Warehouse,296.0,59.0,In Stock,2026-07-20
OFF-KRA-10002085,Singapore Warehouse,273.0,54.0,IN STOCK,2026-07-20
FUR-TA-10001935,Rotterdam Warehouse,150.0,30.0,In Stock,2026-07-20
OFF-EN-10003444,Singapore Warehouse,357.0,71.0,In Stock,2026-07-20
OFF-FA-10004374,Singapore Warehouse,401.0,80.0,In Stock,2026-07-20
OFF-JIF-10003976,Singapore Warehouse,309.0,61.0,In Stock,2026-07-20
FUR-CH-10000660,Rotterdam Warehouse,94.0,18.0,In Stock,2026-07-20
TEC-PH-10003945,Chicago Warehouse,243.0,48.0,In Stock,2026-07-20
OFF-STI-10003510,Singapore Warehouse,467.0,93.0,In Stock,2026-07-20
FUR-CH-10000171,Rotterdam Warehouse,140.0,28.0,In Stock,2026-07-20
FUR-FU-10002298,Rotterdam Warehouse,141.0,28.0,In Stock,20/07/2026
FUR-HON-10003950,Rotterdam Warehouse,82.0,16.0,In Stock,2026-07-20
OFF-FA-10003496,Singapore Warehouse,240.0,48.0,In Stock,
TEC-AC-10004306,Chicago Warehouse,202.0,40.0,In Stock,2026-07-20
OFF-FA-10003531,Singapore Warehouse,289.0,57.0,In Stock,2026-07-20
TEC-PH-10003171,Chicago Warehouse,151.0,30.0,In Stock,2026-07-20
OFF-AP-10003177,Singapore Warehouse,359.0,71.0,In Stock,2026-07-20
OFF-PA-10003591,Singapore Warehouse,418.0,83.0,In Stock,2026-07-20
OFF-AP-10000717,Singapore Warehouse,390.0,78.0,In Stock,2026-07-20
FUR-BO-10000175,Rotterdam Warehouse,64.0,12.0,In Stock,2026-07-20
TEC-PH-10002844,Chicago Warehouse,125.0,25.0,In Stock,2026-07-20
FUR-BO-10001003,Rotterdam Warehouse,129.0,25.0,In Stock,2026-07-20
FUR-FU-10000361,Rotterdam Warehouse,120.0,24.0,,2026-07-20
TEC-PH-10000458,Chicago Warehouse,220.0,44.0,In Stock,2026-07-20
FUR-BO-10004425,Rotterdam Warehouse,-121.0,24.0,In Stock,2026-07-20
TEC-CO-10001371,Chicago Warehouse,159.0,31.0,In Stock,2026-07-20
OFF-LA-10004972,Singapore Warehouse,292.0,58.0,In Stock,2026-07-20
OFF-ELI-10001057,Singapore Warehouse,333.0,66.0,In Stock,20/07/2026
FUR-TA-10002622,Rotterdam Warehouse,61.0,12.0,In Stock,2026-07-20
OFF-ACM-10003715,Singapore Warehouse,259.0,51.0,In Stock,2026-07-20
TEC-CO-10000447,Chicago Warehouse,187.0,37.0,In Stock,2026-07-20
OFF-BI-10003779,Singapore Warehouse,390.0,78.0,In Stock,2026-07-20
TEC-PH-10003220,Chicago Warehouse,166.0,33.0,In Stock,2026-07-20
OFF-BI-10001510,,472.0,94.0,In Stock,2026-07-20
TEC-PH-10002564,Chicago Warehouse,122.0,24.0,In Stock,20/07/2026
FUR-FU-10000295,Rotterdam Warehouse,83.0,16.0,In Stock,2026-07-20
FUR-CH-10000438,Rotterdam Warehouse,56.0,11.0,In Stock,2026-07-20
FUR-FU-10000502,Rotterdam Warehouse,81.0,16.0,In Stock,2026-07-20
OFF-FA-10003587,Singapore Warehouse,474.0,94.0,In Stock,2026-07-20
TEC-PH-10003963,Chicago Warehouse,154.0,30.0,In Stock,2026-07-20
FUR-FU-10000705,Rotterdam Warehouse,51.0,10.0,In Stock,2026-07-20
OFF-LA-10001299,Singapore Warehouse,205.0,41.0,In Stock,2026-07-20
OFF-EN-10004988,Singapore Warehouse,-444.0,88.0,In Stock,2026-07-20
TEC-PH-10000922,Chicago Warehouse,235.0,47.0,In Stock,
OFF-SU-10000087,Singapore Warehouse,330.0,66.0,In Stock,2026-07-20
FUR-FU-10001260,Rotterdam Warehouse,117.0,23.0,In Stock,2026-07-20
OFF-AR-10003085,Singapore Warehouse,498.0,99.0,In Stock,2026-07-20
OFF-BI-10001804,Singapore Warehouse,,69.0,In Stock,2026-07-20
FUR-CH-10000309,Rotterdam Warehouse,84.0,16.0,In Stock,2026-07-20
OFF-PA-10004433,Singapore Warehouse,266.0,53.0,In Stock,2026-07-20
TEC-PH-10003102,Chicago Warehouse,141.0,28.0,IN STOCK,2026-07-20
TEC-MA-10000366,Chicago Warehouse,236.0,47.0,In Stock,2026-07-20
OFF-EN-10004784,Singapore Warehouse,282.0,56.0,In Stock,2026-07-20
TEC-PH-10000494,Chicago Warehouse,190.0,38.0,,2026-07-20
TEC-CO-10002174,Chicago Warehouse,193.0,38.0,In Stock,2026-07-20
TEC-PH-10000289,Chicago Warehouse,108.0,21.0,In Stock,20/07/2026
TEC-AC-10002130,Chicago Warehouse,228.0,45.0,In Stock,2026-07-20
OFF-AR-10003738,Singapore Warehouse,480.0,96.0,IN STOCK,2026-07-20
OFF-AP-10002872,Singapore Warehouse,313.0,62.0,In Stock,2026-07-20
OFF-AR-10002575,Singapore Warehouse,437.0,87.0,,2026-07-20
FUR-DAN-10001340,Rotterdam Warehouse,150.0,30.0,In Stock,2026-07-20
FUR-TA-10002523,Rotterdam Warehouse,96.0,19.0,In Stock,2026-07-20
TEC-MA-10000687,Chicago Warehouse,189.0,37.0,IN STOCK,2026-07-20
TEC-CO-10001234,Chicago Warehouse ,125.0,25.0,In Stock,2026-07-20
OFF-ADV-10003125,Singapore Warehouse,208.0,41.0,In Stock,2026-07-20
TEC-AC-10000887,Chicago Warehouse,84.0,16.0,In Stock,2026-07-20
TEC-PH-10000486,Chicago Warehouse,234.0,46.0,In Stock,2026-07-20
OFF-KIT-10004515,Singapore Warehouse,445.0,89.0,In Stock,2026-07-20
TEC-SAN-10004721,Chicago Warehouse,105.0,21.0,In Stock,2026-07-20
FUR-FU-10003832,Rotterdam Warehouse,75.0,15.0,In Stock,2026-07-20
OFF-PA-10001870,Singapore Warehouse,283.0,56.0,In Stock,2026-07-20
OFF-FA-10002900,Singapore Warehouse,236.0,47.0,In Stock,2026-07-20
TEC-PH-10001817,Chicago Warehouse,88.0,17.0,In Stock,2026-07-20
TEC-AC-10003776,Chicago Warehouse,154.0,30.0,,2026-07-20
OFF-ST-10002074,Singapore Warehouse,,90.0,In Stock,2026-07-20
TEC-AC-10003709,Chicago Warehouse,,36.0,In Stock,2026-07-20
OFF-AP-10002252,Singapore Warehouse,212.0,42.0,In Stock,
FUR-BO-10004467,,147.0,29.0,In Stock,2026-07-20
OFF-ST-10003344,Singapore Warehouse,233.0,46.0,In Stock,2026-07-20
OFF-AR-10000925,Singapore Warehouse,216.0,,In Stock,2026-07-20
OFF-CUI-10003665,Singapore Warehouse,221.0,44.0,In Stock,2026-07-20
TEC-PH-10004908,Chicago Warehouse,89.0,17.0,In Stock,2026-07-20
OFF-LA-10003155,Singapore Warehouse,209.0,41.0,In Stock,2026-07-20
TEC-CO-10001501,Chicago Warehouse,99.0,19.0,In Stock,2026-07-20
OFF-AP-10002625,Singapore Warehouse,279.0,55.0,In Stock,2026-07-20
FUR-FU-10001468,Rotterdam Warehouse,,19.0,In Stock,2026-07-20
OFF-ST-10003455,Singapore Warehouse,470.0,94.0,In Stock,2026-07-20
OFF-PA-10003517,Singapore Warehouse,235.0,47.0,In Stock,2026-07-20
FUR-TA-10003030,Rotterdam Warehouse,122.0,24.0,In Stock,2026-07-20
TEC-PH-10000347,Chicago Warehouse,113.0,22.0,In Stock,2026-07-20
OFF-FA-10003717,Singapore Warehouse,454.0,90.0,In Stock,2026-07-20
OFF-LA-10002883,Singapore Warehouse,407.0,81.0,In Stock,2026-07-20
OFF-STA-10004163,Singapore Warehouse,237.0,47.0,In Stock,2026-07-20
OFF-BI-10001196,Singapore Warehouse,447.0,89.0,In Stock,2026-07-20
TEC-AC-10002357,,203.0,40.0,In Stock,2026-07-20
OFF-LA-10003973,,279.0,55.0,In Stock,2026-07-20
FUR-FU-10000944,Rotterdam Warehouse,87.0,17.0,In Stock,2026-07-20
FUR-BO-10003688,Rotterdam Warehouse,76.0,15.0,In Stock,2026-07-20
OFF-BI-10002937,Singapore Warehouse,368.0,73.0,In Stock,2026-07-20
OFF-SU-10002522,Singapore Warehouse,418.0,83.0,In Stock,2026-07-20
OFF-LA-10001641,Singapore Warehouse,493.0,98.0,In Stock,2026-07-20
TEC-MA-10002538,Chicago Warehouse,205.0,41.0,In Stock,2026-07-20
FUR-FU-10004006,Rotterdam Warehouse,135.0,27.0,In Stock,2026-07-20
FUR-BEV-10002193,Rotterdam Warehouse,90.0,18.0,In Stock,2026-07-20
FUR-CH-10004943,Rotterdam Warehouse,131.0,26.0,In Stock,2026-07-20
OFF-AVE-10001367,Singapore Warehouse,347.0,69.0,In Stock,2026-07-20
TEC-PH-10003075,Chicago Warehouse,172.0,34.0,In Stock,2026-07-20
OFF-LA-10003498,Singapore Warehouse,282.0,56.0,In Stock,2026-07-20
FUR-BO-10003668,Rotterdam Warehouse,126.0,25.0,In Stock,2026-07-20
FUR-FU-10004780,Rotterdam Warehouse,83.0,16.0,In Stock,2026-07-20
FUR-BO-10000155,Rotterdam Warehouse,58.0,11.0,,2026-07-20
OFF-PA-10001971,Singapore Warehouse,392.0,78.0,In Stock,2026-07-20
OFF-EN-10001532,Singapore Warehouse,286.0,57.0,In Stock,2026-07-20
FUR-HON-10001558,Rotterdam Warehouse,98.0,19.0,In Stock,2026-07-20
OFF-EN-10000338,Singapore Warehouse,294.0,58.0,In Stock,
OFF-ST-10003414,Singapore Warehouse,212.0,42.0,In Stock,2026-07-20
TEC-CO-10001864,Chicago Warehouse,149.0,29.0,IN STOCK,2026-07-20
FUR-CH-10002543,Rotterdam Warehouse,84.0,16.0,In Stock,2026-07-20
FUR-BO-10000797,Rotterdam Warehouse,122.0,24.0,In Stock,2026-07-20
OFF-AME-10003089,Singapore Warehouse,353.0,70.0,In Stock,2026-07-20
OFF-ST-10000351,Singapore Warehouse,285.0,57.0,In Stock,2026-07-20
OFF-BIN-10003327,Singapore Warehouse,352.0,70.0,In Stock,2026-07-20
TEC-MA-10003173,Chicago Warehouse,163.0,,In Stock,2026-07-20
FUR-CH-10002774,Rotterdam Warehouse,71.0,14.0,In Stock,2026-07-20
OFF-SU-10000596,Singapore Warehouse,451.0,90.0,In Stock,2026-07-20
TEC-PH-10002663,Chicago Warehouse,226.0,45.0,In Stock,2026-07-20
FUR-BO-10002574,Rotterdam Warehouse,105.0,21.0,In Stock,2026-07-20
OFF-ST-10000701,Singapore Warehouse,466.0,93.0,In Stock,2026-07-20
FUR-TA-10003641,Rotterdam Warehouse,140.0,28.0,In Stock,2026-07-20
OFF-OIC-10001155,Singapore Warehouse,338.0,67.0,IN STOCK,2026-07-20
TEC-AC-10001172,Chicago Warehouse,118.0,,In Stock,2026-07-20
OFF-PA-10003718,Singapore Warehouse,483.0,96.0,In Stock,2026-07-20
FUR-FU-10003601,Rotterdam Warehouse,75.0,15.0,In Stock,20/07/2026
OFF-BI-10002935,Singapore Warehouse,386.0,77.0,,2026-07-20
FUR-TA-10003539,Rotterdam Warehouse,,21.0,In Stock,2026-07-20
OFF-LA-10004877,Singapore Warehouse,200.0,40.0,In Stock,2026-07-20
OFF-AP-10000381,Singapore Warehouse,322.0,64.0,In Stock,2026-07-20
OFF-CUI-10000140,Singapore Warehouse,276.0,55.0,In Stock,2026-07-20
OFF-PA-10001281,Singapore Warehouse,404.0,80.0,In Stock,2026-07-20
TEC-AC-10000115,Chicago Warehouse,158.0,31.0,In Stock,2026-07-20
OFF-ST-10004597,Singapore Warehouse,434.0,86.0,In Stock,2026-07-20
TEC-MEM-10001436,Chicago Warehouse,104.0,20.0,In Stock,2026-07-20
OFF-PA-10003724,Singapore Warehouse,231.0,46.0,In Stock,2026-07-20
FUR-CHR-10002165,Rotterdam Warehouse,132.0,26.0,In Stock,2026-07-20
OFF-FIS-10002784,Singapore Warehouse,256.0,51.0,In Stock,2026-07-20
FUR-CH-10000603,Rotterdam Warehouse,116.0,23.0,In Stock,2026-07-20
OFF-EN-10002015,Singapore Warehouse,368.0,73.0,In Stock,2026-07-20
OFF-LA-10002199,Singapore Warehouse,432.0,,In Stock,2026-07-20
TEC-PH-10001535,Chicago Warehouse,,32.0,In Stock,2026-07-20
OFF-SU-10000932,Singapore Warehouse,355.0,71.0,In Stock,2026-07-20
FUR-BO-10000567,Rotterdam Warehouse,76.0,15.0,In Stock,2026-07-20
FUR-OFF-10004214,,71.0,14.0,In-Stock,2026-07-20
OFF-LA-10001265,Singapore Warehouse,288.0,57.0,In Stock,2026-07-20
OFF-ACC-10000307,Singapore Warehouse,497.0,99.0,In Stock,2026-07-20
FUR-CH-10000932,Rotterdam Warehouse,82.0,16.0,In Stock,2026-07-20
FUR-TA-10004336,Rotterdam Warehouse ,70.0,14.0,In Stock,2026-07-20
FUR-FU-10003512,Rotterdam Warehouse,136.0,27.0,In Stock,2026-07-20
FUR-CH-10000988,Rotterdam Warehouse,132.0,26.0,In Stock,2026-07-20
FUR-BO-10001553,Rotterdam Warehouse,99.0,19.0,In Stock,2026-07-20
OFF-LA-10003503,Singapore Warehouse,362.0,72.0,In Stock,2026-07-20
TEC-AC-10004227,Chicago Warehouse,233.0,46.0,In Stock,20/07/2026
FUR-FU-10000686,Rotterdam Warehouse,65.0,13.0,In Stock,2026-07-20
FUR-BO-10000666,Rotterdam Warehouse,142.0,28.0,In Stock,2026-07-20
OFF-LA-10003537,Singapore Warehouse,257.0,51.0,In Stock,2026-07-20
OFF-ELI-10004427,Singapore Warehouse,373.0,74.0,In Stock,2026-07-20
TEC-PH-10001530,Chicago Warehouse,105.0,21.0,In Stock,20/07/2026
OFF-FA-10001754,Singapore Warehouse,366.0,73.0,In Stock,2026-07-20
OFF-AR-10001759,Singapore Warehouse ,456.0,91.0,IN STOCK,2026-07-20
OFF-LA-10004411,Singapore Warehouse,,42.0,In Stock,2026-07-20
OFF-LA-10003510,Singapore Warehouse,343.0,68.0,In Stock,2026-07-20
OFF-EN-10004677,Singapore Warehouse,209.0,41.0,In Stock,2026-07-20
OFF-EN-10001789,Singapore Warehouse,285.0,57.0,In Stock,2026-07-20
TEC-CO-10000135,Chicago Warehouse,241.0,48.0,In Stock,2026-07-20
FUR-CH-10000432,Rotterdam Warehouse,109.0,21.0,In Stock,2026-07-20
OFF-FA-10003744,Singapore Warehouse,498.0,99.0,In Stock,2026-07-20
FUR-FU-10001760,Rotterdam Warehouse,101.0,20.0,In Stock,2026-07-20
OFF-AP-10003500,Singapore Warehouse,301.0,60.0,In Stock,2026-07-20
FUR-BO-10000087,Rotterdam Warehouse,68.0,13.0,In Stock,2026-07-20
FUR-HON-10002599,Rotterdam Warehouse,124.0,24.0,In Stock,2026-07-20
OFF-AP-10000335,Singapore Warehouse,384.0,76.0,In Stock,2026-07-20
OFF-BI-10001183,Singapore Warehouse,316.0,63.0,In Stock,2026-07-20
OFF-CUI-10001060,Singapore Warehouse,426.0,85.0,In Stock,2026-07-20
OFF-BI-10003320,Singapore Warehouse,322.0,64.0,In Stock,2026-07-20
OFF-ST-10000542,Singapore Warehouse,359.0,71.0,In Stock,2026-07-20
FUR-BO-10002889,Rotterdam Warehouse,89.0,17.0,In Stock,2026-07-20
TEC-PH-10001304,Chicago Warehouse,,25.0,In Stock,2026-07-20
TEC-AC-10001831,Chicago Warehouse,167.0,33.0,In Stock,2026-07-20
OFF-AR-10003554,Singapore Warehouse,433.0,86.0,In Stock,2026-07-20
OFF-FIS-10004067,Singapore Warehouse,254.0,50.0,IN STOCK,2026-07-20
FUR-CH-10001616,Rotterdam Warehouse,64.0,12.0,In Stock,2026-07-20
OFF-LA-10002650,Singapore Warehouse,451.0,90.0,In Stock,2026-07-20
FUR-ELD-10004994,Rotterdam Warehouse,72.0,14.0,In Stock,2026-07-20
TEC-PAN-10002756,Chicago Warehouse,148.0,29.0,In Stock,20/07/2026
TEC-AC-10002221,Chicago Warehouse,216.0,43.0,In Stock,2026-07-20
TEC-BEL-10004950,Chicago Warehouse,149.0,29.0,In Stock,2026-07-20
OFF-AP-10004245,Singapore Warehouse,316.0,63.0,In Stock,2026-07-20
OFF-AR-10003806,Singapore Warehouse,256.0,51.0,In Stock,2026-07-20
TEC-MA-10001752,Chicago Warehouse,140.0,28.0,In Stock,2026-07-20
OFF-LA-10004756,Singapore Warehouse,299.0,59.0,In Stock,2026-07-20
FUR-BO-10004230,Rotterdam Warehouse,68.0,13.0,In Stock,2026-07-20
TEC-CO-10001571,Chicago Warehouse,152.0,30.0,In Stock,2026-07-20
TEC-PH-10002152,Chicago Warehouse,118.0,23.0,In Stock,2026-07-20
OFF-BI-10000115,Singapore Warehouse,377.0,75.0,In Stock,2026-07-20
FUR-TA-10003497,Rotterdam Warehouse,111.0,22.0,In Stock,2026-07-20
OFF-FA-10001272,Singapore Warehouse,222.0,-44.0,In Stock,
FUR-FU-10001942,Rotterdam Warehouse,69.0,13.0,In Stock,2026-07-20
OFF-ST-10002873,Singapore Warehouse,465.0,93.0,In Stock,2026-07-20
FUR-CH-10000568,Rotterdam Warehouse,130.0,26.0,In Stock,2026-07-20
OFF-TEN-10000827,Singapore Warehouse,240.0,48.0,In Stock,20/07/2026
OFF-FA-10004637,Singapore Warehouse,249.0,49.0,In Stock,2026-07-20
FUR-CH-10003249,Rotterdam Warehouse,60.0,12.0,In Stock,2026-07-20
FUR-CH-10000981,Rotterdam Warehouse,74.0,14.0,In Stock,2026-07-20
FUR-BO-10003078,Rotterdam Warehouse,133.0,26.0,In Stock,2026-07-20
OFF-PA-10000721,Singapore Warehouse,201.0,40.0,In Stock,2026-07-20
FUR-CH-10002010,Rotterdam Warehouse,62.0,12.0,In Stock,2026-07-20
TEC-CO-10001595,Chicago Warehouse,93.0,18.0,In Stock,2026-07-20
FUR-FU-10002157,Rotterdam Warehouse,89.0,,In Stock,2026-07-20
FUR-FU-10004730,Rotterdam Warehouse,91.0,18.0,,2026-07-20
OFF-BI-10002072,Singapore Warehouse,236.0,47.0,In Stock,2026-07-20
TEC-CO-10001795,Chicago Warehouse,199.0,39.0,In Stock,2026-07-20
OFF-LA-10001930,Singapore Warehouse,350.0,70.0,In Stock,2026-07-20
OFF-AR-10002067,Singapore Warehouse,363.0,72.0,In Stock,2026-07-20
OFF-OIC-10004622,Singapore Warehouse,334.0,66.0,In Stock,2026-07-20
FUR-FU-10003039,Rotterdam Warehouse,81.0,16.0,In Stock,2026-07-20
FUR-CH-10000026,Rotterdam Warehouse,90.0,18.0,In Stock,2026-07-20
FUR-BUS-10002639,Rotterdam Warehouse,114.0,22.0,In Stock,2026-07-20
TEC-AC-10003571,Chicago Warehouse,134.0,26.0,In Stock,2026-07-20
OFF-AP-10001018,Singapore Warehouse,401.0,80.0,In Stock,2026-07-20
OFF-PA-10000157,Singapore Warehouse,420.0,84.0,In Stock,20/07/2026
TEC-CO-10004929,Chicago Warehouse ,111.0,22.0,In Stock,2026-07-20
FUR-TA-10004649,Rotterdam Warehouse,102.0,20.0,In Stock,2026-07-20
TEC-AC-10002224,Chicago Warehouse,134.0,26.0,In Stock,2026-07-20
TEC-MA-10003280,Chicago Warehouse,125.0,25.0,In Stock,2026-07-20
OFF-FA-10004839,Singapore Warehouse,416.0,83.0,In Stock,2026-07-20
TEC-AC-10003487,Chicago Warehouse,121.0,24.0,IN STOCK,20/07/2026
OFF-PA-10004285,Singapore Warehouse,411.0,82.0,In Stock,2026-07-20
OFF-AP-10001130,Singapore Warehouse,485.0,97.0,In Stock,2026-07-20
OFF-AR-10000409,Singapore Warehouse,493.0,98.0,In Stock,2026-07-20
OFF-ST-10002066,Singapore Warehouse,217.0,43.0,In Stock,2026-07-20
FUR-BO-10002992,Rotterdam Warehouse,111.0,22.0,In Stock,2026-07-20
TEC-STA-10002286,Chicago Warehouse,117.0,23.0,In Stock,2026-07-20
OFF-AR-10000179,Singapore Warehouse,277.0,55.0,In Stock,2026-07-20
FUR-FU-10000496,Rotterdam Warehouse,120.0,24.0,In Stock,2026-07-20
FUR-CH-10002213,Rotterdam Warehouse,54.0,10.0,In Stock,2026-07-20
FUR-TA-10004383,Rotterdam Warehouse,128.0,25.0,In Stock,2026-07-20
TEC-MA-10002859,Chicago Warehouse,-161.0,32.0,In Stock,2026-07-20
OFF-AR-10002975,Singapore Warehouse,412.0,82.0,In Stock,2026-07-20
OFF-AP-10002960,Singapore Warehouse,332.0,66.0,IN STOCK,2026-07-20
OFF-EN-10001751,Singapore Warehouse,450.0,90.0,In Stock,2026-07-20
FUR-CH-10000214,Rotterdam Warehouse,108.0,21.0,In Stock,2026-07-20
OFF-AR-10000067,Singapore Warehouse,252.0,50.0,In Stock,2026-07-20
FUR-TEN-10000296,Rotterdam Warehouse ,94.0,18.0,In Stock,2026-07-20
OFF-LA-10001778,Singapore Warehouse,280.0,56.0,In-Stock,2026-07-20
OFF-SAN-10003393,Singapore Warehouse,312.0,62.0,In Stock,2026-07-20
OFF-PA-10001667,Singapore Warehouse,249.0,49.0,In Stock,2026-07-20
TEC-CO-10004404,Chicago Warehouse,195.0,39.0,In Stock,2026-07-20
OFF-AR-10001230,Singapore Warehouse,207.0,41.0,In Stock,2026-07-20
OFF-LA-10000413,Singapore Warehouse,367.0,73.0,In Stock,2026-07-20
FUR-FU-10003930,Rotterdam Warehouse ,93.0,18.0,In Stock,2026-07-20
OFF-LA-10002651,Singapore Warehouse,413.0,82.0,In Stock,2026-07-20
OFF-PA-10000130,Singapore Warehouse,481.0,96.0,In Stock,2026-07-20
FUR-BO-10004999,Rotterdam Warehouse,85.0,17.0,In Stock,2026-07-20
OFF-PA-10002382,Singapore Warehouse,398.0,79.0,In Stock,2026-07-20
OFF-AVE-10000543,Singapore Warehouse,352.0,70.0,,2026-07-20
OFF-ROG-10001340,Singapore Warehouse,278.0,55.0,In Stock,2026-07-20
OFF-SU-10003701,Singapore Warehouse,438.0,87.0,In Stock,2026-07-20
OFF-EN-10000872,Singapore Warehouse,238.0,47.0,In Stock,2026-07-20
OFF-FA-10000490,Singapore Warehouse,466.0,93.0,In Stock,2026-07-20
OFF-KIT-10001899,Singapore Warehouse,394.0,78.0,In Stock,2026-07-20
OFF-ST-10000085,Singapore Warehouse,336.0,67.0,In Stock,20/07/2026
TEC-MA-10002226,Chicago Warehouse,238.0,47.0,In Stock,2026-07-20
OFF-AR-10003613,Singapore Warehouse,339.0,67.0,In Stock,2026-07-20
FUR-LES-10004420,Rotterdam Warehouse,121.0,24.0,In Stock,2026-07-20
TEC-PH-10003620,Chicago Warehouse,109.0,21.0,In Stock,2026-07-20
OFF-ST-10002618,Singapore Warehouse,389.0,77.0,In Stock,2026-07-20
TEC-PH-10001990,Chicago Warehouse,179.0,35.0,In Stock,2026-07-20
OFF-PA-10001295,Singapore Warehouse,251.0,50.0,In Stock,2026-07-20
OFF-ELI-10003732,Singapore Warehouse,276.0,55.0,In Stock,2026-07-20
OFF-SU-10001877,,249.0,49.0,In Stock,2026-07-20
OFF-EN-10002540,Singapore Warehouse,326.0,65.0,In Stock,2026-07-20
TEC-PH-10004350,Chicago Warehouse,129.0,25.0,In Stock,2026-07-20
OFF-PA-10001849,Singapore Warehouse,360.0,72.0,In Stock,2026-07-20
OFF-AR-10003291,Singapore Warehouse,405.0,81.0,In Stock,2026-07-20
OFF-PA-10002862,Singapore Warehouse,295.0,,In Stock,2026-07-20
OFF-CUI-10001670,Singapore Warehouse,280.0,56.0,In Stock,2026-07-20
OFF-BI-10003305,Singapore Warehouse,380.0,76.0,In Stock,2026-07-20
OFF-AR-10004049,Singapore Warehouse,444.0,88.0,In Stock,2026-07-20
OFF-ST-10002659,Singapore Warehouse,256.0,,In Stock,2026-07-20
FUR-FU-10000605,Rotterdam Warehouse,134.0,26.0,In Stock,2026-07-20
TEC-OKI-10000592,Chicago Warehouse,197.0,39.0,In Stock,2026-07-20
TEC-BRO-10000917,Chicago Warehouse,167.0,33.0,In Stock,2026-07-20
TEC-AC-10000742,Chicago Warehouse,124.0,24.0,In Stock,2026-07-20
OFF-AR-10000307,Singapore Warehouse,318.0,63.0,In Stock,2026-07-20
FUR-BO-10003880,,128.0,25.0,In Stock,2026-07-20
TEC-CAN-10003392,,215.0,43.0,In Stock,2026-07-20
FUR-NOV-10000222,Rotterdam Warehouse,126.0,25.0,In Stock,2026-07-20
TEC-AC-10001312,Chicago Warehouse,179.0,35.0,In Stock,2026-07-20
FUR-FU-10001770,Rotterdam Warehouse,61.0,12.0,In Stock,2026-07-20
OFF-EN-10003071,Singapore Warehouse,245.0,49.0,In Stock,2026-07-20
OFF-BI-10000474,Singapore Warehouse,220.0,44.0,In Stock,2026-07-20
OFF-EN-10001136,Singapore Warehouse,307.0,61.0,IN STOCK,2026-07-20
TEC-PH-10004675,Chicago Warehouse,107.0,21.0,,2026-07-20
FUR-BO-10003029,Rotterdam Warehouse,145.0,29.0,In Stock,2026-07-20
TEC-KON-10002194,Chicago Warehouse,92.0,18.0,In Stock,2026-07-20
FUR-BO-10001860,Rotterdam Warehouse,120.0,24.0,In Stock,2026-07-20
OFF-FA-10002358,Singapore Warehouse,437.0,87.0,In Stock,2026-07-20
FUR-BO-10002766,Rotterdam Warehouse,139.0,27.0,In Stock,2026-07-20
FUR-BO-10003793,Rotterdam Warehouse,51.0,10.0,In Stock,2026-07-20
FUR-FU-10002655,Rotterdam Warehouse,87.0,17.0,In Stock,2026-07-20
FUR-CH-10001215,Rotterdam Warehouse,56.0,11.0,IN STOCK,2026-07-20
TEC-PH-10004664,Chicago Warehouse,89.0,17.0,In Stock,20/07/2026
FUR-TA-10004219,Rotterdam Warehouse,140.0,28.0,In Stock,2026-07-20
FUR-TA-10003929,Rotterdam Warehouse,95.0,19.0,In Stock,2026-07-20
OFF-AVE-10004556,Singapore Warehouse,370.0,74.0,IN STOCK,2026-07-20
OFF-SU-10004980,Singapore Warehouse,349.0,69.0,In Stock,2026-07-20
OFF-JIF-10002275,Singapore Warehouse,290.0,58.0,In Stock,2026-07-20
TEC-AC-10002926,Chicago Warehouse,,26.0,In Stock,2026-07-20
OFF-FA-10002015,Singapore Warehouse,382.0,76.0,In Stock,2026-07-20
OFF-BI-10000280,Singapore Warehouse,361.0,72.0,IN STOCK,2026-07-20
FUR-CH-10004009,Rotterdam Warehouse,69.0,13.0,In Stock,2026-07-20
OFF-AP-10003477,Singapore Warehouse,,93.0,In Stock,2026-07-20
OFF-PA-10000194,Singapore Warehouse,482.0,96.0,In Stock,2026-07-20
OFF-AR-10001626,Singapore Warehouse,376.0,,In Stock,2026-07-20
TEC-MA-10002844,Chicago Warehouse,222.0,44.0,In Stock,2026-07-20
OFF-ST-10000078,Singapore Warehouse,220.0,44.0,IN STOCK,2026-07-20
OFF-BI-10001120,Singapore Warehouse,497.0,99.0,In Stock,2026-07-20
OFF-SAN-10001345,Singapore Warehouse,439.0,87.0,In Stock,2026-07-20
OFF-ACC-10004748,Singapore Warehouse,,79.0,In Stock,2026-07-20
FUR-TA-10002951,Rotterdam Warehouse,147.0,29.0,In Stock,
OFF-EN-10003508,Singapore Warehouse,359.0,71.0,In Stock,2026-07-20
OFF-AP-10002457,Singapore Warehouse,213.0,42.0,In Stock,2026-07-20
OFF-EN-10004173,Singapore Warehouse,445.0,89.0,In Stock,2026-07-20
OFF-CUI-10002314,Singapore Warehouse,312.0,62.0,In Stock,2026-07-20
OFF-SU-10001923,Singapore Warehouse,372.0,74.0,In Stock,2026-07-20
OFF-BI-10001639,Singapore Warehouse,251.0,50.0,In Stock,2026-07-20
OFF-PA-10001327,Singapore Warehouse ,423.0,84.0,In Stock,2026-07-20
TEC-HEW-10004652,Chicago Warehouse,220.0,44.0,In Stock,2026-07-20
FUR-TA-10003273,Rotterdam Warehouse,122.0,24.0,In Stock,2026-07-20
TEC-BRO-10004178,Chicago Warehouse,190.0,38.0,In Stock,2026-07-20
OFF-CAM-10003488,Singapore Warehouse,453.0,90.0,In Stock,2026-07-20
OFF-PA-10000091,Singapore Warehouse,480.0,96.0,In Stock,2026-07-20
TEC-SHA-10004390,Chicago Warehouse,80.0,16.0,,2026-07-20
FUR-FU-10003198,Rotterdam Warehouse,100.0,20.0,IN STOCK,2026-07-20
OFF-AP-10001962,Singapore Warehouse,413.0,82.0,In Stock,2026-07-20
FUR-BO-10003333,Rotterdam Warehouse,81.0,16.0,In Stock,2026-07-20
FUR-FU-10003214,Rotterdam Warehouse,75.0,15.0,In Stock,2026-07-20
OFF-LA-10001256,Singapore Warehouse,206.0,41.0,In Stock,2026-07-20
TEC-MA-10004772,Chicago Warehouse,204.0,40.0,IN STOCK,2026-07-20
OFF-FA-10001957,Singapore Warehouse,479.0,95.0,In Stock,2026-07-20
TEC-PH-10003157,Chicago Warehouse,169.0,33.0,In Stock,20/07/2026
TEC-PH-10002392,Chicago Warehouse,203.0,40.0,In Stock,2026-07-20
OFF-AP-10000252,Singapore Warehouse,221.0,44.0,In Stock,2026-07-20
OFF-AP-10000576,Singapore Warehouse,435.0,87.0,In Stock,2026-07-20
OFF-SU-10003173,Singapore Warehouse,444.0,88.0,In Stock,2026-07-20
OFF-PA-10004034,Singapore Warehouse,262.0,52.0,,2026-07-20
FUR-BEV-10004805,Rotterdam Warehouse,138.0,27.0,In Stock,2026-07-20
TEC-PH-10002094,Chicago Warehouse,-158.0,31.0,In Stock,2026-07-20
FUR-FU-10002648,Rotterdam Warehouse,57.0,11.0,In Stock,2026-07-20
OFF-FA-10003716,Singapore Warehouse ,241.0,48.0,In Stock,2026-07-20
TEC-AC-10002170,Chicago Warehouse,250.0,50.0,In Stock,2026-07-20
OFF-SU-10001889,Singapore Warehouse,340.0,,In Stock,2026-07-20
OFF-BI-10001138,Singapore Warehouse,491.0,98.0,In Stock,2026-07-20
TEC-CO-10001954,Chicago Warehouse,105.0,21.0,In Stock,2026-07-20
OFF-AP-10001406,Singapore Warehouse,246.0,49.0,In Stock,2026-07-20
OFF-ST-10004236,Singapore Warehouse,381.0,76.0,In Stock,2026-07-20
TEC-AC-10001756,Chicago Warehouse,215.0,,In Stock,2026-07-20
TEC-CO-10003135,Chicago Warehouse,211.0,42.0,In Stock,2026-07-20
OFF-SU-10002521,Singapore Warehouse,484.0,96.0,In Stock,2026-07-20
OFF-ST-10002822,Singapore Warehouse,281.0,56.0,In Stock,20/07/2026
OFF-PA-10001970,Singapore Warehouse ,491.0,98.0,,2026-07-20
OFF-AP-10003912,Singapore Warehouse,251.0,50.0,In Stock,2026-07-20
OFF-ST-10000990,Singapore Warehouse,268.0,53.0,In Stock,2026-07-20
OFF-EN-10002465,Singapore Warehouse,386.0,77.0,In Stock,2026-07-20
OFF-LA-10002354,Singapore Warehouse,481.0,96.0,In Stock,2026-07-20
OFF-EN-10001028,Singapore Warehouse,399.0,79.0,In Stock,2026-07-20
TEC-PH-10002517,Chicago Warehouse,230.0,46.0,In Stock,2026-07-20
FUR-BO-10000746,Rotterdam Warehouse,50.0,10.0,In Stock,2026-07-20
OFF-LA-10001158,Singapore Warehouse,352.0,70.0,In Stock,2026-07-20
FUR-CH-10003514,Rotterdam Warehouse,131.0,26.0,In Stock,2026-07-20
OFF-XER-10000482,Singapore Warehouse,452.0,,In Stock,2026-07-20
FUR-BO-10001010,Rotterdam Warehouse,116.0,23.0,In Stock,2026-07-20
OFF-KLE-10004112,Singapore Warehouse,422.0,84.0,In Stock,2026-07-20
OFF-EN-10002312,Singapore Warehouse,479.0,95.0,In Stock,2026-07-20
OFF-LA-10000879,Singapore Warehouse,234.0,46.0,In Stock,2026-07-20
OFF-EAT-10003094,Singapore Warehouse,402.0,80.0,In Stock,2026-07-20
OFF-BI-10003708,Singapore Warehouse,408.0,81.0,In Stock,2026-07-20
TEC-SAM-10000779,Chicago Warehouse,245.0,49.0,In Stock,2026-07-20
FUR-BO-10000980,Rotterdam Warehouse,97.0,19.0,In Stock,2026-07-20
OFF-SU-10001573,Singapore Warehouse,385.0,77.0,In Stock,20/07/2026
OFF-FEL-10001796,Singapore Warehouse,498.0,99.0,In Stock,2026-07-20
OFF-BI-10004022,Singapore Warehouse,334.0,66.0,In Stock,2026-07-20
OFF-AR-10003986,Singapore Warehouse,431.0,86.0,In Stock,2026-07-20
FUR-BO-10001498,Rotterdam Warehouse,128.0,25.0,In Stock,2026-07-20
OFF-PA-10003982,Singapore Warehouse,217.0,43.0,In Stock,2026-07-20
FUR-CH-10004063,Rotterdam Warehouse,130.0,26.0,In Stock,2026-07-20
OFF-BI-10003114,Singapore Warehouse,494.0,98.0,In Stock,2026-07-20
OFF-AP-10004246,Singapore Warehouse,401.0,80.0,In Stock,2026-07-20
OFF-ST-10001496,Singapore Warehouse,495.0,99.0,In Stock,2026-07-20
FUR-CH-10001415,Rotterdam Warehouse,91.0,18.0,In Stock,2026-07-20
TEC-STA-10002459,Chicago Warehouse,89.0,17.0,In Stock,2026-07-20
OFF-SU-10001664,Singapore Warehouse,225.0,45.0,In Stock,2026-07-20
TEC-HEW-10003829,Chicago Warehouse,114.0,22.0,In Stock,2026-07-20
TEC-PAN-10002583,Chicago Warehouse,216.0,43.0,In Stock,2026-07-20
TEC-AC-10002647,Chicago Warehouse,172.0,34.0,IN STOCK,2026-07-20
OFF-SAN-10004602,Singapore Warehouse,239.0,47.0,In Stock,2026-07-20
FUR-BO-10003660,Rotterdam Warehouse,133.0,26.0,In Stock,2026-07-20
OFF-SU-10000914,Singapore Warehouse,436.0,87.0,In Stock,2026-07-20
OFF-ST-10003641,Singapore Warehouse,423.0,84.0,In Stock,2026-07-20
FUR-FU-10003622,Rotterdam Warehouse,150.0,30.0,In Stock,2026-07-20
OFF-AP-10000900,Singapore Warehouse,465.0,93.0,In Stock,2026-07-20
FUR-FU-10001144,Rotterdam Warehouse,141.0,28.0,In Stock,2026-07-20
OFF-ST-10001321,Singapore Warehouse,251.0,50.0,In Stock,2026-07-20
OFF-FA-10001596,Singapore Warehouse,204.0,40.0,In Stock,2026-07-20
OFF-TEN-10003148,Singapore Warehouse,361.0,72.0,In Stock,2026-07-20
OFF-AVE-10004308,Singapore Warehouse,462.0,92.0,In Stock,2026-07-20
FUR-CH-10000182,Rotterdam Warehouse,126.0,25.0,In Stock,2026-07-20
OFF-HON-10004014,Singapore Warehouse,478.0,95.0,In Stock,2026-07-20
TEC-MA-10003356,Chicago Warehouse,221.0,44.0,In Stock,2026-07-20
OFF-STO-10003605,Singapore Warehouse,374.0,74.0,In Stock,2026-07-20
OFF-PA-10002047,Singapore Warehouse,443.0,88.0,,2026-07-20
OFF-AME-10003180,Singapore Warehouse,258.0,51.0,In Stock,2026-07-20
FUR-FU-10002223,Rotterdam Warehouse,100.0,20.0,In Stock,2026-07-20
OFF-BI-10003585,Singapore Warehouse,224.0,44.0,In Stock,2026-07-20
FUR-BO-10001216,Rotterdam Warehouse,124.0,24.0,In Stock,2026-07-20
OFF-GRE-10001814,Singapore Warehouse,376.0,75.0,In Stock,2026-07-20
FUR-TEN-10000407,Rotterdam Warehouse,51.0,10.0,In Stock,2026-07-20
OFF-FA-10002676,Singapore Warehouse ,318.0,63.0,In Stock,2026-07-20
OFF-PA-10000673,Singapore Warehouse,356.0,71.0,In Stock,2026-07-20
TEC-PH-10000215,Chicago Warehouse,188.0,37.0,IN STOCK,2026-07-20
OFF-PA-10003892,Singapore Warehouse,200.0,40.0,In Stock,2026-07-20
OFF-BI-10002215,Singapore Warehouse ,452.0,90.0,In Stock,2026-07-20
OFF-ST-10004258,Singapore Warehouse,200.0,40.0,In Stock,2026-07-20
OFF-PA-10000806,Singapore Warehouse ,296.0,59.0,In Stock,2026-07-20
OFF-EN-10000075,Singapore Warehouse,409.0,81.0,In Stock,2026-07-20
FUR-BO-10004695,Rotterdam Warehouse,98.0,19.0,In Stock,2026-07-20
OFF-LA-10000116,Singapore Warehouse,323.0,64.0,In Stock,2026-07-20
OFF-ELD-10001882,Singapore Warehouse ,469.0,93.0,In Stock,2026-07-20
TEC-ENE-10003125,Chicago Warehouse,98.0,19.0,In Stock,2026-07-20
FUR-FU-10003095,Rotterdam Warehouse,109.0,21.0,In Stock,2026-07-20
OFF-PA-10001450,Singapore Warehouse,217.0,43.0,In Stock,2026-07-20
OFF-LA-10003644,Singapore Warehouse,338.0,67.0,In Stock,2026-07-20
FUR-CH-10003448,Rotterdam Warehouse,99.0,19.0,In Stock,2026-07-20
OFF-AR-10000799,Singapore Warehouse,357.0,71.0,In Stock,20/07/2026
OFF-AR-10002037,Singapore Warehouse,427.0,85.0,In Stock,2026-07-20
OFF-AP-10000026,Singapore Warehouse,261.0,52.0,In Stock,2026-07-20
TEC-CO-10003474,Chicago Warehouse,117.0,23.0,In Stock,2026-07-20
FUR-CH-10003298,Rotterdam Warehouse,130.0,26.0,In Stock,2026-07-20
FUR-TA-10004730,Rotterdam Warehouse,103.0,20.0,In Stock,2026-07-20
FUR-CH-10004026,Rotterdam Warehouse,71.0,14.0,In Stock,2026-07-20
TEC-PH-10001552,Chicago Warehouse,84.0,16.0,In Stock,2026-07-20
TEC-CO-10003142,Chicago Warehouse,120.0,24.0,In Stock,20/07/2026
OFF-AR-10001868,Singapore Warehouse,243.0,48.0,In Stock,2026-07-20
OFF-AP-10001529,Singapore Warehouse,277.0,55.0,In Stock,2026-07-20
OFF-FEL-10000070,,441.0,88.0,In Stock,2026-07-20
OFF-PA-10004451,Singapore Warehouse,448.0,89.0,In Stock,2026-07-20
FUR-CH-10002091,Rotterdam Warehouse,110.0,22.0,In Stock,2026-07-20
OFF-ACC-10002167,Singapore Warehouse,366.0,73.0,In Stock,2026-07-20
OFF-BI-10001249,Singapore Warehouse,482.0,96.0,In Stock,2026-07-20
FUR-TA-10001889,Rotterdam Warehouse,113.0,22.0,In Stock,2026-07-20
FUR-BO-10002736,Rotterdam Warehouse,,28.0,IN STOCK,2026-07-20
OFF-NOV-10003499,Singapore Warehouse,481.0,96.0,In Stock,2026-07-20
TEC-MA-10003486,Chicago Warehouse,196.0,39.0,In Stock,2026-07-20
OFF-PA-10002893,Singapore Warehouse,264.0,52.0,In Stock,2026-07-20
FUR-CH-10002045,Rotterdam Warehouse,95.0,19.0,In Stock,20/07/2026
TEC-HEW-10004833,Chicago Warehouse,121.0,24.0,In Stock,2026-07-20
FUR-TA-10000591,Rotterdam Warehouse,150.0,30.0,In Stock,2026-07-20
FUR-TA-10003926,Rotterdam Warehouse,128.0,25.0,In Stock,2026-07-20
OFF-ADV-10001451,Singapore Warehouse ,475.0,95.0,In Stock,2026-07-20
TEC-AC-10003441,Chicago Warehouse,160.0,32.0,IN STOCK,2026-07-20
FUR-CH-10003312,Rotterdam Warehouse,101.0,20.0,IN STOCK,2026-07-20
OFF-PA-10003899,Singapore Warehouse,335.0,67.0,,2026-07-20
OFF-LA-10000114,Singapore Warehouse,496.0,99.0,In Stock,2026-07-20
OFF-JIF-10000704,Singapore Warehouse,236.0,47.0,In Stock,2026-07-20
OFF-LA-10002762,Singapore Warehouse,335.0,67.0,In Stock,2026-07-20
OFF-AR-10001473,Singapore Warehouse,230.0,46.0,In Stock,2026-07-20
OFF-STI-10000144,Singapore Warehouse,269.0,53.0,In Stock,2026-07-20
OFF-SU-10004799,Singapore Warehouse,484.0,96.0,In Stock,2026-07-20
OFF-PA-10004727,Singapore Warehouse,328.0,65.0,In Stock,2026-07-20
TEC-AC-10002001,Chicago Warehouse,121.0,24.0,In Stock,2026-07-20
TEC-AC-10001950,Chicago Warehouse,155.0,31.0,In Stock,2026-07-20
TEC-CO-10003217,Chicago Warehouse,,16.0,In Stock,2026-07-20
TEC-AC-10002015,Chicago Warehouse,,20.0,In Stock,
TEC-CO-10002427,Chicago Warehouse,178.0,35.0,In Stock,2026-07-20
TEC-AC-10000844,Chicago Warehouse,210.0,42.0,In Stock,2026-07-20
OFF-HAM-10004896,Singapore Warehouse,366.0,73.0,IN STOCK,2026-07-20
OFF-EN-10000476,Singapore Warehouse,477.0,95.0,In Stock,2026-07-20
FUR-FU-10004270,Rotterdam Warehouse,83.0,16.0,In Stock,2026-07-20
OFF-SU-10000381,Singapore Warehouse,384.0,76.0,In Stock,2026-07-20
OFF-AR-10004790,Singapore Warehouse,306.0,61.0,In Stock,2026-07-20
TEC-CO-10003534,Chicago Warehouse,115.0,23.0,In Stock,2026-07-20
OFF-AR-10003903,Singapore Warehouse,334.0,66.0,In Stock,2026-07-20
FUR-SAF-10000949,Rotterdam Warehouse,62.0,12.0,IN STOCK,2026-07-20
TEC-PH-10003486,Chicago Warehouse,194.0,38.0,IN STOCK,2026-07-20
OFF-ST-10004835,Singapore Warehouse,234.0,46.0,In Stock,2026-07-20
TEC-MA-10000822,Chicago Warehouse,238.0,47.0,In Stock,2026-07-20
OFF-AR-10001535,Singapore Warehouse,372.0,74.0,,2026-07-20
FUR-TA-10003748,Rotterdam Warehouse ,129.0,25.0,In Stock,2026-07-20
OFF-BI-10001621,Singapore Warehouse,,96.0,In Stock,2026-07-20
OFF-PA-10003492,Singapore Warehouse,361.0,72.0,In Stock,2026-07-20
OFF-AP-10002963,Singapore Warehouse,459.0,91.0,In Stock,2026-07-20
OFF-AR-10001919,Singapore Warehouse,,91.0,In Stock,20/07/2026
TEC-PH-10003652,Chicago Warehouse,104.0,20.0,In Stock,2026-07-20
OFF-PA-10002516,Singapore Warehouse,342.0,68.0,In Stock,2026-07-20
OFF-BI-10000734,Singapore Warehouse,340.0,68.0,In Stock,2026-07-20
TEC-PH-10003683,Chicago Warehouse,176.0,35.0,In Stock,2026-07-20
FUR-FU-10004093,Rotterdam Warehouse,112.0,22.0,In Stock,2026-07-20
TEC-HP -10002603,Chicago Warehouse,81.0,16.0,In Stock,2026-07-20
OFF-BI-10003529,Singapore Warehouse,239.0,47.0,In Stock,2026-07-20
TEC-MA-10002195,Chicago Warehouse,185.0,37.0,In Stock,2026-07-20
OFF-FA-10000509,Singapore Warehouse,476.0,95.0,In Stock,2026-07-20
OFF-SU-10002357,Singapore Warehouse,230.0,46.0,In Stock,2026-07-20
FUR-CH-10004477,Rotterdam Warehouse,124.0,24.0,In Stock,2026-07-20
FUR-TA-10002356,Rotterdam Warehouse,110.0,22.0,In Stock,2026-07-20
OFF-SU-10000650,Singapore Warehouse,216.0,,In Stock,
OFF-HAM-10002455,Singapore Warehouse,361.0,72.0,In Stock,2026-07-20
TEC-APP-10001851,Chicago Warehouse,203.0,40.0,In Stock,2026-07-20
OFF-ST-10003489,Singapore Warehouse,490.0,98.0,IN STOCK,2026-07-20
FUR-BO-10000203,Rotterdam Warehouse,127.0,25.0,In Stock,2026-07-20
OFF-AP-10003473,Singapore Warehouse,369.0,73.0,In Stock,2026-07-20
OFF-AR-10000316,Singapore Warehouse,207.0,41.0,In Stock,2026-07-20
OFF-FA-10004410,Singapore Warehouse,365.0,73.0,In Stock,2026-07-20
OFF-BI-10002609,Singapore Warehouse,250.0,50.0,In Stock,2026-07-20
FUR-IKE-10000619,Rotterdam Warehouse,58.0,11.0,In Stock,2026-07-20
TEC-AC-10004102,Chicago Warehouse,242.0,48.0,In Stock,2026-07-20
OFF-ST-10004950,Singapore Warehouse,208.0,41.0,In Stock,2026-07-20
TEC-PH-10000576,Chicago Warehouse,207.0,41.0,In Stock,2026-07-20
OFF-ACC-10004871,Singapore Warehouse,398.0,79.0,In Stock,2026-07-20
OFF-FA-10001184,Singapore Warehouse,437.0,87.0,,2026-07-20
OFF-FA-10000256,Singapore Warehouse,422.0,84.0,In Stock,2026-07-20
OFF-BI-10002026,Singapore Warehouse,452.0,90.0,In Stock,20/07/2026
TEC-PH-10003348,Chicago Warehouse,157.0,31.0,In Stock,2026-07-20
TEC-APP-10001586,Chicago Warehouse,238.0,47.0,In Stock,2026-07-20
OFF-NOV-10004223,Singapore Warehouse,410.0,82.0,In Stock,2026-07-20
OFF-PA-10003455,Singapore Warehouse,322.0,64.0,In Stock,
FUR-BO-10003185,Rotterdam Warehouse,139.0,27.0,In Stock,2026-07-20
OFF-BI-10001662,Singapore Warehouse,262.0,52.0,In Stock,2026-07-20
OFF-BI-10003981,Singapore Warehouse,450.0,90.0,In Stock,2026-07-20
OFF-FA-10001213,Singapore Warehouse,273.0,54.0,IN STOCK,2026-07-20
OFF-EN-10004296,Singapore Warehouse,389.0,77.0,In Stock,2026-07-20
TEC-PH-10004300,Chicago Warehouse,89.0,17.0,In Stock,2026-07-20
OFF-AP-10000528,Singapore Warehouse,306.0,61.0,In Stock,2026-07-20
OFF-FA-10001026,Singapore Warehouse,270.0,54.0,In Stock,2026-07-20
OFF-AP-10001568,Singapore Warehouse,480.0,96.0,In Stock,2026-07-20
OFF-EN-10004309,Singapore Warehouse,366.0,73.0,In Stock,2026-07-20
OFF-SU-10002032,Singapore Warehouse,325.0,65.0,In Stock,2026-07-20
OFF-XER-10003300,Singapore Warehouse,308.0,61.0,In Stock,2026-07-20
TEC-MOT-10002855,Chicago Warehouse,148.0,29.0,In Stock,2026-07-20
OFF-SU-10000207,Singapore Warehouse,377.0,75.0,In Stock,2026-07-20
OFF-PA-10000551,Singapore Warehouse,321.0,64.0,In Stock,2026-07-20
FUR-BO-10004388,Rotterdam Warehouse,94.0,18.0,In Stock,2026-07-20
FUR-TA-10001228,Rotterdam Warehouse,143.0,28.0,IN STOCK,2026-07-20
TEC-PH-10001615,Chicago Warehouse ,165.0,33.0,In Stock,2026-07-20
OFF-SU-10002775,Singapore Warehouse,256.0,51.0,In Stock,2026-07-20
TEC-MA-10002722,Chicago Warehouse,231.0,46.0,In Stock,2026-07-20
FUR-TA-10004371,Rotterdam Warehouse,131.0,26.0,In Stock,2026-07-20
TEC-MA-10002468,Chicago Warehouse,247.0,49.0,In Stock,2026-07-20
OFF-BI-10004376,Singapore Warehouse,282.0,56.0,In Stock,2026-07-20
OFF-PA-10004854,Singapore Warehouse,486.0,97.0,In Stock,2026-07-20
OFF-LA-10000477,Singapore Warehouse,406.0,81.0,In Stock,20/07/2026
TEC-AC-10002900,Chicago Warehouse,81.0,16.0,In Stock,2026-07-20
FUR-FU-10000087,Rotterdam Warehouse,134.0,26.0,In Stock,2026-07-20
OFF-ST-10004141,Singapore Warehouse,306.0,61.0,In Stock,2026-07-20
TEC-AC-10002399,Chicago Warehouse,211.0,42.0,In Stock,2026-07-20
OFF-PA-10003823,Singapore Warehouse,493.0,98.0,In Stock,2026-07-20
OFF-BI-10001028,Singapore Warehouse,297.0,59.0,In Stock,2026-07-20
TEC-PH-10004450,Chicago Warehouse,213.0,42.0,In Stock,2026-07-20
OFF-ENE-10002833,Singapore Warehouse,425.0,85.0,In Stock,2026-07-20
TEC-KON-10000005,Chicago Warehouse,152.0,30.0,In Stock,2026-07-20
OFF-LA-10000901,Singapore Warehouse,293.0,58.0,In Stock,20/07/2026
TEC-BRO-10001938,Chicago Warehouse,248.0,49.0,In Stock,2026-07-20
OFF-EAT-10004696,Singapore Warehouse,312.0,62.0,In Stock,2026-07-20
TEC-PAN-10003382,Chicago Warehouse,132.0,26.0,In Stock,2026-07-20
FUR-HAR-10002223,Rotterdam Warehouse,95.0,19.0,In Stock,2026-07-20
FUR-CH-10002152,Rotterdam Warehouse,66.0,13.0,In Stock,
OFF-BI-10001249,Singapore Warehouse,316.0,63.0,In Stock,2026-07-20
TEC-CO-10002678,Chicago Warehouse,110.0,22.0,In Stock,2026-07-20
OFF-LA-10003551,Singapore Warehouse,299.0,59.0,In Stock,2026-07-20
OFF-SU-10000697,Singapore Warehouse,357.0,71.0,In Stock,2026-07-20
FUR-FU-10000762,Rotterdam Warehouse,72.0,14.0,In Stock,2026-07-20
OFF-EN-10001219,Singapore Warehouse,226.0,45.0,In Stock,2026-07-20
OFF-SU-10004435,Singapore Warehouse,392.0,78.0,In Stock,2026-07-20
OFF-ST-10004857,Singapore Warehouse,303.0,60.0,In Stock,2026-07-20
OFF-PA-10004609,Singapore Warehouse,215.0,43.0,In Stock,2026-07-20
OFF-BI-10002424,Singapore Warehouse,382.0,76.0,In Stock,2026-07-20
TEC-AC-10003814,Chicago Warehouse,103.0,20.0,In Stock,2026-07-20
TEC-AC-10003964,Chicago Warehouse,164.0,32.0,In Stock,2026-07-20
OFF-BI-10000831,Singapore Warehouse,428.0,85.0,In Stock,2026-07-20
OFF-PA-10000781,Singapore Warehouse,288.0,57.0,In-Stock,2026-07-20
OFF-LA-10003898,Singapore Warehouse,479.0,95.0,IN STOCK,2026-07-20
OFF-AP-10003625,,394.0,78.0,In Stock,2026-07-20
OFF-LA-10003084,Singapore Warehouse,237.0,47.0,In Stock,2026-07-20
TEC-AC-10001719,Chicago Warehouse,171.0,34.0,In Stock,2026-07-20
OFF-AR-10003056,Singapore Warehouse,283.0,56.0,In Stock,2026-07-20
FUR-FU-10004848,Rotterdam Warehouse,110.0,22.0,In Stock,2026-07-20
OFF-BI-10004446,Singapore Warehouse,375.0,75.0,In Stock,2026-07-20
OFF-AR-10000804,Singapore Warehouse,485.0,97.0,In Stock,2026-07-20
OFF-LA-10003435,Singapore Warehouse,332.0,66.0,In Stock,2026-07-20
OFF-LA-10003215,Singapore Warehouse ,230.0,46.0,In Stock,2026-07-20
OFF-CAR-10002942,Singapore Warehouse,404.0,80.0,In Stock,2026-07-20
OFF-BI-10001284,Singapore Warehouse,451.0,90.0,In Stock,2026-07-20
OFF-AP-10003184,Singapore Warehouse,255.0,51.0,In Stock,2026-07-20
OFF-BIN-10001715,Singapore Warehouse,475.0,95.0,In Stock,2026-07-20
TEC-MA-10000765,Chicago Warehouse,111.0,22.0,IN STOCK,2026-07-20
OFF-PA-10002787,Singapore Warehouse,,72.0,In Stock,2026-07-20
OFF-AP-10003971,Singapore Warehouse,352.0,70.0,In Stock,2026-07-20
OFF-BI-10004121,Singapore Warehouse,272.0,54.0,IN STOCK,2026-07-20
OFF-SME-10004518,Singapore Warehouse,393.0,78.0,In Stock,2026-07-20
OFF-SME-10004926,Singapore Warehouse,205.0,41.0,IN STOCK,2026-07-20
OFF-AR-10000082,Singapore Warehouse,321.0,64.0,In Stock,2026-07-20
OFF-EN-10003636,Singapore Warehouse,439.0,87.0,In Stock,2026-07-20
OFF-AR-10001315,Singapore Warehouse,465.0,93.0,In Stock,2026-07-20
FUR-CH-10004467,Rotterdam Warehouse,150.0,30.0,In Stock,2026-07-20
OFF-STA-10003908,Singapore Warehouse,407.0,81.0,In Stock,2026-07-20
OFF-AR-10002824,Singapore Warehouse,251.0,50.0,In Stock,2026-07-20
OFF-OIC-10002161,,227.0,45.0,IN STOCK,2026-07-20
OFF-EN-10000383,Singapore Warehouse,443.0,88.0,In Stock,2026-07-20
FUR-FU-10003886,Rotterdam Warehouse,68.0,13.0,In Stock,2026-07-20
OFF-PA-10003956,Singapore Warehouse,226.0,45.0,In Stock,2026-07-20
OFF-ST-10004367,Singapore Warehouse,407.0,81.0,In Stock,2026-07-20
OFF-ST-10001372,Singapore Warehouse,496.0,99.0,In Stock,2026-07-20
TEC-MA-10002680,Chicago Warehouse,183.0,36.0,In Stock,2026-07-20
OFF-ST-10002343,Singapore Warehouse,406.0,81.0,In Stock,2026-07-20
TEC-AC-10002581,Chicago Warehouse ,204.0,40.0,In Stock,2026-07-20
OFF-LA-10004737,Singapore Warehouse,276.0,55.0,In Stock,2026-07-20
OFF-AP-10000179,Singapore Warehouse,366.0,73.0,In Stock,2026-07-20
OFF-ST-10001325,Singapore Warehouse,372.0,74.0,In Stock,2026-07-20
TEC-AC-10001082,Chicago Warehouse,194.0,38.0,In Stock,2026-07-20
OFF-FA-10001045,Singapore Warehouse,255.0,51.0,In Stock,2026-07-20
OFF-BI-10000121,Singapore Warehouse,328.0,65.0,In Stock,2026-07-20
TEC-AC-10001383,Chicago Warehouse,188.0,37.0,In Stock,2026-07-20
OFF-BI-10001199,Singapore Warehouse,479.0,95.0,In Stock,2026-07-20
TEC-EPS-10001644,Chicago Warehouse,101.0,20.0,In Stock,2026-07-20
FUR-TA-10002868,Rotterdam Warehouse,73.0,14.0,In Stock,2026-07-20
TEC-AC-10004393,Chicago Warehouse,164.0,32.0,In Stock,2026-07-20
OFF-AR-10001773,Singapore Warehouse,393.0,78.0,In Stock,
TEC-LOG-10002218,Chicago Warehouse,120.0,24.0,In Stock,2026-07-20
OFF-BI-10001397,Singapore Warehouse,496.0,99.0,In Stock,2026-07-20
OFF-BI-10002976,Singapore Warehouse,340.0,68.0,In Stock,2026-07-20
FUR-RUB-10000958,Rotterdam Warehouse,125.0,25.0,In Stock,2026-07-20
TEC-MA-10004482,Chicago Warehouse,125.0,25.0,,2026-07-20
OFF-AP-10003266,Singapore Warehouse,320.0,64.0,In Stock,2026-07-20
TEC-MA-10000684,Chicago Warehouse ,217.0,43.0,In Stock,2026-07-20
OFF-EN-10000539,Singapore Warehouse,345.0,69.0,In Stock,2026-07-20
OFF-EN-10003520,Singapore Warehouse,238.0,47.0,In Stock,2026-07-20
FUR-CH-10000005,Rotterdam Warehouse,82.0,16.0,In Stock,2026-07-20
TEC-CO-10001894,Chicago Warehouse,230.0,46.0,In Stock,2026-07-20
OFF-HON-10002610,Singapore Warehouse,257.0,51.0,In Stock,2026-07-20
OFF-EN-10002035,Singapore Warehouse,243.0,48.0,In Stock,2026-07-20
OFF-AR-10000266,,394.0,78.0,In Stock,2026-07-20
OFF-FEL-10004665,Singapore Warehouse,468.0,93.0,In Stock,2026-07-20
OFF-PA-10001086,Singapore Warehouse,448.0,89.0,In Stock,2026-07-20
OFF-BI-10001153,Singapore Warehouse,229.0,45.0,In Stock,2026-07-20
FUR-TEN-10000558,Rotterdam Warehouse,141.0,28.0,In Stock,2026-07-20
OFF-GLO-10000617,Singapore Warehouse,488.0,97.0,In Stock,2026-07-20
FUR-BO-10000676,Rotterdam Warehouse ,102.0,20.0,In Stock,2026-07-20
TEC-CO-10002788,Chicago Warehouse,214.0,42.0,In Stock,2026-07-20
FUR-TA-10003291,Rotterdam Warehouse,114.0,22.0,In Stock,2026-07-20
FUR-TA-10003527,Rotterdam Warehouse,73.0,14.0,In Stock,20/07/2026
OFF-SAN-10003226,Singapore Warehouse,214.0,42.0,,2026-07-20
FUR-CH-10004783,Rotterdam Warehouse,138.0,27.0,In Stock,2026-07-20
OFF-LA-10001184,Singapore Warehouse,247.0,49.0,In Stock,2026-07-20
OFF-STA-10003756,Singapore Warehouse,233.0,,In Stock,2026-07-20
OFF-AP-10001293,Singapore Warehouse,271.0,54.0,In Stock,2026-07-20
FUR-FU-10003540,Rotterdam Warehouse,130.0,26.0,In Stock,2026-07-20
TEC-MA-10002844,Chicago Warehouse,139.0,27.0,In Stock,2026-07-20
OFF-ST-10004331,Singapore Warehouse ,299.0,59.0,In Stock,2026-07-20
OFF-ST-10001460,Singapore Warehouse,469.0,93.0,IN STOCK,2026-07-20
FUR-TA-10001549,Rotterdam Warehouse,74.0,14.0,In Stock,2026-07-20
OFF-BI-10000632,Singapore Warehouse,478.0,95.0,In Stock,2026-07-20
OFF-ACM-10002816,Singapore Warehouse,357.0,71.0,IN STOCK,2026-07-20
OFF-LA-10003388,Singapore Warehouse,248.0,49.0,In Stock,2026-07-20
FUR-RUB-10003411,Rotterdam Warehouse,50.0,10.0,In Stock,2026-07-20
OFF-ST-10001858,Singapore Warehouse,330.0,66.0,In Stock,2026-07-20
OFF-XER-10004042,Singapore Warehouse,239.0,47.0,In Stock,2026-07-20
TEC-MA-10001792,Chicago Warehouse,125.0,25.0,In Stock,2026-07-20
TEC-AC-10002883,Chicago Warehouse,100.0,20.0,In Stock,2026-07-20
FUR-HON-10003871,Rotterdam Warehouse,70.0,14.0,In Stock,2026-07-20
TEC-PH-10000158,Chicago Warehouse,192.0,38.0,In Stock,2026-07-20
FUR-BO-10002214,Rotterdam Warehouse,65.0,,In Stock,2026-07-20
OFF-BI-10002853,Singapore Warehouse,301.0,60.0,In Stock,2026-07-20
TEC-CAN-10001376,Chicago Warehouse,161.0,32.0,IN STOCK,2026-07-20
TEC-CO-10003574,Chicago Warehouse,226.0,45.0,In Stock,2026-07-20
OFF-BI-10004728,Singapore Warehouse,205.0,41.0,In Stock,2026-07-20
OFF-BI-10002446,Singapore Warehouse,475.0,95.0,In Stock,2026-07-20
OFF-EN-10001476,Singapore Warehouse,237.0,47.0,In Stock,2026-07-20
FUR-BO-10004238,Rotterdam Warehouse,113.0,22.0,In Stock,2026-07-20
FUR-TA-10003747,Rotterdam Warehouse,101.0,20.0,In Stock,2026-07-20
TEC-CO-10003448,Chicago Warehouse,128.0,25.0,In Stock,2026-07-20
FUR-CH-10001536,Rotterdam Warehouse,96.0,19.0,In Stock,2026-07-20
OFF-OIC-10003518,Singapore Warehouse,232.0,46.0,In Stock,2026-07-20
OFF-AP-10002090,Singapore Warehouse,395.0,79.0,In Stock,2026-07-20
OFF-AR-10000027,Singapore Warehouse,339.0,67.0,In Stock,2026-07-20
FUR-BO-10002213,Rotterdam Warehouse,107.0,21.0,In Stock,2026-07-20
FUR-FU-10000723,Rotterdam Warehouse,113.0,22.0,In Stock,2026-07-20
FUR-BAR-10000831,Rotterdam Warehouse,120.0,24.0,In Stock,2026-07-20
OFF-AR-10001074,Singapore Warehouse,200.0,40.0,,2026-07-20
OFF-AR-10001246,Singapore Warehouse,337.0,67.0,In Stock,2026-07-20
FUR-BO-10001476,Rotterdam Warehouse ,88.0,17.0,In Stock,2026-07-20
OFF-SU-10001442,Singapore Warehouse,438.0,87.0,In Stock,2026-07-20
FUR-BO-10001699,Rotterdam Warehouse,112.0,22.0,In Stock,2026-07-20
OFF-FA-10001783,Singapore Warehouse,450.0,90.0,In Stock,2026-07-20
OFF-LA-10000590,Singapore Warehouse,355.0,71.0,In Stock,2026-07-20
OFF-EN-10004560,Singapore Warehouse,442.0,88.0,In Stock,20/07/2026
OFF-XER-10000641,Singapore Warehouse,449.0,89.0,In Stock,
OFF-LA-10001793,Singapore Warehouse ,338.0,67.0,In Stock,2026-07-20
TEC-SHA-10002753,Chicago Warehouse,98.0,19.0,In Stock,2026-07-20
FUR-TA-10004306,Rotterdam Warehouse,150.0,30.0,,2026-07-20
FUR-FU-10004339,Rotterdam Warehouse,139.0,27.0,In Stock,2026-07-20
OFF-AVE-10000802,Singapore Warehouse,364.0,72.0,In Stock,2026-07-20
OFF-AR-10000431,Singapore Warehouse,433.0,86.0,In Stock,2026-07-20
OFF-SU-10002215,Singapore Warehouse,311.0,62.0,In Stock,2026-07-20
OFF-EN-10003072,Singapore Warehouse,296.0,59.0,In Stock,2026-07-20
FUR-CH-10004853,Rotterdam Warehouse,122.0,24.0,In Stock,2026-07-20
OFF-LA-10002180,Singapore Warehouse,269.0,53.0,In Stock,20/07/2026
FUR-FU-10001215,Rotterdam Warehouse,149.0,29.0,IN STOCK,2026-07-20
OFF-BI-10003519,Singapore Warehouse,302.0,60.0,In Stock,2026-07-20
OFF-ST-10003411,Singapore Warehouse,268.0,53.0,In Stock,2026-07-20
OFF-ADV-10000213,Singapore Warehouse,441.0,88.0,In Stock,2026-07-20
OFF-PA-10001204,Singapore Warehouse,399.0,79.0,IN STOCK,2026-07-20
OFF-FA-10000059,Singapore Warehouse,322.0,64.0,In Stock,2026-07-20
TEC-MA-10003979,Chicago Warehouse,102.0,20.0,In Stock,2026-07-20
TEC-PH-10000923,Chicago Warehouse,158.0,31.0,In Stock,2026-07-20
TEC-PH-10000373,Chicago Warehouse,220.0,44.0,In Stock,2026-07-20
OFF-BI-10003718,Singapore Warehouse,208.0,41.0,In Stock,2026-07-20
FUR-TA-10000052,Rotterdam Warehouse,103.0,20.0,In Stock,2026-07-20
OFF-BI-10002557,Singapore Warehouse,214.0,42.0,In Stock,2026-07-20
TEC-PH-10004223,Chicago Warehouse,173.0,34.0,In Stock,2026-07-20
FUR-BO-10000265,Rotterdam Warehouse,73.0,14.0,In Stock,2026-07-20
FUR-FU-10003960,,107.0,21.0,In Stock,2026-07-20
TEC-MA-10001546,Chicago Warehouse,180.0,36.0,In Stock,2026-07-20
FUR-FU-10002459,Rotterdam Warehouse,72.0,14.0,In Stock,2026-07-20
OFF-SU-10003130,Singapore Warehouse,231.0,46.0,In Stock,2026-07-20
OFF-LA-10001719,Singapore Warehouse,390.0,78.0,In Stock,2026-07-20
OFF-AR-10002766,Singapore Warehouse,340.0,68.0,In Stock,2026-07-20
FUR-FU-10003414,Rotterdam Warehouse,99.0,19.0,In Stock,2026-07-20
OFF-FA-10004754,Singapore Warehouse,260.0,52.0,In Stock,2026-07-20
FUR-FU-10002928,Rotterdam Warehouse,60.0,12.0,In Stock,20/07/2026
OFF-BRE-10001343,Singapore Warehouse,399.0,79.0,In Stock,2026-07-20
TEC-CO-10003007,Chicago Warehouse,154.0,30.0,In Stock,2026-07-20
FUR-TEN-10000002,Rotterdam Warehouse,93.0,18.0,IN STOCK,2026-07-20
TEC-MEM-10000723,Chicago Warehouse,114.0,,In Stock,2026-07-20
OFF-FA-10003021,Singapore Warehouse,235.0,47.0,In Stock,2026-07-20
OFF-ST-10003572,Singapore Warehouse,450.0,90.0,In Stock,2026-07-20
OFF-PA-10000453,Singapore Warehouse,335.0,67.0,IN STOCK,2026-07-20
OFF-LA-10001738,Singapore Warehouse,327.0,65.0,In Stock,2026-07-20
OFF-BI-10004181,Singapore Warehouse,222.0,44.0,In Stock,2026-07-20
FUR-BO-10004660,Rotterdam Warehouse,92.0,18.0,In Stock,2026-07-20
OFF-FA-10001877,Singapore Warehouse,271.0,54.0,In Stock,2026-07-20
OFF-SU-10000997,Singapore Warehouse,254.0,50.0,In Stock,2026-07-20
OFF-CAM-10002611,Singapore Warehouse,478.0,95.0,In Stock,2026-07-20
FUR-CH-10000745,Rotterdam Warehouse,144.0,28.0,In Stock,2026-07-20
OFF-BI-10000769,Singapore Warehouse,298.0,59.0,In Stock,2026-07-20
TEC-MA-10001934,Chicago Warehouse ,177.0,35.0,In Stock,2026-07-20
OFF-PA-10000951,Singapore Warehouse,309.0,61.0,In Stock,2026-07-20
FUR-TA-10003451,Rotterdam Warehouse,150.0,30.0,In Stock,2026-07-20
OFF-FA-10001304,Singapore Warehouse,449.0,89.0,In Stock,20/07/2026
FUR-FU-10002919,Rotterdam Warehouse,53.0,10.0,In Stock,2026-07-20
TEC-AC-10003289,Chicago Warehouse,112.0,22.0,In Stock,2026-07-20
OFF-NOV-10004585,Singapore Warehouse,343.0,68.0,In Stock,2026-07-20
OFF-PA-10004475,Singapore Warehouse,426.0,85.0,In Stock,2026-07-20
TEC-MA-10004241,Chicago Warehouse,199.0,39.0,In Stock,2026-07-20
FUR-FU-10002933,Rotterdam Warehouse,98.0,19.0,In Stock,2026-07-20
TEC-PH-10002572,Chicago Warehouse,88.0,17.0,In Stock,2026-07-20
FUR-FU-10000221,Rotterdam Warehouse,89.0,17.0,In Stock,2026-07-20
OFF-BI-10000359,Singapore Warehouse,357.0,71.0,In Stock,2026-07-20
OFF-AP-10003021,Singapore Warehouse,287.0,57.0,In Stock,2026-07-20
TEC-EPS-10000053,Chicago Warehouse,122.0,24.0,In-Stock,
FUR-CH-10004676,Rotterdam Warehouse,148.0,29.0,In Stock,2026-07-20
FUR-BO-10001601,Rotterdam Warehouse,113.0,22.0,In Stock,2026-07-20
OFF-AR-10001402,Singapore Warehouse,309.0,61.0,In Stock,2026-07-20
OFF-LA-10004234,Singapore Warehouse,498.0,99.0,In Stock,2026-07-20
FUR-BO-10003738,Rotterdam Warehouse,,24.0,,20/07/2026
TEC-AC-10003403,Chicago Warehouse,180.0,36.0,In Stock,2026-07-20
OFF-BI-10002498,Singapore Warehouse,382.0,76.0,In Stock,2026-07-20
FUR-FU-10001096,Rotterdam Warehouse,76.0,15.0,IN STOCK,2026-07-20
OFF-EN-10002723,Singapore Warehouse,479.0,95.0,In Stock,2026-07-20
TEC-CIS-10003676,Chicago Warehouse,122.0,24.0,In Stock,2026-07-20
OFF-HAR-10003514,,293.0,58.0,In Stock,2026-07-20
OFF-SU-10003688,Singapore Warehouse,317.0,63.0,IN STOCK,2026-07-20
TEC-MA-10000379,Chicago Warehouse,,20.0,In Stock,2026-07-20
OFF-EN-10004030,Singapore Warehouse,286.0,57.0,In Stock,2026-07-20
TEC-PH-10000895,Chicago Warehouse,89.0,17.0,In Stock,2026-07-20
OFF-AP-10001621,Singapore Warehouse,472.0,94.0,In Stock,2026-07-20
OFF-SU-10003259,,435.0,87.0,In Stock,2026-07-20
FUR-FU-10003918,Rotterdam Warehouse,138.0,27.0,In Stock,2026-07-20
OFF-FA-10001680,Singapore Warehouse,371.0,74.0,In Stock,2026-07-20
OFF-ST-10000636,,459.0,91.0,In Stock,2026-07-20
OFF-SU-10003545,Singapore Warehouse,263.0,52.0,In Stock,2026-07-20
OFF-AR-10004744,Singapore Warehouse,392.0,78.0,In Stock,20/07/2026
FUR-CH-10003861,Rotterdam Warehouse,89.0,17.0,In Stock,2026-07-20
OFF-BI-10000206,Singapore Warehouse,200.0,40.0,In Stock,2026-07-20
OFF-BI-10004654,Singapore Warehouse,463.0,,In Stock,2026-07-20
FUR-BUS-10002040,Rotterdam Warehouse,120.0,24.0,In Stock,20/07/2026
FUR-CH-10002944,Rotterdam Warehouse,63.0,12.0,In Stock,2026-07-20
OFF-BRE-10000157,Singapore Warehouse,347.0,69.0,In Stock,2026-07-20
OFF-PA-10000960,Singapore Warehouse,408.0,81.0,In Stock,2026-07-20
TEC-AC-10003276,Chicago Warehouse,250.0,50.0,In Stock,2026-07-20
OFF-FIS-10001399,Singapore Warehouse,253.0,50.0,In Stock,2026-07-20
FUR-BO-10004806,Rotterdam Warehouse,100.0,20.0,In Stock,2026-07-20
FUR-TA-10003510,Rotterdam Warehouse,134.0,26.0,In Stock,2026-07-20
TEC-OKI-10003050,Chicago Warehouse,124.0,24.0,In Stock,2026-07-20
OFF-ACC-10004364,Singapore Warehouse,315.0,63.0,In Stock,2026-07-20
FUR-CH-10003440,,136.0,27.0,In Stock,2026-07-20
OFF-PA-10003172,Singapore Warehouse,439.0,87.0,IN STOCK,2026-07-20
OFF-ACC-10004538,Singapore Warehouse,408.0,81.0,IN STOCK,2026-07-20
TEC-PH-10004554,Chicago Warehouse,96.0,19.0,In Stock,2026-07-20
OFF-PA-10003981,Singapore Warehouse,428.0,85.0,In Stock,2026-07-20
OFF-AR-10003629,Singapore Warehouse,284.0,56.0,In Stock,2026-07-20
OFF-PA-10000994,Singapore Warehouse,366.0,73.0,In Stock,2026-07-20
OFF-ROG-10004393,Singapore Warehouse,291.0,58.0,In Stock,2026-07-20
FUR-BO-10001835,Rotterdam Warehouse,85.0,17.0,In Stock,2026-07-20
OFF-AP-10001626,Singapore Warehouse,379.0,75.0,In Stock,2026-07-20
OFF-ST-10001128,Singapore Warehouse,422.0,84.0,In Stock,20/07/2026
TEC-CO-10002055,Chicago Warehouse,129.0,25.0,In Stock,2026-07-20
FUR-CH-10001675,Rotterdam Warehouse,111.0,22.0,In Stock,2026-07-20
FUR-FU-10000918,Rotterdam Warehouse,138.0,27.0,In Stock,2026-07-20
OFF-XER-10003104,Singapore Warehouse,407.0,81.0,In Stock,2026-07-20
TEC-MA-10003673,Chicago Warehouse,133.0,26.0,In Stock,2026-07-20
FUR-FU-10001078,Rotterdam Warehouse,103.0,20.0,In Stock,2026-07-20
OFF-AP-10000487,Singapore Warehouse ,388.0,77.0,In Stock,2026-07-20
TEC-HP -10000464,Chicago Warehouse,143.0,28.0,In Stock,2026-07-20
TEC-OKI-10002547,Chicago Warehouse,234.0,46.0,In Stock,2026-07-20
OFF-SU-10004110,Singapore Warehouse,278.0,55.0,In Stock,2026-07-20
OFF-EN-10003854,Singapore Warehouse ,314.0,62.0,In Stock,2026-07-20
FUR-CH-10003249,Rotterdam Warehouse,111.0,22.0,In Stock,2026-07-20
OFF-BRE-10004359,Singapore Warehouse,497.0,99.0,In Stock,2026-07-20
OFF-OIC-10003366,Singapore Warehouse,372.0,74.0,In Stock,2026-07-20
OFF-PA-10002231,Singapore Warehouse,319.0,63.0,In Stock,
FUR-FU-10000794,Rotterdam Warehouse,-108.0,21.0,In Stock,2026-07-20
TEC-AC-10002607,Chicago Warehouse,148.0,29.0,In Stock,2026-07-20
TEC-PH-10004825,Chicago Warehouse,195.0,39.0,IN STOCK,2026-07-20
TEC-CO-10001317,Chicago Warehouse,87.0,17.0,,2026-07-20
TEC-CO-10001450,Chicago Warehouse,202.0,40.0,In Stock,2026-07-20
OFF-ST-10003266,Singapore Warehouse,281.0,56.0,In Stock,2026-07-20
TEC-LOG-10001871,Chicago Warehouse,124.0,24.0,In Stock,2026-07-20
OFF-BI-10004440,Singapore Warehouse,414.0,82.0,In Stock,2026-07-20
OFF-EN-10003859,Singapore Warehouse,332.0,66.0,In Stock,2026-07-20
OFF-EN-10002784,Singapore Warehouse,392.0,78.0,In Stock,2026-07-20
OFF-ACC-10003909,Singapore Warehouse,499.0,99.0,In Stock,2026-07-20
OFF-SU-10004480,Singapore Warehouse,432.0,86.0,In Stock,2026-07-20
TEC-CO-10004027,Chicago Warehouse,131.0,26.0,In Stock,2026-07-20
OFF-SU-10001586,Singapore Warehouse,209.0,41.0,In Stock,2026-07-20
OFF-ST-10000130,Singapore Warehouse,245.0,49.0,In Stock,2026-07-20
OFF-FA-10002264,Singapore Warehouse,353.0,70.0,In Stock,2026-07-20
OFF-BI-10004510,Singapore Warehouse,463.0,92.0,In Stock,2026-07-20
OFF-EN-10002090,Singapore Warehouse,391.0,78.0,In Stock,2026-07-20
OFF-STO-10004302,Singapore Warehouse,,80.0,In Stock,2026-07-20
OFF-AR-10000706,Singapore Warehouse,364.0,72.0,In Stock,2026-07-20
FUR-TA-10000617,Rotterdam Warehouse,59.0,11.0,In Stock,2026-07-20
TEC-CO-10000660,Chicago Warehouse,247.0,49.0,In Stock,2026-07-20
FUR-TA-10001086,Rotterdam Warehouse,148.0,29.0,In Stock,2026-07-20
OFF-PA-10004124,Singapore Warehouse,253.0,50.0,In Stock,20/07/2026
OFF-AR-10004817,Singapore Warehouse,282.0,56.0,In Stock,2026-07-20
OFF-ST-10000884,Singapore Warehouse,387.0,77.0,In Stock,2026-07-20
OFF-SU-10003535,Singapore Warehouse,466.0,93.0,In Stock,2026-07-20
OFF-SU-10001212,Singapore Warehouse,253.0,50.0,In Stock,2026-07-20
FUR-CH-10004572,Rotterdam Warehouse,118.0,23.0,In Stock,2026-07-20
OFF-BIN-10004512,Singapore Warehouse ,223.0,44.0,In Stock,2026-07-20
FUR-RUB-10004036,Rotterdam Warehouse,131.0,26.0,In Stock,2026-07-20
TEC-PH-10001117,Chicago Warehouse,138.0,27.0,In Stock,2026-07-20
FUR-FU-10001617,Rotterdam Warehouse,112.0,22.0,In Stock,2026-07-20
TEC-MA-10002392,Chicago Warehouse,80.0,16.0,In Stock,2026-07-20
TEC-SAN-10002254,Chicago Warehouse,219.0,43.0,In Stock,2026-07-20
OFF-BI-10003009,Singapore Warehouse,395.0,79.0,In Stock,2026-07-20
OFF-PA-10004100,Singapore Warehouse,268.0,53.0,In Stock,2026-07-20
FUR-BO-10001567,Rotterdam Warehouse,85.0,17.0,In Stock,2026-07-20
TEC-PH-10001750,Chicago Warehouse,120.0,24.0,In Stock,2026-07-20
OFF-LA-10004166,Singapore Warehouse,237.0,47.0,IN STOCK,2026-07-20
OFF-BI-10000335,Singapore Warehouse,430.0,86.0,In Stock,2026-07-20
OFF-PA-10002563,Singapore Warehouse,224.0,44.0,In Stock,2026-07-20
OFF-PA-10002464,Singapore Warehouse,359.0,71.0,In Stock,2026-07-20
TEC-PH-10004358,Chicago Warehouse,223.0,44.0,In Stock,2026-07-20
FUR-FU-10000361,Rotterdam Warehouse,,24.0,In Stock,2026-07-20
OFF-AP-10003334,Singapore Warehouse,369.0,73.0,In Stock,2026-07-20
TEC-PH-10001619,Chicago Warehouse,208.0,41.0,In Stock,2026-07-20
OFF-AP-10000509,Singapore Warehouse,399.0,79.0,In Stock,2026-07-20
OFF-FA-10002803,Singapore Warehouse,496.0,99.0,In Stock,2026-07-20
OFF-LA-10003809,Singapore Warehouse,234.0,46.0,IN STOCK,2026-07-20
OFF-LA-10002741,Singapore Warehouse,373.0,74.0,In Stock,2026-07-20
OFF-BIN-10001274,Singapore Warehouse,259.0,51.0,In Stock,2026-07-20
OFF-ST-10002902,Singapore Warehouse,336.0,67.0,In Stock,2026-07-20
OFF-PA-10002416,Singapore Warehouse,206.0,41.0,In Stock,2026-07-20
FUR-BO-10003034,Rotterdam Warehouse,70.0,14.0,In Stock,2026-07-20
OFF-SU-10003157,Singapore Warehouse,218.0,43.0,In Stock,2026-07-20
OFF-LA-10000448,Singapore Warehouse,282.0,56.0,In Stock,2026-07-20
OFF-AR-10004881,Singapore Warehouse,256.0,51.0,In Stock,2026-07-20
OFF-FA-10000740,Singapore Warehouse,299.0,59.0,In Stock,2026-07-20
OFF-FA-10002717,Singapore Warehouse,222.0,44.0,,2026-07-20
FUR-FU-10003507,Rotterdam Warehouse,103.0,20.0,In Stock,2026-07-20
OFF-EN-10004518,Singapore Warehouse,263.0,52.0,In Stock,2026-07-20
OFF-BI-10002414,Singapore Warehouse,437.0,87.0,IN STOCK,2026-07-20
OFF-AR-10004552,Singapore Warehouse,281.0,56.0,In Stock,2026-07-20
FUR-BUS-10001876,Rotterdam Warehouse,99.0,19.0,In Stock,
OFF-LA-10001471,Singapore Warehouse,370.0,74.0,In Stock,2026-07-20
OFF-PA-10004174,Singapore Warehouse,480.0,96.0,IN STOCK,2026-07-20
OFF-SU-10003671,Singapore Warehouse,437.0,87.0,In Stock,2026-07-20
OFF-FA-10001953,Singapore Warehouse,436.0,87.0,In Stock,2026-07-20
TEC-HP -10003618,Chicago Warehouse,124.0,24.0,IN STOCK,2026-07-20
FUR-CH-10000836,Rotterdam Warehouse,120.0,24.0,In Stock,20/07/2026
TEC-AC-10002217,,142.0,28.0,In Stock,2026-07-20
OFF-BI-10002190,Singapore Warehouse,496.0,99.0,In Stock,2026-07-20
OFF-FA-10001925,Singapore Warehouse,445.0,89.0,In Stock,2026-07-20
FUR-CH-10003033,Rotterdam Warehouse,143.0,28.0,In Stock,2026-07-20
OFF-PA-10004746,Singapore Warehouse,255.0,51.0,In Stock,2026-07-20
OFF-HAM-10003663,Singapore Warehouse,483.0,96.0,In Stock,2026-07-20
OFF-BI-10000518,Singapore Warehouse,330.0,66.0,In Stock,2026-07-20
OFF-BI-10003277,Singapore Warehouse,344.0,68.0,In Stock,2026-07-20
TEC-PH-10004188,Chicago Warehouse,203.0,40.0,In Stock,2026-07-20
OFF-BI-10001967,Singapore Warehouse,-219.0,43.0,In Stock,2026-07-20
TEC-CO-10004252,Chicago Warehouse,233.0,46.0,IN STOCK,2026-07-20
OFF-BI-10003982,Singapore Warehouse,478.0,95.0,In Stock,2026-07-20
OFF-BI-10002026,Singapore Warehouse,202.0,40.0,In Stock,2026-07-20
OFF-EN-10000543,Singapore Warehouse,418.0,83.0,In Stock,2026-07-20
FUR-BUS-10004622,Rotterdam Warehouse,121.0,24.0,In Stock,2026-07-20
TEC-AC-10003417,Chicago Warehouse,80.0,16.0,In Stock,2026-07-20
TEC-PH-10002715,Chicago Warehouse,119.0,23.0,In Stock,2026-07-20
OFF-SU-10004481,Singapore Warehouse,334.0,66.0,In Stock,2026-07-20
OFF-FA-10002248,Singapore Warehouse,327.0,65.0,In Stock,2026-07-20
OFF-AR-10002419,Singapore Warehouse,,65.0,In Stock,20/07/2026
OFF-AR-10000340,Singapore Warehouse,487.0,97.0,In Stock,2026-07-20
OFF-PA-10003939,Singapore Warehouse,461.0,92.0,In Stock,2026-07-20
OFF-PA-10003527,Singapore Warehouse,322.0,64.0,In Stock,2026-07-20
OFF-AP-10003917,Singapore Warehouse,391.0,78.0,In Stock,2026-07-20
OFF-HAM-10004122,Singapore Warehouse,228.0,45.0,In Stock,2026-07-20
FUR-CH-10001492,Rotterdam Warehouse,148.0,29.0,In Stock,2026-07-20
FUR-RUB-10001484,Rotterdam Warehouse,65.0,13.0,In Stock,2026-07-20
FUR-SAU-10002540,Rotterdam Warehouse,,10.0,In Stock,2026-07-20
OFF-EN-10001946,Singapore Warehouse,367.0,73.0,In Stock,2026-07-20
OFF-EN-10001616,Singapore Warehouse,480.0,96.0,In Stock,2026-07-20
FUR-FU-10002546,Rotterdam Warehouse,,14.0,In Stock,2026-07-20
TEC-PH-10002115,Chicago Warehouse,214.0,42.0,In Stock,2026-07-20
TEC-CO-10003087,Chicago Warehouse,246.0,49.0,In Stock,2026-07-20
OFF-BI-10003656,Singapore Warehouse,464.0,,In Stock,2026-07-20
OFF-XER-10002906,Singapore Warehouse,425.0,85.0,In Stock,2026-07-20
FUR-OFF-10002395,Rotterdam Warehouse,147.0,29.0,In Stock,2026-07-20
OFF-PA-10004071,Singapore Warehouse,242.0,48.0,In Stock,2026-07-20
OFF-ENE-10004132,Singapore Warehouse,386.0,77.0,In Stock,2026-07-20
TEC-MA-10001881,Chicago Warehouse,244.0,48.0,In Stock,2026-07-20
OFF-EN-10004053,Singapore Warehouse,204.0,40.0,In Stock,20/07/2026
OFF-EN-10002013,Singapore Warehouse,401.0,80.0,In Stock,2026-07-20
FUR-CH-10004572,Rotterdam Warehouse,130.0,26.0,In Stock,2026-07-20
OFF-SU-10001021,Singapore Warehouse,434.0,86.0,In Stock,20/07/2026
TEC-CO-10002232,Chicago Warehouse,206.0,41.0,In Stock,2026-07-20
OFF-FA-10001330,Singapore Warehouse,326.0,65.0,In Stock,2026-07-20
FUR-TA-10003790,Rotterdam Warehouse,150.0,30.0,In Stock,2026-07-20
TEC-NOK-10000534,Chicago Warehouse,157.0,,In Stock,2026-07-20
TEC-PH-10001924,Chicago Warehouse,112.0,22.0,In Stock,2026-07-20
OFF-ELI-10000044,Singapore Warehouse,316.0,63.0,In Stock,2026-07-20
FUR-BO-10004119,Rotterdam Warehouse,98.0,19.0,In Stock,2026-07-20
TEC-BEL-10002476,Chicago Warehouse,178.0,35.0,,2026-07-20
OFF-BI-10002432,Singapore Warehouse,471.0,94.0,In Stock,2026-07-20
OFF-LA-10003955,Singapore Warehouse,413.0,82.0,In Stock,2026-07-20
OFF-AP-10003236,Singapore Warehouse,492.0,98.0,In Stock,2026-07-20
FUR-FU-10001324,Rotterdam Warehouse,140.0,28.0,In Stock,2026-07-20
TEC-PH-10004614,Chicago Warehouse,123.0,24.0,In Stock,2026-07-20
TEC-PH-10004241,Chicago Warehouse,169.0,33.0,In Stock,2026-07-20
OFF-AP-10002675,Singapore Warehouse,,47.0,In Stock,2026-07-20
OFF-WIL-10003933,Singapore Warehouse,391.0,78.0,In Stock,2026-07-20
OFF-ST-10004377,Singapore Warehouse,218.0,43.0,In Stock,2026-07-20
FUR-TA-10004154,Rotterdam Warehouse,77.0,15.0,In Stock,2026-07-20
OFF-BI-10001036,Singapore Warehouse,322.0,64.0,In Stock,2026-07-20
FUR-CH-10003062,Rotterdam Warehouse,76.0,15.0,IN STOCK,2026-07-20
OFF-AR-10003377,Singapore Warehouse,293.0,58.0,In Stock,2026-07-20
TEC-AC-10003262,Chicago Warehouse,96.0,19.0,In Stock,2026-07-20
OFF-ADV-10001124,Singapore Warehouse,478.0,95.0,In Stock,2026-07-20
OFF-AP-10002128,Singapore Warehouse,448.0,89.0,In Stock,2026-07-20
FUR-BO-10001834,Rotterdam Warehouse,87.0,17.0,In Stock,2026-07-20
OFF-AP-10002057,Singapore Warehouse,420.0,84.0,In Stock,2026-07-20
FUR-FU-10001473,Rotterdam Warehouse,72.0,14.0,In Stock,2026-07-20
OFF-AP-10003032,Singapore Warehouse,496.0,99.0,In Stock,2026-07-20
OFF-SU-10000618,Singapore Warehouse,439.0,87.0,In Stock,2026-07-20
OFF-PA-10004470,Singapore Warehouse,291.0,58.0,In Stock,2026-07-20
OFF-LA-10002258,Singapore Warehouse,228.0,45.0,In Stock,2026-07-20
OFF-AP-10002134,Singapore Warehouse,201.0,40.0,In Stock,2026-07-20
OFF-BI-10001758,Singapore Warehouse,432.0,86.0,In Stock,2026-07-20
OFF-ENE-10004866,Singapore Warehouse,212.0,42.0,In Stock,2026-07-20
OFF-AVE-10000357,Singapore Warehouse,303.0,60.0,In Stock,2026-07-20
OFF-FA-10002226,Singapore Warehouse,474.0,94.0,In Stock,2026-07-20
OFF-PA-10002771,Singapore Warehouse,232.0,46.0,In Stock,2026-07-20
TEC-KON-10003726,Chicago Warehouse,191.0,38.0,In Stock,2026-07-20
TEC-CO-10003496,Chicago Warehouse,105.0,21.0,In Stock,2026-07-20
OFF-EAT-10003405,Singapore Warehouse,391.0,78.0,In Stock,2026-07-20
TEC-AC-10001660,Chicago Warehouse,183.0,36.0,In Stock,2026-07-20
OFF-FA-10000406,Singapore Warehouse,312.0,62.0,In Stock,2026-07-20
OFF-SAN-10004881,Singapore Warehouse,235.0,47.0,In Stock,2026-07-20
OFF-AR-10000227,Singapore Warehouse,425.0,85.0,In Stock,2026-07-20
TEC-MA-10002464,Chicago Warehouse,133.0,26.0,In Stock,2026-07-20
FUR-OFF-10002330,Rotterdam Warehouse,71.0,14.0,In Stock,2026-07-20
OFF-STO-10003728,Singapore Warehouse,442.0,88.0,In Stock,2026-07-20
FUR-DAN-10002167,Rotterdam Warehouse ,109.0,21.0,In Stock,2026-07-20
FUR-CH-10001482,Rotterdam Warehouse,85.0,17.0,In Stock,20/07/2026
FUR-TA-10002571,Rotterdam Warehouse,94.0,18.0,In Stock,2026-07-20
FUR-HAR-10002697,Rotterdam Warehouse,105.0,21.0,In Stock,2026-07-20
FUR-FU-10001185,,105.0,21.0,In Stock,2026-07-20
FUR-FU-10003662,Rotterdam Warehouse,91.0,18.0,In Stock,2026-07-20
OFF-ELD-10001037,Singapore Warehouse,406.0,81.0,In Stock,2026-07-20
OFF-LA-10003714,Singapore Warehouse,493.0,98.0,In Stock,2026-07-20
FUR-CH-10000553,Rotterdam Warehouse,135.0,27.0,In Stock,2026-07-20
FUR-FU-10000606,Rotterdam Warehouse,126.0,25.0,In Stock,2026-07-20
OFF-EN-10001162,Singapore Warehouse,468.0,93.0,In Stock,2026-07-20
FUR-BO-10004407,Rotterdam Warehouse,150.0,30.0,In Stock,2026-07-20
OFF-SU-10004691,Singapore Warehouse,250.0,50.0,In Stock,2026-07-20
TEC-AC-10004992,Chicago Warehouse,245.0,49.0,In Stock,2026-07-20
OFF-AP-10001975,Singapore Warehouse,396.0,79.0,In Stock,2026-07-20
FUR-FU-10003094,Rotterdam Warehouse,103.0,20.0,In Stock,2026-07-20
OFF-ST-10004296,Singapore Warehouse,255.0,51.0,In Stock,2026-07-20
OFF-AVE-10000418,Singapore Warehouse,223.0,44.0,IN STOCK,2026-07-20
FUR-BO-10004704,Rotterdam Warehouse,119.0,23.0,In Stock,2026-07-20
OFF-AP-10002794,Singapore Warehouse,439.0,87.0,In Stock,2026-07-20
OFF-AR-10002485,Singapore Warehouse,257.0,51.0,In Stock,2026-07-20
OFF-FA-10000790,Singapore Warehouse,230.0,46.0,In Stock,2026-07-20
OFF-FA-10001631,Singapore Warehouse,292.0,58.0,In Stock,2026-07-20
OFF-KRA-10002094,Singapore Warehouse,280.0,56.0,In Stock,2026-07-20
OFF-EN-10003838,Singapore Warehouse ,307.0,61.0,In Stock,2026-07-20
TEC-CO-10004981,Chicago Warehouse,82.0,16.0,In Stock,2026-07-20
OFF-KRA-10000916,Singapore Warehouse,434.0,86.0,In Stock,2026-07-20
OFF-HON-10000278,Singapore Warehouse,286.0,57.0,IN STOCK,2026-07-20
OFF-PA-10002818,Singapore Warehouse,205.0,41.0,In Stock,2026-07-20
OFF-AR-10000780,Singapore Warehouse,469.0,93.0,IN STOCK,2026-07-20
OFF-PA-10002725,Singapore Warehouse,220.0,44.0,IN STOCK,2026-07-20
OFF-GLO-10004610,Singapore Warehouse,444.0,88.0,In Stock,2026-07-20
OFF-KLE-10004543,Singapore Warehouse,214.0,42.0,In Stock,2026-07-20
FUR-DEF-10004936,Rotterdam Warehouse,97.0,19.0,,2026-07-20
OFF-BI-10001049,Singapore Warehouse,252.0,50.0,In Stock,2026-07-20
OFF-PA-10003416,Singapore Warehouse,359.0,71.0,In Stock,2026-07-20
TEC-CO-10001191,Chicago Warehouse,95.0,19.0,In Stock,2026-07-20
TEC-PH-10004006,Chicago Warehouse,148.0,29.0,In Stock,2026-07-20
OFF-FA-10004377,Singapore Warehouse,328.0,65.0,In Stock,2026-07-20
OFF-AR-10003829,Singapore Warehouse,413.0,82.0,In Stock,2026-07-20
TEC-CO-10004897,Chicago Warehouse,105.0,21.0,IN STOCK,2026-07-20
OFF-ST-10000546,Singapore Warehouse ,411.0,82.0,In Stock,2026-07-20
OFF-ST-10003089,Singapore Warehouse,218.0,43.0,In Stock,2026-07-20
FUR-FU-10001132,Rotterdam Warehouse,130.0,26.0,In Stock,2026-07-20
OFF-SU-10002961,Singapore Warehouse,495.0,99.0,In Stock,
OFF-BI-10002852,Singapore Warehouse,290.0,58.0,In Stock,2026-07-20
TEC-SAN-10001738,Chicago Warehouse,119.0,23.0,In Stock,2026-07-20
OFF-BI-10003094,Singapore Warehouse,201.0,40.0,In Stock,2026-07-20
FUR-NOV-10004925,Rotterdam Warehouse,96.0,19.0,In Stock,2026-07-20
OFF-AR-10003658,Singapore Warehouse,344.0,68.0,In Stock,2026-07-20
FUR-FU-10002107,Rotterdam Warehouse,90.0,18.0,In Stock,2026-07-20
OFF-LA-10000248,Singapore Warehouse,365.0,73.0,In Stock,2026-07-20
OFF-BI-10002412,Singapore Warehouse,428.0,85.0,In Stock,2026-07-20
TEC-KON-10003211,Chicago Warehouse,96.0,19.0,In Stock,2026-07-20
TEC-PH-10003546,Chicago Warehouse,116.0,23.0,In Stock,2026-07-20
OFF-SU-10003236,Singapore Warehouse,266.0,53.0,In Stock,2026-07-20
OFF-BI-10002735,Singapore Warehouse,340.0,68.0,In Stock,2026-07-20
FUR-CH-10004338,Rotterdam Warehouse ,150.0,30.0,In Stock,2026-07-20
OFF-PA-10000705,Singapore Warehouse,257.0,51.0,In Stock,2026-07-20
OFF-PA-10002986,Singapore Warehouse,315.0,63.0,In Stock,2026-07-20
OFF-SU-10002306,Singapore Warehouse,448.0,89.0,In Stock,2026-07-20
OFF-EN-10003977,,222.0,44.0,In Stock,2026-07-20
OFF-LA-10004132,Singapore Warehouse,344.0,68.0,In Stock,2026-07-20
OFF-PA-10001869,Singapore Warehouse,208.0,41.0,In Stock,2026-07-20
TEC-MA-10002459,Chicago Warehouse,249.0,49.0,In Stock,2026-07-20
OFF-AP-10003538,Singapore Warehouse,268.0,53.0,In Stock,2026-07-20
FUR-BEV-10001217,Rotterdam Warehouse,140.0,28.0,In Stock,
TEC-MA-10004116,Chicago Warehouse,156.0,31.0,IN STOCK,2026-07-20
TEC-CO-10004125,Chicago Warehouse,238.0,47.0,In Stock,2026-07-20
FUR-FU-10002412,Rotterdam Warehouse,94.0,18.0,IN STOCK,2026-07-20
TEC-HP -10001574,Chicago Warehouse,205.0,41.0,In Stock,2026-07-20
OFF-ST-10000016,Singapore Warehouse,280.0,56.0,In Stock,20/07/2026
OFF-AR-10000179,Singapore Warehouse,375.0,75.0,In Stock,2026-07-20
OFF-WIL-10002947,Singapore Warehouse,212.0,42.0,In Stock,2026-07-20
OFF-BI-10001723,Singapore Warehouse,313.0,62.0,In Stock,2026-07-20
TEC-LOG-10000546,Chicago Warehouse,113.0,22.0,In Stock,20/07/2026
OFF-BI-10001002,Singapore Warehouse,426.0,85.0,In Stock,2026-07-20
OFF-PA-10001622,Singapore Warehouse,453.0,90.0,In Stock,2026-07-20
OFF-EN-10002710,Singapore Warehouse,,64.0,In Stock,2026-07-20
OFF-AR-10001462,Singapore Warehouse,452.0,90.0,In Stock,20/07/2026
OFF-PA-10001166,Singapore Warehouse,470.0,94.0,In Stock,2026-07-20
OFF-BI-10001721,Singapore Warehouse,474.0,94.0,In Stock,2026-07-20
TEC-CO-10004398,Chicago Warehouse,105.0,21.0,In Stock,2026-07-20
TEC-AC-10003033,Chicago Warehouse,132.0,26.0,In Stock,2026-07-20
TEC-AC-10000269,Chicago Warehouse,189.0,37.0,In Stock,2026-07-20
TEC-PH-10004271,Chicago Warehouse,117.0,23.0,In Stock,2026-07-20
TEC-PH-10000599,Chicago Warehouse,167.0,33.0,In Stock,2026-07-20
FUR-CH-10002882,Rotterdam Warehouse,114.0,22.0,In Stock,2026-07-20
TEC-AC-10004334,Chicago Warehouse,95.0,19.0,In Stock,
TEC-CIS-10001767,Chicago Warehouse,123.0,24.0,In Stock,
OFF-EN-10003413,Singapore Warehouse,431.0,86.0,In Stock,2026-07-20
TEC-PH-10003723,Chicago Warehouse,189.0,37.0,In Stock,2026-07-20
FUR-FU-10003708,Rotterdam Warehouse,89.0,17.0,In Stock,2026-07-20
OFF-ST-10000704,Singapore Warehouse,252.0,50.0,In Stock,2026-07-20
OFF-AR-10003457,Singapore Warehouse,323.0,64.0,In Stock,2026-07-20
OFF-AP-10002321,Singapore Warehouse,438.0,87.0,In Stock,
OFF-AR-10000539,Singapore Warehouse,423.0,84.0,In Stock,2026-07-20
OFF-BI-10002570,Singapore Warehouse,467.0,93.0,In Stock,2026-07-20
OFF-SME-10001667,Singapore Warehouse,409.0,81.0,In Stock,2026-07-20
OFF-EN-10004212,Singapore Warehouse,231.0,46.0,In Stock,20/07/2026
OFF-ST-10004847,Singapore Warehouse,405.0,81.0,In Stock,2026-07-20
FUR-TA-10002931,Rotterdam Warehouse,68.0,13.0,IN STOCK,2026-07-20
OFF-ST-10004695,Singapore Warehouse,380.0,76.0,In Stock,2026-07-20
OFF-SU-10000289,Singapore Warehouse,280.0,56.0,In Stock,2026-07-20
OFF-AP-10003382,Singapore Warehouse,239.0,47.0,In Stock,2026-07-20
TEC-CO-10001425,Chicago Warehouse,248.0,49.0,In Stock,2026-07-20
FUR-SAU-10003795,Rotterdam Warehouse,87.0,17.0,IN STOCK,2026-07-20
TEC-KON-10001519,Chicago Warehouse,184.0,36.0,In Stock,2026-07-20
FUR-CH-10004049,Rotterdam Warehouse,148.0,29.0,In Stock,2026-07-20
OFF-LA-10004700,Singapore Warehouse,201.0,40.0,In Stock,2026-07-20
OFF-PA-10004190,Singapore Warehouse,416.0,83.0,In Stock,20/07/2026
OFF-PA-10000908,Singapore Warehouse,221.0,44.0,IN STOCK,2026-07-20
OFF-AP-10004036,Singapore Warehouse,474.0,94.0,In Stock,2026-07-20
OFF-FA-10001057,Singapore Warehouse,403.0,80.0,In Stock,2026-07-20
FUR-BO-10003991,Rotterdam Warehouse,122.0,24.0,In Stock,20/07/2026
OFF-PA-10001526,Singapore Warehouse,424.0,84.0,In Stock,2026-07-20
TEC-MA-10002389,Chicago Warehouse,127.0,25.0,In Stock,2026-07-20
OFF-FA-10000248,Singapore Warehouse,498.0,99.0,In Stock,2026-07-20
OFF-ST-10001554,Singapore Warehouse,328.0,,,2026-07-20
OFF-EN-10003416,Singapore Warehouse,404.0,80.0,In Stock,2026-07-20
OFF-AR-10002517,Singapore Warehouse,476.0,95.0,In Stock,2026-07-20
FUR-TA-10001237,Rotterdam Warehouse,124.0,,In Stock,2026-07-20
TEC-CO-10001824,Chicago Warehouse,220.0,44.0,In Stock,2026-07-20
FUR-BO-10000120,Rotterdam Warehouse,81.0,16.0,In Stock,2026-07-20
FUR-FU-10000142,Rotterdam Warehouse,117.0,23.0,In Stock,
TEC-BEL-10001189,Chicago Warehouse ,115.0,23.0,In Stock,2026-07-20
TEC-CO-10001787,Chicago Warehouse,209.0,41.0,In Stock,2026-07-20
OFF-LA-10003971,Singapore Warehouse,309.0,61.0,In Stock,2026-07-20
TEC-MEM-10004014,Chicago Warehouse,166.0,33.0,In Stock,2026-07-20
OFF-ST-10001066,Singapore Warehouse,267.0,53.0,In Stock,20/07/2026
TEC-MA-10004086,Chicago Warehouse,113.0,22.0,In Stock,2026-07-20
TEC-PH-10001963,Chicago Warehouse,189.0,37.0,In Stock,2026-07-20
OFF-FA-10002084,Singapore Warehouse,,84.0,In Stock,2026-07-20
TEC-AC-10004043,Chicago Warehouse,181.0,36.0,In Stock,2026-07-20
OFF-KLE-10000552,Singapore Warehouse,226.0,45.0,In Stock,2026-07-20
FUR-FU-10001861,Rotterdam Warehouse,119.0,23.0,In Stock,2026-07-20
OFF-LA-10000341,Singapore Warehouse,447.0,89.0,IN STOCK,2026-07-20
OFF-AP-10002892,Singapore Warehouse,359.0,71.0,In Stock,2026-07-20
OFF-ACC-10003636,Singapore Warehouse,388.0,77.0,In Stock,2026-07-20
FUR-FU-10003273,Rotterdam Warehouse,76.0,15.0,In Stock,2026-07-20
FUR-CH-10004151,Rotterdam Warehouse,74.0,14.0,In Stock,2026-07-20
OFF-SU-10003072,Singapore Warehouse,325.0,65.0,In Stock,2026-07-20
OFF-ST-10002161,Singapore Warehouse,415.0,83.0,In Stock,2026-07-20
OFF-STA-10002719,Singapore Warehouse,250.0,50.0,In Stock,2026-07-20
OFF-FA-10004112,Singapore Warehouse,228.0,45.0,In Stock,2026-07-20
OFF-AP-10002017,Singapore Warehouse,257.0,51.0,In Stock,2026-07-20
TEC-AC-10004353,Chicago Warehouse,208.0,41.0,In Stock,2026-07-20
OFF-STA-10002654,Singapore Warehouse,285.0,57.0,In Stock,2026-07-20
TEC-AC-10001441,Chicago Warehouse,214.0,42.0,IN STOCK,2026-07-20
OFF-FA-10004027,Singapore Warehouse,354.0,70.0,In Stock,2026-07-20
OFF-LA-10002473,Singapore Warehouse,448.0,89.0,In Stock,20/07/2026
OFF-ST-10003837,Singapore Warehouse,462.0,92.0,In Stock,2026-07-20
FUR-TA-10001693,Rotterdam Warehouse,,20.0,In Stock,2026-07-20
TEC-HP -10001426,Chicago Warehouse,243.0,48.0,In Stock,2026-07-20
OFF-ST-10000321,Singapore Warehouse,241.0,48.0,In Stock,2026-07-20
FUR-FU-10004549,Rotterdam Warehouse,80.0,16.0,In Stock,2026-07-20
TEC-SHA-10003353,Chicago Warehouse,,17.0,In Stock,2026-07-20
OFF-EN-10004899,Singapore Warehouse,386.0,77.0,In Stock,2026-07-20
OFF-FA-10000470,Singapore Warehouse,308.0,61.0,In Stock,2026-07-20
FUR-CH-10002932,Rotterdam Warehouse,144.0,28.0,,2026-07-20
OFF-LA-10004318,Singapore Warehouse,211.0,42.0,,2026-07-20
OFF-CUI-10002022,Singapore Warehouse,255.0,51.0,In Stock,2026-07-20
OFF-LA-10000989,Singapore Warehouse,413.0,82.0,In Stock,2026-07-20
OFF-CAM-10000192,Singapore Warehouse,203.0,40.0,In Stock,2026-07-20
TEC-MA-10003885,Chicago Warehouse,122.0,24.0,In Stock,2026-07-20
TEC-MA-10003998,Chicago Warehouse,234.0,46.0,In Stock,2026-07-20
TEC-OKI-10004735,Chicago Warehouse,184.0,36.0,In Stock,2026-07-20
OFF-FA-10003546,Singapore Warehouse,269.0,53.0,In Stock,2026-07-20
OFF-AP-10001366,Singapore Warehouse,451.0,90.0,In Stock,2026-07-20
TEC-AC-10004171,Chicago Warehouse,134.0,26.0,In Stock,2026-07-20
FUR-TA-10000927,Rotterdam Warehouse,92.0,18.0,In Stock,2026-07-20
FUR-BUS-10003055,Rotterdam Warehouse,92.0,18.0,In Stock,2026-07-20
OFF-AP-10002264,Singapore Warehouse,229.0,45.0,In Stock,2026-07-20
OFF-BI-10001308,Singapore Warehouse,309.0,61.0,IN STOCK,2026-07-20
OFF-ST-10001051,Singapore Warehouse,281.0,56.0,In Stock,2026-07-20
TEC-AC-10000501,Chicago Warehouse,163.0,32.0,In Stock,2026-07-20
OFF-AR-10000953,,371.0,74.0,In Stock,20/07/2026
OFF-AR-10001940,Singapore Warehouse,382.0,76.0,In Stock,2026-07-20
FUR-FU-10003553,Rotterdam Warehouse,52.0,10.0,In Stock,2026-07-20
TEC-CO-10000565,,108.0,21.0,In Stock,2026-07-20
TEC-CO-10003819,Chicago Warehouse,184.0,36.0,In Stock,2026-07-20
FUR-CH-10004626,Rotterdam Warehouse,69.0,13.0,In Stock,2026-07-20
TEC-CO-10002872,Chicago Warehouse,161.0,32.0,In Stock,2026-07-20
OFF-PA-10004519,Singapore Warehouse ,357.0,71.0,In Stock,2026-07-20
TEC-AC-10000335,Chicago Warehouse,239.0,47.0,In Stock,2026-07-20
FUR-TA-10004544,Rotterdam Warehouse,150.0,30.0,In Stock,2026-07-20
OFF-SU-10000573,Singapore Warehouse,393.0,78.0,In Stock,2026-07-20
OFF-EN-10001449,Singapore Warehouse,207.0,41.0,In Stock,2026-07-20
OFF-BI-10001659,Singapore Warehouse ,236.0,47.0,In Stock,2026-07-20
TEC-MA-10002428,Chicago Warehouse,189.0,37.0,In Stock,20/07/2026
FUR-CH-10001332,Rotterdam Warehouse,115.0,23.0,In Stock,2026-07-20
OFF-LA-10000296,Singapore Warehouse,489.0,97.0,In Stock,2026-07-20
OFF-SU-10002423,Singapore Warehouse,422.0,84.0,In Stock,2026-07-20
FUR-CH-10004365,,55.0,11.0,In Stock,2026-07-20
FUR-HAR-10002546,Rotterdam Warehouse,102.0,20.0,,2026-07-20
TEC-PH-10002816,Chicago Warehouse,105.0,21.0,In Stock,2026-07-20
OFF-PA-10004694,Singapore Warehouse,343.0,68.0,In Stock,2026-07-20
OFF-SAN-10004232,Singapore Warehouse,312.0,62.0,In Stock,2026-07-20
FUR-FU-10000067,Rotterdam Warehouse,145.0,29.0,In Stock,2026-07-20
OFF-SU-10002412,Singapore Warehouse,327.0,65.0,In Stock,2026-07-20
OFF-ST-10001227,Singapore Warehouse,245.0,49.0,In Stock,2026-07-20
OFF-EN-10000094,Singapore Warehouse,350.0,70.0,In Stock,2026-07-20
OFF-FEL-10002897,Singapore Warehouse,220.0,44.0,In Stock,2026-07-20
TEC-AC-10002389,Chicago Warehouse,191.0,38.0,In Stock,2026-07-20
OFF-ACC-10003265,Singapore Warehouse,395.0,79.0,In Stock,2026-07-20
OFF-SU-10002448,Singapore Warehouse,351.0,70.0,In Stock,2026-07-20
FUR-OFF-10003688,Rotterdam Warehouse,74.0,14.0,In Stock,2026-07-20
FUR-CH-10001634,Rotterdam Warehouse,92.0,18.0,In Stock,2026-07-20
FUR-BO-10001155,Rotterdam Warehouse,54.0,10.0,IN STOCK,2026-07-20
OFF-AR-10002681,Singapore Warehouse,294.0,58.0,In Stock,2026-07-20
OFF-LA-10004164,Singapore Warehouse,344.0,68.0,In Stock,2026-07-20
TEC-MA-10002193,Chicago Warehouse,155.0,31.0,In Stock,2026-07-20
TEC-CO-10004901,Chicago Warehouse,200.0,40.0,In Stock,2026-07-20
OFF-LA-10004272,Singapore Warehouse,230.0,46.0,In Stock,2026-07-20
TEC-MA-10002471,Chicago Warehouse,97.0,19.0,In Stock,2026-07-20
TEC-MA-10004303,Chicago Warehouse,,28.0,In Stock,2026-07-20
OFF-ST-10002220,Singapore Warehouse,484.0,96.0,In Stock,2026-07-20
TEC-MA-10002340,Chicago Warehouse,137.0,27.0,In Stock,2026-07-20
OFF-FA-10001526,Singapore Warehouse,438.0,87.0,In Stock,2026-07-20
TEC-STA-10004536,Chicago Warehouse,121.0,24.0,In Stock,2026-07-20
OFF-BI-10003879,,363.0,72.0,In Stock,2026-07-20
OFF-AR-10001227,Singapore Warehouse,487.0,97.0,In Stock,2026-07-20
FUR-OFF-10003019,Rotterdam Warehouse,121.0,24.0,In Stock,2026-07-20
TEC-EPS-10004328,Chicago Warehouse,180.0,36.0,In Stock,2026-07-20
OFF-PA-10000302,Singapore Warehouse,256.0,51.0,In Stock,2026-07-20
OFF-FA-10000227,Singapore Warehouse,393.0,78.0,In Stock,2026-07-20
OFF-AP-10000775,Singapore Warehouse,278.0,55.0,In Stock,2026-07-20
OFF-FA-10002597,Singapore Warehouse,453.0,90.0,In Stock,2026-07-20
TEC-PH-10003856,Chicago Warehouse,163.0,32.0,In Stock,2026-07-20
TEC-PH-10004714,Chicago Warehouse,148.0,,In Stock,
OFF-AP-10002425,Singapore Warehouse ,352.0,70.0,In Stock,2026-07-20
OFF-ST-10002774,Singapore Warehouse,252.0,50.0,In Stock,2026-07-20
FUR-CH-10003423,Rotterdam Warehouse,107.0,21.0,IN STOCK,2026-07-20
FUR-TA-10004050,Rotterdam Warehouse,114.0,22.0,In Stock,2026-07-20
FUR-NOV-10002453,Rotterdam Warehouse,83.0,16.0,In Stock,2026-07-20
OFF-ELI-10002935,Singapore Warehouse,407.0,81.0,In Stock,2026-07-20
TEC-CO-10000560,Chicago Warehouse,140.0,28.0,In Stock,2026-07-20
OFF-FA-10000136,Singapore Warehouse,493.0,98.0,In Stock,2026-07-20
TEC-PH-10001805,Chicago Warehouse,202.0,40.0,In Stock,2026-07-20
FUR-BO-10000786,Rotterdam Warehouse,138.0,27.0,In Stock,2026-07-20
OFF-STO-10001310,Singapore Warehouse,424.0,84.0,In Stock,2026-07-20
OFF-ST-10002444,Singapore Warehouse,272.0,54.0,In Stock,2026-07-20
OFF-ROG-10002132,Singapore Warehouse,302.0,60.0,In Stock,2026-07-20
OFF-ENE-10000935,Singapore Warehouse,497.0,-99.0,In Stock,2026-07-20
OFF-PA-10004673,Singapore Warehouse,412.0,82.0,In Stock,2026-07-20
OFF-ACC-10004322,Singapore Warehouse,280.0,56.0,In Stock,2026-07-20
FUR-CH-10004774,Rotterdam Warehouse,59.0,11.0,In Stock,2026-07-20
OFF-FA-10001332,Singapore Warehouse ,216.0,43.0,In Stock,2026-07-20
OFF-BI-10001507,Singapore Warehouse,276.0,55.0,In Stock,2026-07-20
TEC-APP-10004296,Chicago Warehouse,151.0,30.0,In Stock,2026-07-20
FUR-FU-10004091,Rotterdam Warehouse,110.0,22.0,In Stock,2026-07-20
OFF-PA-10003641,Singapore Warehouse,201.0,40.0,In Stock,2026-07-20
OFF-AR-10001026,Singapore Warehouse ,267.0,53.0,In Stock,2026-07-20
OFF-AR-10002135,Singapore Warehouse,419.0,83.0,In Stock,2026-07-20
TEC-PH-10002018,Chicago Warehouse,90.0,18.0,In Stock,2026-07-20
OFF-BIN-10000711,Singapore Warehouse,489.0,97.0,IN STOCK,2026-07-20
OFF-XER-10003600,Singapore Warehouse,359.0,71.0,In Stock,2026-07-20
OFF-FA-10004781,,483.0,96.0,In Stock,2026-07-20
OFF-OIC-10004255,Singapore Warehouse,333.0,66.0,In Stock,2026-07-20
OFF-AP-10002306,Singapore Warehouse,440.0,88.0,In Stock,2026-07-20
FUR-SAF-10002846,Rotterdam Warehouse,146.0,29.0,In Stock,2026-07-20
TEC-AC-10004249,Chicago Warehouse,84.0,16.0,In Stock,2026-07-20
OFF-EN-10004479,Singapore Warehouse,389.0,77.0,In Stock,2026-07-20
FUR-CH-10004089,Rotterdam Warehouse,113.0,22.0,In Stock,2026-07-20
FUR-FU-10004509,Rotterdam Warehouse,92.0,18.0,In Stock,2026-07-20
FUR-CH-10001588,Rotterdam Warehouse,141.0,28.0,In Stock,2026-07-20
OFF-ACC-10004182,Singapore Warehouse,324.0,64.0,In Stock,2026-07-20
OFF-ST-10001010,Singapore Warehouse,245.0,49.0,In Stock,2026-07-20
OFF-EN-10003134,Singapore Warehouse,352.0,70.0,In Stock,2026-07-20
TEC-MA-10001098,Chicago Warehouse,202.0,40.0,In Stock,2026-07-20
FUR-CH-10004339,Rotterdam Warehouse,126.0,25.0,In Stock,2026-07-20
FUR-IKE-10003796,Rotterdam Warehouse,103.0,20.0,In Stock,2026-07-20
OFF-ST-10001890,Singapore Warehouse,451.0,90.0,In Stock,2026-07-20
OFF-LA-10002523,Singapore Warehouse,414.0,82.0,In Stock,2026-07-20
TEC-AC-10001032,Chicago Warehouse,192.0,38.0,In Stock,2026-07-20
TEC-SAN-10004999,Chicago Warehouse,242.0,,In Stock,2026-07-20
FUR-ADV-10000190,Rotterdam Warehouse,133.0,26.0,In Stock,2026-07-20
FUR-TA-10000805,Rotterdam Warehouse,76.0,15.0,In Stock,2026-07-20
FUR-HON-10004632,Rotterdam Warehouse,107.0,21.0,In Stock,2026-07-20
OFF-ST-10000344,Singapore Warehouse,358.0,71.0,In Stock,2026-07-20
OFF-EAT-10000522,Singapore Warehouse ,497.0,99.0,In Stock,2026-07-20
OFF-ST-10004123,Singapore Warehouse,225.0,45.0,In Stock,2026-07-20
OFF-FA-10001054,Singapore Warehouse,466.0,93.0,In Stock,2026-07-20
OFF-SU-10002670,Singapore Warehouse ,453.0,90.0,In Stock,2026-07-20
FUR-CH-10002647,Rotterdam Warehouse,88.0,17.0,In Stock,2026-07-20
FUR-CH-10003097,Rotterdam Warehouse,96.0,19.0,In Stock,2026-07-20
TEC-BEL-10002153,Chicago Warehouse,94.0,18.0,In Stock,2026-07-20
FUR-RUB-10002945,Rotterdam Warehouse,145.0,29.0,In Stock,2026-07-20
TEC-HP -10003345,Chicago Warehouse,240.0,48.0,In Stock,2026-07-20
TEC-BRO-10000381,Chicago Warehouse,183.0,36.0,In Stock,2026-07-20
TEC-MA-10002780,Chicago Warehouse,212.0,42.0,In Stock,2026-07-20
FUR-FU-10000950,Rotterdam Warehouse,71.0,14.0,In Stock,2026-07-20
FUR-TA-10002153,Rotterdam Warehouse,107.0,21.0,In Stock,2026-07-20
OFF-LA-10002368,Singapore Warehouse,363.0,72.0,In Stock,2026-07-20
TEC-PAN-10002365,Chicago Warehouse,159.0,31.0,In Stock,2026-07-20
OFF-FA-10002719,Singapore Warehouse,368.0,73.0,In Stock,
OFF-ST-10003718,Singapore Warehouse,361.0,72.0,In Stock,20/07/2026
TEC-MA-10004956,Chicago Warehouse,209.0,41.0,In Stock,2026-07-20
OFF-LA-10001676,Singapore Warehouse,350.0,70.0,IN STOCK,
TEC-AC-10001735,Chicago Warehouse,228.0,,In Stock,2026-07-20
FUR-SAU-10002043,Rotterdam Warehouse,102.0,20.0,In Stock,2026-07-20
OFF-KIT-10002678,Singapore Warehouse,358.0,71.0,In Stock,2026-07-20
TEC-CO-10002578,Chicago Warehouse,207.0,41.0,In Stock,2026-07-20
OFF-PA-10004761,Singapore Warehouse,245.0,49.0,In Stock,2026-07-20
OFF-GRE-10002109,Singapore Warehouse,467.0,93.0,In Stock,2026-07-20
TEC-AC-10001728,Chicago Warehouse,100.0,20.0,In Stock,2026-07-20
OFF-SAN-10001546,Singapore Warehouse,410.0,82.0,In Stock,2026-07-20
TEC-MA-10003478,Chicago Warehouse,,33.0,In Stock,2026-07-20
OFF-AR-10000255,Singapore Warehouse,278.0,55.0,In Stock,2026-07-20
FUR-FU-10002525,Rotterdam Warehouse,77.0,15.0,In Stock,2026-07-20
OFF-AVE-10002102,Singapore Warehouse,359.0,71.0,In Stock,2026-07-20
OFF-ST-10004855,Singapore Warehouse,437.0,87.0,In Stock,2026-07-20
TEC-PH-10004327,Chicago Warehouse,229.0,45.0,In Stock,2026-07-20
OFF-EN-10003392,Singapore Warehouse,324.0,64.0,In Stock,2026-07-20
OFF-SU-10001891,Singapore Warehouse,277.0,55.0,In Stock,2026-07-20
OFF-AP-10001670,Singapore Warehouse,284.0,56.0,,2026-07-20
OFF-PA-10003020,Singapore Warehouse,280.0,56.0,In Stock,2026-07-20
OFF-LA-10002486,Singapore Warehouse,488.0,97.0,In Stock,2026-07-20
FUR-CH-10002585,Rotterdam Warehouse,80.0,16.0,In Stock,20/07/2026
OFF-ST-10001346,Singapore Warehouse,348.0,69.0,In Stock,2026-07-20
OFF-GRE-10002738,Singapore Warehouse,262.0,52.0,In Stock,2026-07-20
FUR-CH-10004447,Rotterdam Warehouse,77.0,15.0,In Stock,2026-07-20
OFF-EN-10002096,Singapore Warehouse,309.0,61.0,IN STOCK,2026-07-20
FUR-CH-10000994,Rotterdam Warehouse,79.0,15.0,In Stock,2026-07-20
FUR-HAR-10002178,Rotterdam Warehouse,77.0,-15.0,In Stock,2026-07-20
TEC-MA-10003112,Chicago Warehouse,237.0,47.0,In Stock,2026-07-20
OFF-LA-10003821,Singapore Warehouse,470.0,94.0,In Stock,2026-07-20
OFF-ST-10002720,Singapore Warehouse,448.0,89.0,In Stock,2026-07-20
FUR-CH-10004095,Rotterdam Warehouse,61.0,12.0,In Stock,20/07/2026
OFF-EN-10001038,Singapore Warehouse,337.0,67.0,In Stock,20/07/2026
OFF-PA-10003333,Singapore Warehouse,357.0,71.0,In Stock,2026-07-20
FUR-CH-10004826,Rotterdam Warehouse,109.0,21.0,In Stock,2026-07-20
OFF-FA-10003462,Singapore Warehouse,295.0,59.0,In Stock,2026-07-20
OFF-SU-10003355,Singapore Warehouse,322.0,64.0,In Stock,2026-07-20
OFF-HOO-10002946,Singapore Warehouse,302.0,60.0,In Stock,2026-07-20
OFF-PA-10000694,Singapore Warehouse,295.0,59.0,In Stock,2026-07-20
FUR-BUS-10001781,Rotterdam Warehouse,122.0,24.0,In Stock,2026-07-20
OFF-AP-10000344,Singapore Warehouse,215.0,43.0,In Stock,2026-07-20
OFF-JIF-10004450,Singapore Warehouse,392.0,78.0,In Stock,2026-07-20
FUR-BO-10000847,Rotterdam Warehouse,123.0,24.0,In Stock,20/07/2026
FUR-FU-10001057,Rotterdam Warehouse,129.0,25.0,In Stock,2026-07-20
TEC-AC-10004469,Chicago Warehouse,80.0,16.0,In Stock,2026-07-20
OFF-SU-10002094,Singapore Warehouse,202.0,40.0,In Stock,2026-07-20
OFF-BRE-10004211,Singapore Warehouse,247.0,,IN STOCK,2026-07-20
OFF-BI-10004876,Singapore Warehouse,484.0,96.0,In Stock,2026-07-20
FUR-BO-10003433,Rotterdam Warehouse,,11.0,In Stock,2026-07-20
OFF-SU-10004884,Singapore Warehouse,491.0,98.0,In Stock,2026-07-20
OFF-NOV-10000986,Singapore Warehouse,420.0,84.0,In Stock,2026-07-20
FUR-FU-10000776,Rotterdam Warehouse,110.0,22.0,In Stock,2026-07-20
OFF-SME-10002250,Singapore Warehouse,447.0,89.0,In Stock,2026-07-20
OFF-EN-10001311,Singapore Warehouse,497.0,99.0,In Stock,2026-07-20
OFF-AR-10000676,Singapore Warehouse,380.0,76.0,In Stock,2026-07-20
OFF-PA-10002534,Singapore Warehouse,380.0,76.0,In Stock,2026-07-20
TEC-AC-10004195,Chicago Warehouse,150.0,30.0,In Stock,2026-07-20
FUR-BO-10004316,Rotterdam Warehouse,81.0,16.0,In Stock,2026-07-20
OFF-PA-10001763,Singapore Warehouse,318.0,63.0,In Stock,2026-07-20
OFF-PA-10004640,Singapore Warehouse ,431.0,86.0,In Stock,2026-07-20
OFF-BI-10000721,Singapore Warehouse,276.0,55.0,In Stock,2026-07-20
TEC-CO-10004567,Chicago Warehouse,148.0,29.0,In Stock,2026-07-20
FUR-BO-10001147,Rotterdam Warehouse,98.0,19.0,In Stock,2026-07-20
FUR-TEN-10003879,Rotterdam Warehouse,122.0,24.0,In Stock,2026-07-20
OFF-HAM-10003992,Singapore Warehouse,481.0,96.0,In Stock,2026-07-20
OFF-BI-10001843,Singapore Warehouse,276.0,55.0,In Stock,2026-07-20
OFF-BI-10001922,Singapore Warehouse,379.0,75.0,In Stock,2026-07-20
FUR-FU-10002818,Rotterdam Warehouse,119.0,23.0,In Stock,2026-07-20
FUR-RUB-10001190,Rotterdam Warehouse,64.0,12.0,In Stock,2026-07-20
OFF-EN-10000826,Singapore Warehouse,383.0,76.0,In Stock,2026-07-20
TEC-CO-10002981,Chicago Warehouse,214.0,42.0,IN STOCK,2026-07-20
FUR-BO-10004483,Rotterdam Warehouse,112.0,22.0,In Stock,
OFF-AR-10001813,Singapore Warehouse,455.0,91.0,In Stock,2026-07-20
TEC-CO-10003608,Chicago Warehouse,212.0,42.0,In Stock,20/07/2026
OFF-PA-10004239,Singapore Warehouse,483.0,96.0,In Stock,2026-07-20
OFF-ST-10001837,Singapore Warehouse,493.0,,In Stock,2026-07-20
OFF-EN-10000824,Singapore Warehouse,437.0,87.0,In Stock,2026-07-20
TEC-AC-10004127,Chicago Warehouse,223.0,44.0,In Stock,2026-07-20
OFF-NOV-10000092,Singapore Warehouse,297.0,59.0,In Stock,2026-07-20
FUR-FU-10004579,Rotterdam Warehouse,66.0,13.0,In Stock,2026-07-20
OFF-PA-10002645,Singapore Warehouse,273.0,54.0,,2026-07-20
OFF-PA-10000476,Singapore Warehouse,250.0,50.0,In Stock,2026-07-20
FUR-CH-10001262,Rotterdam Warehouse,64.0,12.0,In Stock,2026-07-20
OFF-ROG-10002866,Singapore Warehouse,341.0,68.0,In Stock,2026-07-20
OFF-FA-10002759,Singapore Warehouse,327.0,65.0,In Stock,2026-07-20
TEC-SAM-10003538,Chicago Warehouse,181.0,36.0,In Stock,2026-07-20
FUR-CH-10000749,Rotterdam Warehouse,111.0,22.0,In Stock,20/07/2026
OFF-LA-10003210,Singapore Warehouse ,479.0,95.0,In Stock,2026-07-20
OFF-FA-10003931,Singapore Warehouse,491.0,98.0,In Stock,2026-07-20
OFF-AR-10000833,Singapore Warehouse,497.0,99.0,IN STOCK,2026-07-20
OFF-PA-10002479,Singapore Warehouse,495.0,99.0,In Stock,2026-07-20
TEC-PH-10003405,Chicago Warehouse,237.0,47.0,In Stock,2026-07-20
TEC-AC-10002219,Chicago Warehouse,226.0,45.0,In Stock,2026-07-20
FUR-FU-10000758,Rotterdam Warehouse,56.0,11.0,In Stock,2026-07-20
OFF-PA-10000215,Singapore Warehouse,344.0,68.0,In Stock,2026-07-20
OFF-PA-10001363,Singapore Warehouse,450.0,90.0,In Stock,2026-07-20
OFF-PA-10004429,Singapore Warehouse,316.0,63.0,In Stock,2026-07-20
OFF-BI-10004078,Singapore Warehouse,260.0,52.0,In Stock,2026-07-20
OFF-ST-10004180,Singapore Warehouse,275.0,55.0,In Stock,2026-07-20
FUR-CH-10004913,Rotterdam Warehouse,109.0,21.0,In Stock,2026-07-20
TEC-PH-10002935,Chicago Warehouse,82.0,16.0,In Stock,2026-07-20
OFF-EN-10000673,Singapore Warehouse,429.0,85.0,In Stock,2026-07-20
FUR-ELD-10003695,Rotterdam Warehouse,79.0,15.0,In Stock,2026-07-20
OFF-FA-10003893,Singapore Warehouse,347.0,69.0,In Stock,2026-07-20
OFF-PA-10000788,Singapore Warehouse,236.0,47.0,In Stock,2026-07-20
OFF-AVE-10002024,Singapore Warehouse,267.0,53.0,In Stock,2026-07-20
FUR-BO-10000892,Rotterdam Warehouse,61.0,12.0,In Stock,2026-07-20
TEC-CAN-10004214,Chicago Warehouse,233.0,46.0,In Stock,2026-07-20
TEC-AC-10003857,Chicago Warehouse ,159.0,31.0,In Stock,2026-07-20
FUR-FU-10004338,Rotterdam Warehouse,118.0,23.0,In Stock,2026-07-20
FUR-FU-10004527,Rotterdam Warehouse,141.0,28.0,In Stock,2026-07-20
TEC-SHA-10002696,Chicago Warehouse,237.0,47.0,In Stock,20/07/2026
OFF-AME-10000360,Singapore Warehouse,482.0,96.0,In Stock,2026-07-20
OFF-SU-10004659,Singapore Warehouse,476.0,95.0,In Stock,2026-07-20
OFF-HAM-10002778,Singapore Warehouse,232.0,46.0,In Stock,2026-07-20
OFF-AR-10003856,Singapore Warehouse,463.0,92.0,In Stock,2026-07-20
TEC-CO-10002696,Chicago Warehouse,209.0,41.0,In Stock,2026-07-20
OFF-FIS-10002924,Singapore Warehouse,492.0,98.0,In Stock,2026-07-20
OFF-LA-10000970,Singapore Warehouse,337.0,67.0,In Stock,2026-07-20
FUR-HON-10001689,Rotterdam Warehouse,125.0,25.0,In Stock,2026-07-20
FUR-CH-10002924,Rotterdam Warehouse,102.0,20.0,In Stock,2026-07-20
OFF-ELD-10004324,Singapore Warehouse,230.0,46.0,In Stock,2026-07-20
OFF-ST-10002276,Singapore Warehouse,391.0,78.0,In Stock,2026-07-20
FUR-LES-10003082,Rotterdam Warehouse,77.0,15.0,In Stock,2026-07-20
FUR-FU-10001025,Rotterdam Warehouse,85.0,17.0,In Stock,2026-07-20
OFF-STO-10004495,Singapore Warehouse,230.0,46.0,In Stock,2026-07-20
OFF-LA-10000624,Singapore Warehouse,380.0,76.0,In Stock,2026-07-20
FUR-FU-10004097,Rotterdam Warehouse,99.0,19.0,In Stock,2026-07-20
FUR-BO-10003965,Rotterdam Warehouse,51.0,10.0,,2026-07-20
TEC-PH-10002262,Chicago Warehouse,181.0,36.0,In Stock,2026-07-20
OFF-SU-10003683,Singapore Warehouse ,395.0,79.0,In Stock,2026-07-20
OFF-EN-10003547,Singapore Warehouse,472.0,94.0,In Stock,2026-07-20
FUR-NOV-10002333,Rotterdam Warehouse,90.0,18.0,In Stock,2026-07-20
OFF-AP-10002552,Singapore Warehouse,315.0,63.0,In Stock,2026-07-20
OFF-PA-10000127,,259.0,51.0,,2026-07-20
TEC-CIS-10002814,Chicago Warehouse,81.0,16.0,In Stock,2026-07-20
TEC-PH-10004402,Chicago Warehouse,,17.0,In Stock,2026-07-20
OFF-SU-10000954,Singapore Warehouse,328.0,65.0,In Stock,2026-07-20
OFF-SU-10003221,Singapore Warehouse,282.0,56.0,In Stock,2026-07-20
TEC-MA-10000124,Chicago Warehouse,206.0,41.0,In Stock,2026-07-20
TEC-CO-10003931,Chicago Warehouse,172.0,34.0,,2026-07-20
TEC-AC-10000086,Chicago Warehouse,193.0,38.0,In Stock,2026-07-20
OFF-ELD-10004625,Singapore Warehouse,450.0,90.0,IN STOCK,2026-07-20
OFF-PA-10000030,Singapore Warehouse,218.0,43.0,In Stock,20/07/2026
OFF-SU-10002131,Singapore Warehouse,387.0,77.0,In Stock,2026-07-20
TEC-MA-10004993,Chicago Warehouse,98.0,19.0,In Stock,2026-07-20
OFF-BI-10004465,Singapore Warehouse,478.0,95.0,In Stock,2026-07-20
OFF-AP-10004869,Singapore Warehouse,377.0,,In Stock,
OFF-AR-10002804,Singapore Warehouse,204.0,40.0,In Stock,2026-07-20
OFF-NOV-10003964,,209.0,41.0,,2026-07-20
OFF-BI-10003007,Singapore Warehouse,390.0,78.0,In Stock,2026-07-20
OFF-BI-10004364,Singapore Warehouse,218.0,,In Stock,2026-07-20
FUR-TA-10003078,Rotterdam Warehouse,95.0,19.0,In-Stock,2026-07-20
OFF-EN-10003559,Singapore Warehouse,484.0,96.0,In Stock,2026-07-20
OFF-BI-10004651,Singapore Warehouse,411.0,82.0,In Stock,2026-07-20
OFF-AP-10002350,Singapore Warehouse,452.0,90.0,In Stock,2026-07-20
FUR-BO-10002510,Rotterdam Warehouse,94.0,18.0,In Stock,2026-07-20
OFF-EN-10003979,Singapore Warehouse,227.0,45.0,In Stock,2026-07-20
OFF-AP-10001503,Singapore Warehouse,282.0,56.0,In Stock,2026-07-20
OFF-LA-10001188,Singapore Warehouse,361.0,72.0,In Stock,2026-07-20
TEC-BRO-10001852,Chicago Warehouse,215.0,43.0,In Stock,2026-07-20
TEC-PH-10004897,Chicago Warehouse,120.0,24.0,In Stock,2026-07-20
FUR-BO-10002308,Rotterdam Warehouse,112.0,22.0,In Stock,2026-07-20
TEC-CO-10003964,Chicago Warehouse,237.0,47.0,IN STOCK,2026-07-20
OFF-LA-10002673,Singapore Warehouse,425.0,85.0,In Stock,2026-07-20
FUR-CH-10004309,Rotterdam Warehouse,119.0,23.0,In Stock,2026-07-20
OFF-SU-10004283,Singapore Warehouse,345.0,69.0,In Stock,2026-07-20
OFF-BRE-10003558,Singapore Warehouse,329.0,65.0,In Stock,2026-07-20
OFF-BI-10004250,Singapore Warehouse,380.0,76.0,In Stock,2026-07-20
FUR-TA-10003837,Rotterdam Warehouse,135.0,,In Stock,2026-07-20
FUR-FU-10004164,Rotterdam Warehouse,115.0,23.0,IN STOCK,2026-07-20
OFF-STI-10002519,Singapore Warehouse,492.0,98.0,In Stock,2026-07-20
TEC-AC-10003294,Chicago Warehouse,201.0,40.0,In Stock,2026-07-20
OFF-AR-10000845,Singapore Warehouse,318.0,63.0,In Stock,2026-07-20
FUR-BO-10003438,Rotterdam Warehouse,108.0,21.0,In Stock,
OFF-AP-10000935,Singapore Warehouse,461.0,92.0,In Stock,2026-07-20
OFF-PA-10002941,Singapore Warehouse,219.0,43.0,In Stock,2026-07-20
TEC-PH-10003877,Chicago Warehouse,98.0,19.0,In Stock,2026-07-20
OFF-SU-10003803,Singapore Warehouse,234.0,46.0,In Stock,
OFF-AR-10002364,Singapore Warehouse,340.0,68.0,In Stock,2026-07-20
FUR-CH-10000604,Rotterdam Warehouse,139.0,27.0,In Stock,2026-07-20
OFF-BI-10004195,Singapore Warehouse,341.0,68.0,In Stock,2026-07-20
OFF-AP-10001274,Singapore Warehouse,348.0,69.0,In Stock,2026-07-20
TEC-CO-10002269,Chicago Warehouse,187.0,37.0,In Stock,2026-07-20
TEC-PH-10003645,Chicago Warehouse,144.0,28.0,In Stock,2026-07-20
FUR-FU-10000640,Rotterdam Warehouse,76.0,15.0,In Stock,2026-07-20
FUR-FU-10000206,Rotterdam Warehouse,53.0,10.0,In Stock,2026-07-20
TEC-MA-10003990,Chicago Warehouse,230.0,46.0,In Stock,2026-07-20
OFF-AP-10000136,Singapore Warehouse,366.0,73.0,In Stock,2026-07-20
OFF-AP-10001527,Singapore Warehouse,424.0,84.0,In Stock,2026-07-20
TEC-AC-10002688,Chicago Warehouse,249.0,49.0,In Stock,2026-07-20
TEC-MA-10001298,Chicago Warehouse,180.0,36.0,IN STOCK,2026-07-20
OFF-ENE-10003409,Singapore Warehouse,483.0,96.0,In Stock,2026-07-20
TEC-CO-10003160,Chicago Warehouse,239.0,47.0,In Stock,2026-07-20
OFF-LA-10001839,Singapore Warehouse,457.0,91.0,In Stock,2026-07-20
FUR-BO-10002213,,63.0,12.0,In Stock,2026-07-20
TEC-MA-10003698,Chicago Warehouse,,37.0,In Stock,2026-07-20
OFF-SAN-10001128,Singapore Warehouse,381.0,76.0,In Stock,2026-07-20
TEC-AC-10003666,Chicago Warehouse,210.0,,In Stock,2026-07-20
OFF-AP-10002439,Singapore Warehouse,385.0,77.0,In Stock,2026-07-20
FUR-TEN-10003648,Rotterdam Warehouse,108.0,21.0,In Stock,2026-07-20
OFF-BI-10003806,Singapore Warehouse,238.0,47.0,IN STOCK,2026-07-20
OFF-AP-10003099,Singapore Warehouse,398.0,79.0,In Stock,2026-07-20
FUR-FU-10002659,Rotterdam Warehouse,85.0,17.0,In Stock,2026-07-20
FUR-BO-10003604,Rotterdam Warehouse,98.0,19.0,IN STOCK,2026-07-20
OFF-SU-10003834,Singapore Warehouse,229.0,45.0,In Stock,2026-07-20
FUR-OFF-10002740,Rotterdam Warehouse,124.0,24.0,In Stock,2026-07-20
FUR-FU-10003046,Rotterdam Warehouse,55.0,11.0,In Stock,20/07/2026
OFF-BI-10000928,Singapore Warehouse,274.0,54.0,In Stock,2026-07-20
TEC-PH-10002885,Chicago Warehouse,209.0,41.0,In Stock,2026-07-20
TEC-AC-10004557,Chicago Warehouse,209.0,41.0,In Stock,2026-07-20
FUR-FU-10004224,Rotterdam Warehouse,60.0,12.0,In Stock,2026-07-20
FUR-CH-10004992,Rotterdam Warehouse,141.0,28.0,In Stock,2026-07-20
OFF-SU-10004461,Singapore Warehouse,248.0,49.0,In Stock,2026-07-20
FUR-BO-10001874,Rotterdam Warehouse,81.0,16.0,In Stock,2026-07-20
TEC-AC-10001566,Chicago Warehouse,143.0,28.0,In Stock,2026-07-20
OFF-AP-10000825,Singapore Warehouse,247.0,49.0,In Stock,2026-07-20
FUR-TA-10002966,Rotterdam Warehouse,62.0,12.0,In Stock,2026-07-20
OFF-LA-10003233,Singapore Warehouse,467.0,93.0,In Stock,2026-07-20
OFF-BI-10001055,Singapore Warehouse,336.0,67.0,In Stock,2026-07-20
OFF-AR-10000812,Singapore Warehouse,477.0,95.0,In Stock,20/07/2026
OFF-FA-10004993,Singapore Warehouse,,59.0,In Stock,2026-07-20
FUR-CH-10001332,Rotterdam Warehouse,70.0,14.0,In Stock,2026-07-20
TEC-AC-10002364,Chicago Warehouse,108.0,21.0,In Stock,2026-07-20
FUR-FU-10000657,Rotterdam Warehouse,81.0,16.0,In Stock,2026-07-20
OFF-PA-10001801,Singapore Warehouse,322.0,64.0,In Stock,2026-07-20
FUR-DEF-10000639,Rotterdam Warehouse,88.0,,In Stock,2026-07-20
OFF-AR-10001073,Singapore Warehouse,272.0,54.0,In Stock,2026-07-20
TEC-AC-10001705,Chicago Warehouse,104.0,20.0,In Stock,2026-07-20
TEC-PH-10002398,Chicago Warehouse,223.0,44.0,In Stock,2026-07-20
OFF-AP-10002226,Singapore Warehouse,490.0,98.0,In Stock,2026-07-20
OFF-NOV-10001568,Singapore Warehouse,313.0,62.0,In Stock,2026-07-20
OFF-SU-10003567,Singapore Warehouse,421.0,84.0,In Stock,
OFF-AR-10003532,Singapore Warehouse,294.0,58.0,In Stock,2026-07-20
OFF-BI-10002520,Singapore Warehouse ,218.0,43.0,In Stock,2026-07-20
OFF-SU-10003624,Singapore Warehouse,358.0,71.0,IN STOCK,2026-07-20
OFF-ADV-10004241,Singapore Warehouse,207.0,41.0,In Stock,20/07/2026
FUR-CH-10002335,Rotterdam Warehouse,72.0,14.0,In Stock,2026-07-20
OFF-BI-10004140,Singapore Warehouse,382.0,76.0,In Stock,2026-07-20
OFF-PA-10003465,Singapore Warehouse,200.0,40.0,In Stock,2026-07-20
FUR-FU-10002890,Rotterdam Warehouse,117.0,23.0,In Stock,2026-07-20
TEC-PH-10003357,Chicago Warehouse,198.0,39.0,In-Stock,2026-07-20
OFF-FA-10003415,Singapore Warehouse,480.0,96.0,In Stock,2026-07-20
OFF-ST-10000103,Singapore Warehouse,259.0,51.0,In Stock,20/07/2026
OFF-FA-10003542,Singapore Warehouse,262.0,52.0,IN STOCK,2026-07-20
TEC-PH-10002185,Chicago Warehouse,152.0,30.0,In Stock,2026-07-20
TEC-CO-10003759,Chicago Warehouse,100.0,20.0,In Stock,2026-07-20
OFF-AP-10001058,Singapore Warehouse,,99.0,In Stock,2026-07-20
OFF-FA-10004795,Singapore Warehouse,479.0,95.0,In Stock,2026-07-20
TEC-PH-10001427,Chicago Warehouse,140.0,28.0,In Stock,2026-07-20
OFF-AME-10000440,Singapore Warehouse,207.0,41.0,In Stock,2026-07-20
OFF-PA-10001323,Singapore Warehouse,213.0,42.0,,2026-07-20
FUR-FU-10002557,Rotterdam Warehouse,60.0,12.0,In Stock,2026-07-20
FUR-HON-10001622,Rotterdam Warehouse,75.0,15.0,In Stock,2026-07-20
FUR-CH-10003155,Rotterdam Warehouse,146.0,29.0,In Stock,2026-07-20
OFF-PA-10002372,Singapore Warehouse,250.0,50.0,In Stock,2026-07-20
OFF-SU-10001506,Singapore Warehouse,277.0,55.0,In Stock,2026-07-20
OFF-FA-10000207,Singapore Warehouse,400.0,80.0,IN STOCK,2026-07-20
OFF-LA-10004919,Singapore Warehouse,461.0,92.0,In Stock,2026-07-20
OFF-AVE-10000432,Singapore Warehouse,270.0,54.0,In Stock,2026-07-20
OFF-BI-10000542,Singapore Warehouse,426.0,85.0,In Stock,
OFF-STI-10000937,Singapore Warehouse,259.0,51.0,In Stock,2026-07-20
OFF-EN-10004186,Singapore Warehouse,208.0,41.0,In Stock,2026-07-20
OFF-BI-10002296,Singapore Warehouse,380.0,76.0,,2026-07-20
TEC-CO-10000775,Chicago Warehouse,124.0,24.0,In Stock,2026-07-20
TEC-MA-10001127,Chicago Warehouse,83.0,16.0,In Stock,20/07/2026
FUR-TEN-10002448,Rotterdam Warehouse,56.0,11.0,In Stock,2026-07-20
OFF-ST-10004963,Singapore Warehouse,433.0,86.0,IN STOCK,2026-07-20
FUR-BO-10001254,Rotterdam Warehouse,60.0,12.0,In Stock,2026-07-20
TEC-MA-10002771,Chicago Warehouse,144.0,28.0,In Stock,2026-07-20
OFF-PA-10001019,Singapore Warehouse,324.0,64.0,In Stock,2026-07-20
OFF-BI-10003323,Singapore Warehouse,409.0,81.0,In Stock,2026-07-20
TEC-PH-10003847,Chicago Warehouse,94.0,18.0,In Stock,2026-07-20
FUR-CH-10001203,Rotterdam Warehouse,99.0,19.0,In Stock,2026-07-20
OFF-BI-10002082,Singapore Warehouse,215.0,43.0,In Stock,2026-07-20
OFF-FA-10004605,Singapore Warehouse ,439.0,87.0,In Stock,
OFF-BIN-10002407,Singapore Warehouse,,84.0,IN STOCK,2026-07-20
FUR-FU-10000193,Rotterdam Warehouse,101.0,20.0,In Stock,2026-07-20
TEC-AC-10001907,Chicago Warehouse,188.0,37.0,In Stock,2026-07-20
OFF-PA-10002262,Singapore Warehouse,268.0,53.0,In Stock,2026-07-20
OFF-AP-10000844,Singapore Warehouse,403.0,80.0,In Stock,2026-07-20
FUR-HON-10000029,Rotterdam Warehouse,75.0,15.0,,2026-07-20
TEC-PH-10002922,Chicago Warehouse,223.0,44.0,In Stock,2026-07-20
OFF-SU-10001476,Singapore Warehouse,437.0,87.0,In Stock,20/07/2026
TEC-AC-10002600,Chicago Warehouse,174.0,34.0,In Stock,2026-07-20
OFF-STI-10003234,Singapore Warehouse,225.0,45.0,In Stock,2026-07-20
TEC-SAM-10004230,Chicago Warehouse,140.0,28.0,In Stock,2026-07-20
OFF-BI-10002558,Singapore Warehouse,450.0,90.0,In Stock,20/07/2026
OFF-AR-10002677,Singapore Warehouse,260.0,52.0,In Stock,2026-07-20
TEC-MA-10000003,Chicago Warehouse,144.0,28.0,In Stock,2026-07-20
OFF-AR-10002447,Singapore Warehouse,363.0,72.0,In Stock,2026-07-20
OFF-SME-10001761,Singapore Warehouse,290.0,58.0,In Stock,2026-07-20
TEC-AC-10004539,Chicago Warehouse,232.0,46.0,In Stock,2026-07-20
FUR-FU-10002979,Rotterdam Warehouse,128.0,25.0,IN STOCK,2026-07-20
TEC-AC-10004429,Chicago Warehouse,197.0,39.0,In Stock,2026-07-20
TEC-PH-10004242,Chicago Warehouse,,16.0,In Stock,2026-07-20
OFF-KRA-10004192,Singapore Warehouse,402.0,80.0,In Stock,2026-07-20
OFF-LA-10003231,Singapore Warehouse,282.0,56.0,In Stock,2026-07-20
OFF-AR-10001232,Singapore Warehouse,215.0,43.0,In Stock,
OFF-STO-10004971,Singapore Warehouse,356.0,71.0,In Stock,2026-07-20
OFF-AP-10000407,Singapore Warehouse,362.0,72.0,In Stock,2026-07-20
FUR-OFF-10001187,Rotterdam Warehouse,116.0,23.0,In Stock,2026-07-20
FUR-TA-10003323,Rotterdam Warehouse,134.0,26.0,In Stock,2026-07-20
OFF-CAR-10002375,Singapore Warehouse,329.0,65.0,In Stock,2026-07-20
OFF-FA-10002815,Singapore Warehouse,366.0,73.0,In Stock,2026-07-20
TEC-PAN-10004404,Chicago Warehouse,81.0,16.0,In Stock,2026-07-20
FUR-CHR-10000888,Rotterdam Warehouse,118.0,23.0,In Stock,2026-07-20
TEC-PH-10002320,Chicago Warehouse,105.0,21.0,In Stock,2026-07-20
FUR-CH-10000155,Rotterdam Warehouse,50.0,10.0,In Stock,2026-07-20
OFF-GLO-10002315,Singapore Warehouse,385.0,77.0,In Stock,2026-07-20
OFF-AR-10000719,Singapore Warehouse,214.0,,In Stock,2026-07-20
OFF-BI-10004146,Singapore Warehouse,442.0,88.0,In Stock,2026-07-20
TEC-PH-10000824,Chicago Warehouse,201.0,40.0,In Stock,2026-07-20
TEC-CO-10001391,Chicago Warehouse,161.0,32.0,In Stock,2026-07-20
OFF-FA-10002639,Singapore Warehouse ,415.0,83.0,In Stock,2026-07-20
FUR-CH-10004219,Rotterdam Warehouse,100.0,20.0,In Stock,2026-07-20
TEC-AC-10003763,Chicago Warehouse,109.0,21.0,In-Stock,2026-07-20
OFF-BI-10000439,Singapore Warehouse,492.0,98.0,In Stock,2026-07-20
FUR-DAN-10001584,Rotterdam Warehouse,132.0,26.0,In Stock,2026-07-20
TEC-PH-10002647,Chicago Warehouse,131.0,26.0,In Stock,2026-07-20
FUR-TA-10003926,Rotterdam Warehouse ,128.0,25.0,In Stock,2026-07-20
OFF-FA-10001520,Singapore Warehouse,,80.0,In Stock,2026-07-20
FUR-BO-10001873,Rotterdam Warehouse ,137.0,27.0,In Stock,2026-07-20
TEC-PH-10002456,Chicago Warehouse,198.0,39.0,In-Stock,2026-07-20
OFF-BI-10000707,Singapore Warehouse,295.0,59.0,In Stock,2026-07-20
FUR-BO-10001875,Rotterdam Warehouse ,67.0,13.0,In Stock,2026-07-20
OFF-ENE-10004377,Singapore Warehouse,372.0,74.0,In Stock,2026-07-20
FUR-SAF-10004530,Rotterdam Warehouse,85.0,17.0,In Stock,2026-07-20
OFF-AP-10000667,Singapore Warehouse,332.0,66.0,In Stock,2026-07-20
OFF-ST-10000648,Singapore Warehouse,475.0,95.0,In Stock,2026-07-20
TEC-PH-10003303,Chicago Warehouse,150.0,30.0,In Stock,2026-07-20
OFF-IBI-10004074,Singapore Warehouse,377.0,75.0,In Stock,2026-07-20
FUR-FU-10004283,Rotterdam Warehouse,127.0,25.0,In Stock,2026-07-20
OFF-FIS-10004155,Singapore Warehouse,291.0,58.0,In Stock,2026-07-20
OFF-ELD-10000124,Singapore Warehouse,241.0,,In Stock,20/07/2026
OFF-AR-10001850,Singapore Warehouse,273.0,54.0,IN STOCK,2026-07-20
OFF-GRE-10000328,Singapore Warehouse,308.0,61.0,,2026-07-20
TEC-PH-10004211,Chicago Warehouse,236.0,47.0,In Stock,2026-07-20
FUR-CH-10003354,Rotterdam Warehouse,127.0,25.0,In Stock,2026-07-20
OFF-AR-10003770,Singapore Warehouse,353.0,70.0,In Stock,2026-07-20
OFF-FA-10002890,Singapore Warehouse,270.0,54.0,In Stock,20/07/2026
OFF-IBI-10004855,Singapore Warehouse,236.0,47.0,In Stock,2026-07-20
OFF-SU-10004497,Singapore Warehouse,283.0,56.0,In Stock,2026-07-20
TEC-AC-10002218,Chicago Warehouse,205.0,41.0,In Stock,2026-07-20
OFF-AP-10000382,Singapore Warehouse,270.0,54.0,In Stock,2026-07-20
OFF-PA-10000241,Singapore Warehouse,402.0,80.0,IN STOCK,2026-07-20
TEC-AC-10001666,Chicago Warehouse,85.0,17.0,In Stock,2026-07-20
FUR-DEF-10000572,Rotterdam Warehouse,107.0,21.0,In Stock,2026-07-20
OFF-AR-10003087,Singapore Warehouse,446.0,89.0,In Stock,2026-07-20
OFF-AR-10001714,Singapore Warehouse,240.0,48.0,In Stock,2026-07-20
OFF-STA-10000247,Singapore Warehouse,213.0,42.0,In Stock,2026-07-20
FUR-TA-10001056,Rotterdam Warehouse,67.0,13.0,In Stock,2026-07-20
OFF-TEN-10001480,Singapore Warehouse,232.0,46.0,In Stock,2026-07-20
OFF-FA-10002444,Singapore Warehouse,315.0,63.0,In Stock,2026-07-20
OFF-BI-10004080,Singapore Warehouse,475.0,95.0,In Stock,2026-07-20
OFF-KRA-10004624,Singapore Warehouse,283.0,56.0,In Stock,2026-07-20
TEC-CO-10000208,Chicago Warehouse,184.0,36.0,In Stock,2026-07-20
TEC-AC-10004478,Chicago Warehouse,205.0,41.0,In Stock,2026-07-20
TEC-PH-10000586,Chicago Warehouse,157.0,31.0,In Stock,2026-07-20
FUR-CH-10004983,Rotterdam Warehouse,77.0,15.0,In Stock,2026-07-20
OFF-AP-10003577,Singapore Warehouse,255.0,51.0,In Stock,2026-07-20
OFF-BI-10004094,Singapore Warehouse,308.0,61.0,In Stock,2026-07-20
TEC-AC-10001664,Chicago Warehouse,124.0,24.0,In Stock,2026-07-20
OFF-ST-10000210,Singapore Warehouse,230.0,46.0,,2026-07-20
OFF-BI-10003196,Singapore Warehouse,377.0,75.0,In Stock,20/07/2026
TEC-PH-10001289,Chicago Warehouse,132.0,26.0,In Stock,2026-07-20
OFF-EN-10002986,Singapore Warehouse,319.0,63.0,In Stock,2026-07-20
OFF-BI-10003397,Singapore Warehouse,352.0,70.0,In Stock,2026-07-20
FUR-CH-10001429,Rotterdam Warehouse,51.0,10.0,In Stock,2026-07-20
FUR-FU-10000729,Rotterdam Warehouse,118.0,23.0,In Stock,2026-07-20
FUR-FU-10001129,Rotterdam Warehouse,107.0,21.0,In Stock,2026-07-20
FUR-CH-10004331,Rotterdam Warehouse,65.0,13.0,In Stock,2026-07-20
OFF-KRA-10002752,Singapore Warehouse,260.0,52.0,In Stock,2026-07-20
FUR-CH-10002188,Rotterdam Warehouse,73.0,14.0,In Stock,2026-07-20
TEC-PH-10002570,Chicago Warehouse,181.0,36.0,In Stock,2026-07-20
OFF-ST-10001414,Singapore Warehouse,367.0,73.0,In Stock,2026-07-20
OFF-JIF-10000843,Singapore Warehouse,335.0,67.0,In Stock,2026-07-20
TEC-AC-10003335,Chicago Warehouse,131.0,26.0,In Stock,2026-07-20
OFF-BI-10001973,Singapore Warehouse,216.0,43.0,In Stock,2026-07-20
OFF-PA-10002105,Singapore Warehouse,335.0,67.0,In Stock,2026-07-20
OFF-AR-10003450,Singapore Warehouse,-408.0,81.0,In Stock,2026-07-20
TEC-PH-10004682,Chicago Warehouse,105.0,21.0,In Stock,2026-07-20
OFF-LA-10003278,Singapore Warehouse,370.0,74.0,In Stock,20/07/2026
OFF-PA-10001492,Singapore Warehouse,449.0,89.0,In Stock,2026-07-20
OFF-ST-10001374,Singapore Warehouse,489.0,97.0,In Stock,2026-07-20
OFF-ST-10000794,Singapore Warehouse,420.0,84.0,In Stock,2026-07-20
TEC-CO-10001919,Chicago Warehouse,,23.0,In Stock,2026-07-20
TEC-CO-10004377,Chicago Warehouse,199.0,39.0,In Stock,2026-07-20
FUR-BO-10004834,Rotterdam Warehouse,73.0,14.0,In Stock,2026-07-20
TEC-EPS-10000774,Chicago Warehouse,112.0,22.0,In Stock,2026-07-20
OFF-SU-10001421,Singapore Warehouse,325.0,65.0,In Stock,2026-07-20
OFF-EN-10004773,Singapore Warehouse,313.0,62.0,In Stock,2026-07-20
OFF-EN-10003352,Singapore Warehouse,489.0,97.0,In Stock,2026-07-20
OFF-KLE-10000228,Singapore Warehouse,303.0,60.0,In Stock,2026-07-20
OFF-BI-10000174,Singapore Warehouse,462.0,92.0,In Stock,2026-07-20
OFF-PA-10003052,Singapore Warehouse,234.0,46.0,In Stock,2026-07-20
TEC-CO-10002057,Chicago Warehouse,199.0,39.0,In Stock,2026-07-20
TEC-MA-10000772,Chicago Warehouse,148.0,29.0,In Stock,2026-07-20
FUR-BO-10002204,Rotterdam Warehouse ,121.0,24.0,In Stock,20/07/2026
TEC-CO-10004365,Chicago Warehouse,86.0,17.0,In Stock,2026-07-20
FUR-CH-10004199,Rotterdam Warehouse,128.0,25.0,In Stock,2026-07-20
OFF-HON-10001204,Singapore Warehouse,359.0,71.0,In Stock,2026-07-20
TEC-CO-10003523,Chicago Warehouse,80.0,16.0,In Stock,2026-07-20
FUR-BUS-10004854,Rotterdam Warehouse,124.0,24.0,In Stock,2026-07-20
OFF-ROG-10001818,Singapore Warehouse,234.0,46.0,In Stock,20/07/2026
OFF-SU-10001337,Singapore Warehouse,360.0,72.0,In Stock,2026-07-20
FUR-FU-10004427,Rotterdam Warehouse,108.0,21.0,In Stock,2026-07-20
OFF-SU-10003160,Singapore Warehouse,432.0,86.0,IN STOCK,2026-07-20
TEC-PH-10004618,Chicago Warehouse,187.0,37.0,In Stock,2026-07-20
FUR-CH-10004082,Rotterdam Warehouse,85.0,17.0,In Stock,2026-07-20
TEC-PH-10002624,Chicago Warehouse,136.0,27.0,In Stock,2026-07-20
OFF-AR-10001053,Singapore Warehouse,388.0,77.0,In Stock,2026-07-20
TEC-CO-10001008,Chicago Warehouse,187.0,37.0,In Stock,2026-07-20
OFF-FA-10004838,Singapore Warehouse,442.0,88.0,In Stock,2026-07-20
OFF-ACM-10001112,Singapore Warehouse,499.0,99.0,In Stock,2026-07-20
TEC-PH-10000493,Chicago Warehouse,142.0,28.0,In Stock,2026-07-20
TEC-PH-10001712,Chicago Warehouse,81.0,16.0,In Stock,2026-07-20
FUR-FU-10004811,Rotterdam Warehouse,149.0,29.0,In Stock,20/07/2026
FUR-FU-10001692,Rotterdam Warehouse,143.0,28.0,In Stock,2026-07-20
TEC-OKI-10003221,Chicago Warehouse,191.0,38.0,In Stock,2026-07-20
TEC-PH-10002292,Chicago Warehouse,196.0,39.0,In Stock,2026-07-20
OFF-BI-10004970,Singapore Warehouse,206.0,41.0,In Stock,2026-07-20
OFF-SU-10002152,Singapore Warehouse,477.0,95.0,In Stock,2026-07-20
OFF-SU-10002537,Singapore Warehouse,495.0,99.0,In Stock,20/07/2026
FUR-BO-10004917,Rotterdam Warehouse,111.0,22.0,In Stock,2026-07-20
OFF-BI-10000188,Singapore Warehouse,227.0,45.0,In Stock,2026-07-20
OFF-HON-10001508,Singapore Warehouse,359.0,71.0,In Stock,2026-07-20
OFF-AR-10000584,Singapore Warehouse,317.0,63.0,In Stock,2026-07-20
TEC-PH-10002217,Chicago Warehouse,199.0,39.0,In Stock,2026-07-20
OFF-ST-10004983,Singapore Warehouse,383.0,76.0,In Stock,2026-07-20
OFF-ENE-10001291,Singapore Warehouse,296.0,59.0,,2026-07-20
OFF-LA-10002733,Singapore Warehouse,383.0,76.0,In Stock,2026-07-20
TEC-AC-10001792,Chicago Warehouse,208.0,41.0,In Stock,2026-07-20
OFF-PA-10000740,Singapore Warehouse,,83.0,In Stock,2026-07-20
FUR-BO-10003282,Rotterdam Warehouse,146.0,29.0,In Stock,2026-07-20
TEC-PH-10004680,Chicago Warehouse,176.0,35.0,In Stock,2026-07-20
OFF-AR-10000715,Singapore Warehouse,485.0,97.0,In Stock,2026-07-20
FUR-TA-10003386,Rotterdam Warehouse ,142.0,28.0,In Stock,2026-07-20
TEC-AC-10001745,Chicago Warehouse,194.0,38.0,In Stock,2026-07-20
OFF-LA-10004799,Singapore Warehouse,,43.0,In Stock,2026-07-20
OFF-GLO-10000485,Singapore Warehouse,208.0,41.0,In Stock,2026-07-20
OFF-FA-10003015,Singapore Warehouse,269.0,53.0,In Stock,20/07/2026
TEC-HEW-10001710,Chicago Warehouse,237.0,47.0,In Stock,2026-07-20
OFF-AP-10002764,Singapore Warehouse,244.0,48.0,In Stock,2026-07-20
OFF-BI-10002071,Singapore Warehouse,218.0,43.0,In Stock,2026-07-20
OFF-ST-10003208,Singapore Warehouse,445.0,89.0,In Stock,2026-07-20
TEC-AC-10002545,Chicago Warehouse,140.0,28.0,In Stock,2026-07-20
OFF-SU-10001886,Singapore Warehouse,424.0,84.0,In Stock,2026-07-20
OFF-PA-10001934,Singapore Warehouse,305.0,61.0,In Stock,2026-07-20
OFF-BI-10003166,Singapore Warehouse,243.0,48.0,In Stock,2026-07-20
OFF-PA-10001954,Singapore Warehouse,261.0,52.0,In Stock,
OFF-ST-10001713,Singapore Warehouse,241.0,48.0,In Stock,2026-07-20
OFF-SME-10004256,Singapore Warehouse,244.0,48.0,In Stock,2026-07-20
OFF-BI-10001617,Singapore Warehouse,484.0,96.0,In Stock,2026-07-20
OFF-EN-10004970,Singapore Warehouse,430.0,86.0,In Stock,2026-07-20
OFF-PA-10004421,Singapore Warehouse,500.0,100.0,In Stock,2026-07-20
OFF-AR-10001578,Singapore Warehouse,470.0,94.0,IN STOCK,2026-07-20
OFF-BI-10002674,Singapore Warehouse,220.0,44.0,In Stock,2026-07-20
TEC-CO-10001221,Chicago Warehouse,125.0,25.0,In Stock,2026-07-20
FUR-FU-10000972,Rotterdam Warehouse,148.0,29.0,In Stock,2026-07-20
TEC-CO-10000259,Chicago Warehouse,247.0,49.0,In Stock,2026-07-20
FUR-CH-10000051,Rotterdam Warehouse,77.0,15.0,In Stock,2026-07-20
OFF-PA-10002373,Singapore Warehouse,320.0,64.0,In Stock,2026-07-20
FUR-ADV-10004971,Rotterdam Warehouse,69.0,13.0,In Stock,2026-07-20
FUR-FU-10002703,Rotterdam Warehouse,74.0,14.0,In Stock,2026-07-20
FUR-FU-10000790,Rotterdam Warehouse,139.0,27.0,In Stock,20/07/2026
TEC-PH-10000499,Chicago Warehouse,189.0,37.0,In Stock,2026-07-20
FUR-CH-10003618,Rotterdam Warehouse,144.0,28.0,In Stock,2026-07-20
FUR-CH-10001684,Rotterdam Warehouse,149.0,29.0,IN STOCK,2026-07-20
OFF-LA-10000536,Singapore Warehouse ,335.0,67.0,In Stock,2026-07-20
OFF-AP-10000891,Singapore Warehouse,,83.0,In Stock,2026-07-20
OFF-SU-10003473,Singapore Warehouse,382.0,76.0,In Stock,2026-07-20
TEC-PH-10001288,Chicago Warehouse,198.0,39.0,In Stock,2026-07-20
FUR-FU-10004245,Rotterdam Warehouse,50.0,10.0,In Stock,2026-07-20
OFF-PA-10004498,Singapore Warehouse,217.0,43.0,In Stock,2026-07-20
OFF-HAR-10002083,Singapore Warehouse,409.0,81.0,In Stock,2026-07-20
FUR-CH-10002846,Rotterdam Warehouse,61.0,12.0,In Stock,
OFF-BI-10004448,Singapore Warehouse,321.0,64.0,In Stock,2026-07-20
OFF-PA-10004016,Singapore Warehouse,361.0,72.0,In Stock,2026-07-20
FUR-CH-10003312,Rotterdam Warehouse,98.0,19.0,In Stock,20/07/2026
FUR-BO-10001943,Rotterdam Warehouse,128.0,25.0,In Stock,2026-07-20
TEC-PH-10002907,Chicago Warehouse,118.0,23.0,In Stock,2026-07-20
OFF-SAN-10004618,Singapore Warehouse,453.0,90.0,In Stock,2026-07-20
OFF-EN-10004486,Singapore Warehouse,251.0,50.0,IN STOCK,2026-07-20
OFF-ST-10004583,Singapore Warehouse,216.0,43.0,In Stock,2026-07-20
TEC-CO-10004976,Chicago Warehouse,164.0,32.0,,2026-07-20
OFF-LA-10004137,Singapore Warehouse,399.0,79.0,In Stock,2026-07-20
OFF-AR-10004486,Singapore Warehouse,377.0,75.0,In Stock,2026-07-20
OFF-PA-10004124,Singapore Warehouse,360.0,72.0,In Stock,2026-07-20
OFF-ENE-10003549,Singapore Warehouse,424.0,84.0,,2026-07-20
OFF-AP-10004946,Singapore Warehouse,341.0,68.0,In Stock,2026-07-20
FUR-CH-10002224,Rotterdam Warehouse,128.0,25.0,In Stock,2026-07-20
TEC-PH-10000004,Chicago Warehouse,214.0,42.0,In Stock,2026-07-20
TEC-MEM-10002883,Chicago Warehouse,216.0,43.0,In Stock,2026-07-20
OFF-BI-10003355,Singapore Warehouse,318.0,63.0,In Stock,
OFF-BI-10004179,Singapore Warehouse,255.0,51.0,In Stock,2026-07-20
OFF-LA-10002107,Singapore Warehouse,412.0,82.0,In Stock,2026-07-20
OFF-AR-10000493,Singapore Warehouse ,362.0,72.0,In Stock,2026-07-20
OFF-ST-10004346,Singapore Warehouse,308.0,61.0,In Stock,2026-07-20
OFF-PA-10004343,Singapore Warehouse,240.0,48.0,In Stock,2026-07-20
OFF-AR-10003504,Singapore Warehouse,466.0,93.0,In Stock,2026-07-20
FUR-BO-10000112,Rotterdam Warehouse,80.0,16.0,In Stock,2026-07-20
OFF-PA-10004268,Singapore Warehouse,465.0,93.0,In Stock,2026-07-20
TEC-PH-10002415,Chicago Warehouse,205.0,41.0,In Stock,2026-07-20
OFF-AP-10004220,Singapore Warehouse,407.0,81.0,In Stock,2026-07-20
OFF-AP-10001197,Singapore Warehouse,420.0,84.0,In Stock,2026-07-20
TEC-SAN-10004885,Chicago Warehouse,221.0,44.0,In Stock,2026-07-20
OFF-CAM-10001690,Singapore Warehouse,485.0,97.0,In Stock,2026-07-20
FUR-CH-10003621,Rotterdam Warehouse,97.0,19.0,In Stock,2026-07-20
TEC-OKI-10003124,Chicago Warehouse,209.0,41.0,In Stock,2026-07-20
TEC-STA-10004927,Chicago Warehouse,168.0,,In Stock,2026-07-20
OFF-EN-10004521,Singapore Warehouse,207.0,41.0,In Stock,2026-07-20
OFF-SU-10000130,Singapore Warehouse,412.0,82.0,In Stock,2026-07-20
OFF-AR-10001529,Singapore Warehouse,477.0,95.0,In Stock,2026-07-20
FUR-CH-10002438,Rotterdam Warehouse,124.0,24.0,In Stock,2026-07-20
OFF-FA-10001476,Singapore Warehouse,311.0,62.0,In Stock,2026-07-20
TEC-AC-10001022,Chicago Warehouse,89.0,17.0,In Stock,2026-07-20
OFF-SU-10003866,Singapore Warehouse,325.0,65.0,In Stock,2026-07-20
FUR-FU-10004460,Rotterdam Warehouse,83.0,16.0,In Stock,20/07/2026
OFF-HAR-10001310,Singapore Warehouse,407.0,81.0,In Stock,2026-07-20
OFF-FIS-10004721,Singapore Warehouse,296.0,59.0,In Stock,2026-07-20
TEC-AC-10000494,Chicago Warehouse,237.0,47.0,In Stock,2026-07-20
OFF-BI-10000814,Singapore Warehouse,472.0,94.0,In Stock,2026-07-20
FUR-TA-10000962,Rotterdam Warehouse,54.0,10.0,In Stock,2026-07-20
FUR-FU-10003394,Rotterdam Warehouse,92.0,18.0,In Stock,20/07/2026
OFF-AP-10002203,Singapore Warehouse,445.0,89.0,In Stock,2026-07-20
OFF-ST-10002743,Singapore Warehouse,,59.0,In Stock,2026-07-20
OFF-BI-10004361,Singapore Warehouse,439.0,87.0,In Stock,2026-07-20
TEC-AC-10002014,Chicago Warehouse,107.0,21.0,In Stock,2026-07-20
FUR-BO-10000728,Rotterdam Warehouse,112.0,22.0,In Stock,2026-07-20
TEC-PH-10003182,Chicago Warehouse,,41.0,In Stock,2026-07-20
TEC-PH-10002904,Chicago Warehouse,217.0,43.0,In Stock,2026-07-20
OFF-BI-10004328,Singapore Warehouse,325.0,65.0,In-Stock,2026-07-20
OFF-KRA-10003816,Singapore Warehouse,218.0,43.0,In Stock,2026-07-20
OFF-BI-10002738,Singapore Warehouse,427.0,85.0,In Stock,2026-07-20
FUR-BO-10001471,Rotterdam Warehouse,57.0,11.0,In Stock,2026-07-20
TEC-PH-10004614,Chicago Warehouse,201.0,40.0,In Stock,2026-07-20
OFF-WIL-10001979,Singapore Warehouse,463.0,92.0,In Stock,20/07/2026
OFF-EN-10002491,Singapore Warehouse,267.0,53.0,In Stock,2026-07-20
FUR-FU-10001196,Rotterdam Warehouse ,129.0,25.0,In Stock,2026-07-20
OFF-BI-10003952,Singapore Warehouse,345.0,69.0,In Stock,2026-07-20
OFF-WIL-10001801,Singapore Warehouse,264.0,52.0,In Stock,2026-07-20
OFF-PA-10003332,Singapore Warehouse,202.0,40.0,In Stock,2026-07-20
TEC-AC-10003611,Chicago Warehouse,110.0,22.0,In Stock,2026-07-20
OFF-LA-10003511,Singapore Warehouse,237.0,47.0,,2026-07-20
OFF-EN-10002926,Singapore Warehouse,238.0,47.0,In Stock,2026-07-20
FUR-BO-10004472,Rotterdam Warehouse,84.0,16.0,IN STOCK,2026-07-20
FUR-FU-10000366,Rotterdam Warehouse,67.0,13.0,In Stock,2026-07-20
OFF-ACC-10002849,Singapore Warehouse,262.0,52.0,In Stock,2026-07-20
OFF-ST-10001291,Singapore Warehouse,353.0,70.0,In-Stock,
OFF-EN-10002959,Singapore Warehouse,315.0,63.0,In Stock,2026-07-20
OFF-BIN-10000308,Singapore Warehouse,481.0,96.0,In Stock,2026-07-20
OFF-EN-10001861,Singapore Warehouse,251.0,50.0,In Stock,2026-07-20
FUR-BO-10002042,Rotterdam Warehouse,104.0,20.0,In Stock,2026-07-20
TEC-PH-10003273,Chicago Warehouse,224.0,44.0,In Stock,2026-07-20
TEC-EPS-10001651,Chicago Warehouse,177.0,35.0,In Stock,2026-07-20
OFF-LA-10004114,,478.0,95.0,In Stock,2026-07-20
FUR-FU-10001447,Rotterdam Warehouse,108.0,21.0,In Stock,2026-07-20
OFF-LA-10000121,Singapore Warehouse,302.0,60.0,In Stock,2026-07-20
TEC-MA-10000354,Chicago Warehouse,86.0,17.0,In Stock,2026-07-20
OFF-EN-10004120,,216.0,43.0,In Stock,2026-07-20
FUR-FU-10001194,Rotterdam Warehouse,85.0,17.0,In Stock,2026-07-20
OFF-BIN-10002236,Singapore Warehouse,319.0,63.0,In Stock,2026-07-20
OFF-AP-10001049,Singapore Warehouse,222.0,44.0,In Stock,2026-07-20
TEC-PH-10003655,Chicago Warehouse,194.0,38.0,In Stock,2026-07-20
OFF-EN-10002850,Singapore Warehouse,342.0,68.0,In Stock,2026-07-20
OFF-FA-10000134,Singapore Warehouse,317.0,63.0,In Stock,2026-07-20
OFF-SU-10004873,Singapore Warehouse,395.0,79.0,In Stock,2026-07-20
OFF-FA-10002815,Singapore Warehouse,362.0,72.0,In Stock,2026-07-20
TEC-AC-10002702,Chicago Warehouse,116.0,23.0,,2026-07-20
TEC-PH-10001084,Chicago Warehouse,132.0,26.0,In Stock,2026-07-20
TEC-PH-10001432,Chicago Warehouse,163.0,32.0,In Stock,2026-07-20
OFF-CAR-10004293,Singapore Warehouse,312.0,62.0,In Stock,2026-07-20
OFF-AP-10000039,Singapore Warehouse,270.0,54.0,In Stock,2026-07-20
TEC-AC-10003533,Chicago Warehouse,203.0,40.0,In Stock,2026-07-20
FUR-IKE-10002509,Rotterdam Warehouse,139.0,27.0,In Stock,2026-07-20
TEC-MA-10002109,Chicago Warehouse,96.0,19.0,In Stock,2026-07-20
TEC-PH-10001433,Chicago Warehouse ,84.0,16.0,In Stock,2026-07-20
TEC-CAN-10000932,Chicago Warehouse,223.0,44.0,In Stock,2026-07-20
OFF-FA-10000735,Singapore Warehouse,,49.0,In Stock,2026-07-20
OFF-STO-10000753,Singapore Warehouse,287.0,57.0,In Stock,2026-07-20
TEC-MA-10003630,Chicago Warehouse,136.0,27.0,In Stock,2026-07-20
OFF-PA-10003302,Singapore Warehouse,364.0,72.0,In Stock,2026-07-20
OFF-AP-10001931,Singapore Warehouse,450.0,90.0,In Stock,2026-07-20
OFF-ACC-10000808,Singapore Warehouse,233.0,46.0,In Stock,2026-07-20
FUR-FU-10002848,Rotterdam Warehouse,102.0,20.0,In Stock,2026-07-20
TEC-MA-10000605,Chicago Warehouse,112.0,22.0,In Stock,2026-07-20
OFF-PA-10001212,Singapore Warehouse,500.0,100.0,In Stock,2026-07-20
OFF-EN-10003832,Singapore Warehouse,463.0,92.0,In Stock,2026-07-20
FUR-BO-10000411,Rotterdam Warehouse,133.0,26.0,In Stock,2026-07-20
OFF-STO-10000923,Singapore Warehouse,377.0,75.0,In Stock,2026-07-20
TEC-AC-10004016,Chicago Warehouse,143.0,28.0,In Stock,2026-07-20
OFF-EN-10001443,Singapore Warehouse,471.0,94.0,In Stock,2026-07-20
OFF-EN-10002581,Singapore Warehouse,445.0,89.0,In Stock,2026-07-20
OFF-WIL-10002787,Singapore Warehouse,344.0,68.0,,2026-07-20
FUR-FU-10000975,Rotterdam Warehouse,96.0,19.0,In Stock,2026-07-20
OFF-PA-10002974,Singapore Warehouse,278.0,55.0,In Stock,2026-07-20
OFF-ST-10004337,Singapore Warehouse,216.0,43.0,In Stock,2026-07-20
OFF-EN-10002749,Singapore Warehouse,466.0,93.0,In Stock,2026-07-20
OFF-FA-10000353,Singapore Warehouse,325.0,65.0,,2026-07-20
TEC-SAN-10001899,Chicago Warehouse,80.0,16.0,In Stock,2026-07-20
TEC-AC-10002158,Chicago Warehouse,197.0,39.0,IN STOCK,2026-07-20
TEC-AC-10002335,Chicago Warehouse,202.0,40.0,In Stock,2026-07-20
TEC-PAN-10000577,,182.0,36.0,In Stock,2026-07-20
FUR-BO-10002975,Rotterdam Warehouse,102.0,20.0,In Stock,2026-07-20
TEC-PH-10002154,Chicago Warehouse,210.0,42.0,In Stock,2026-07-20
FUR-NOV-10002107,Rotterdam Warehouse,142.0,28.0,In Stock,20/07/2026
OFF-PA-10004589,Singapore Warehouse,,73.0,In Stock,2026-07-20
TEC-AC-10002013,Chicago Warehouse,208.0,41.0,In Stock,2026-07-20
OFF-FA-10003816,,254.0,50.0,In Stock,2026-07-20
TEC-PH-10002755,Chicago Warehouse,232.0,46.0,In Stock,2026-07-20
TEC-AC-10004696,Chicago Warehouse,227.0,45.0,In Stock,2026-07-20
OFF-PA-10001691,Singapore Warehouse,328.0,65.0,In Stock,2026-07-20
OFF-STO-10001239,Singapore Warehouse,430.0,86.0,In Stock,2026-07-20
TEC-AC-10003951,Chicago Warehouse,205.0,41.0,In Stock,2026-07-20
OFF-PA-10001661,Singapore Warehouse,439.0,87.0,In Stock,2026-07-20
OFF-PA-10001001,Singapore Warehouse,283.0,56.0,In Stock,20/07/2026
OFF-STO-10000683,Singapore Warehouse,328.0,65.0,In Stock,2026-07-20
OFF-SU-10001500,Singapore Warehouse,272.0,54.0,In Stock,2026-07-20
OFF-ST-10000123,Singapore Warehouse,391.0,78.0,In Stock,2026-07-20
TEC-CO-10003506,Chicago Warehouse,80.0,16.0,In Stock,2026-07-20
OFF-EN-10004995,Singapore Warehouse,433.0,86.0,In Stock,2026-07-20
FUR-CH-10004448,Rotterdam Warehouse,100.0,20.0,IN STOCK,2026-07-20
FUR-IKE-10003642,Rotterdam Warehouse,95.0,19.0,In Stock,20/07/2026
OFF-EN-10000271,Singapore Warehouse,415.0,83.0,In Stock,2026-07-20
OFF-EN-10002789,Singapore Warehouse,274.0,54.0,In Stock,2026-07-20
OFF-FA-10001029,Singapore Warehouse,486.0,97.0,In Stock,2026-07-20
OFF-CUI-10003993,Singapore Warehouse,301.0,60.0,In Stock,2026-07-20
FUR-CH-10001423,Rotterdam Warehouse,65.0,13.0,In Stock,2026-07-20
TEC-MA-10002306,Chicago Warehouse,176.0,35.0,In Stock,2026-07-20
FUR-BAR-10004553,Rotterdam Warehouse,131.0,26.0,In Stock,2026-07-20
OFF-ENE-10002922,Singapore Warehouse,,66.0,In Stock,2026-07-20
TEC-CO-10001192,Chicago Warehouse,97.0,19.0,In Stock,2026-07-20
OFF-ENE-10002470,Singapore Warehouse,424.0,84.0,In Stock,2026-07-20
FUR-CH-10004086,Rotterdam Warehouse,70.0,14.0,In Stock,2026-07-20
TEC-AC-10002749,Chicago Warehouse,146.0,29.0,In Stock,2026-07-20
OFF-SAN-10001681,Singapore Warehouse,213.0,42.0,In Stock,2026-07-20
OFF-PA-10002120,Singapore Warehouse,489.0,97.0,In Stock,2026-07-20
FUR-TA-10004820,Rotterdam Warehouse,58.0,11.0,In Stock,2026-07-20
OFF-BI-10000621,Singapore Warehouse,278.0,55.0,In Stock,20/07/2026
FUR-FU-10000885,Rotterdam Warehouse,,10.0,In Stock,2026-07-20
TEC-MA-10004414,Chicago Warehouse,250.0,50.0,In Stock,
TEC-CO-10004263,Chicago Warehouse,106.0,21.0,In Stock,2026-07-20
OFF-PA-10001656,Singapore Warehouse,227.0,45.0,In Stock,20/07/2026
OFF-ST-10000107,Singapore Warehouse,303.0,60.0,In Stock,2026-07-20
OFF-FA-10004067,Singapore Warehouse,379.0,75.0,In Stock,2026-07-20
FUR-CH-10001147,Rotterdam Warehouse,82.0,16.0,In Stock,2026-07-20
FUR-CH-10004790,Rotterdam Warehouse,139.0,27.0,In Stock,2026-07-20
FUR-CH-10002093,Rotterdam Warehouse,60.0,12.0,In Stock,2026-07-20
OFF-AR-10001662,Singapore Warehouse,492.0,98.0,In Stock,2026-07-20
TEC-BEL-10004162,Chicago Warehouse,186.0,37.0,IN STOCK,2026-07-20
OFF-FA-10004424,Singapore Warehouse,239.0,47.0,In Stock,2026-07-20
OFF-ROG-10003993,Singapore Warehouse,376.0,75.0,In Stock,2026-07-20
TEC-APP-10000308,Chicago Warehouse ,246.0,49.0,In Stock,2026-07-20
OFF-FA-10002045,,239.0,47.0,In Stock,2026-07-20
OFF-ELI-10003911,Singapore Warehouse,457.0,91.0,In Stock,2026-07-20
TEC-PH-10004553,Chicago Warehouse,167.0,33.0,In Stock,2026-07-20
OFF-AVE-10004570,Singapore Warehouse,491.0,98.0,IN STOCK,2026-07-20
FUR-FU-10000222,Rotterdam Warehouse,136.0,27.0,In Stock,2026-07-20
OFF-BI-10003373,Singapore Warehouse,221.0,44.0,In Stock,2026-07-20
FUR-RUB-10003699,Rotterdam Warehouse,89.0,17.0,In Stock,2026-07-20
OFF-LA-10000219,Singapore Warehouse,305.0,61.0,In Stock,2026-07-20
FUR-BO-10003404,Rotterdam Warehouse,86.0,17.0,In Stock,2026-07-20
TEC-MA-10003553,Chicago Warehouse,200.0,40.0,In Stock,2026-07-20
OFF-LA-10003591,Singapore Warehouse,410.0,82.0,IN STOCK,2026-07-20
TEC-MA-10002910,Chicago Warehouse,190.0,38.0,IN STOCK,2026-07-20
OFF-SU-10001840,Singapore Warehouse,434.0,86.0,In Stock,2026-07-20
OFF-PA-10004815,Singapore Warehouse,461.0,92.0,In Stock,2026-07-20
TEC-PH-10001264,Chicago Warehouse,159.0,31.0,In Stock,2026-07-20
OFF-PA-10003001,Singapore Warehouse,291.0,58.0,In Stock,2026-07-20
FUR-BO-10004434,Rotterdam Warehouse,82.0,16.0,In Stock,2026-07-20
TEC-PH-10003994,Chicago Warehouse,150.0,30.0,In Stock,2026-07-20
TEC-AC-10000890,Chicago Warehouse,102.0,20.0,In Stock,2026-07-20
OFF-EN-10001755,Singapore Warehouse,491.0,98.0,IN STOCK,2026-07-20
OFF-EN-10003000,Singapore Warehouse,343.0,68.0,In Stock,2026-07-20
OFF-BI-10004908,Singapore Warehouse,254.0,50.0,In Stock,2026-07-20
TEC-AC-10004939,Chicago Warehouse,239.0,47.0,IN STOCK,2026-07-20
OFF-BI-10002047,Singapore Warehouse,307.0,61.0,In Stock,2026-07-20
FUR-FU-10001063,Rotterdam Warehouse,140.0,28.0,In Stock,2026-07-20
OFF-PA-10003309,Singapore Warehouse,406.0,81.0,In Stock,2026-07-20
OFF-BI-10000389,Singapore Warehouse,314.0,62.0,In Stock,2026-07-20
TEC-AC-10001056,Chicago Warehouse,156.0,31.0,In Stock,
FUR-FU-10001893,Rotterdam Warehouse,143.0,28.0,In Stock,2026-07-20
TEC-PH-10003555,Chicago Warehouse,126.0,25.0,In Stock,2026-07-20
FUR-FU-10004864,Rotterdam Warehouse,123.0,24.0,In Stock,2026-07-20
TEC-MA-10003084,Chicago Warehouse,145.0,29.0,In Stock,2026-07-20
OFF-EN-10002007,Singapore Warehouse,391.0,78.0,In Stock,2026-07-20
OFF-HAR-10000414,Singapore Warehouse,208.0,41.0,In Stock,2026-07-20
TEC-CO-10001271,Chicago Warehouse,159.0,31.0,In Stock,2026-07-20
OFF-BI-10004600,Singapore Warehouse,210.0,42.0,In Stock,2026-07-20
TEC-CO-10002313,Chicago Warehouse,155.0,31.0,In Stock,2026-07-20
FUR-DAN-10001557,Rotterdam Warehouse,88.0,17.0,In Stock,2026-07-20
FUR-CH-10004652,Rotterdam Warehouse,60.0,12.0,In Stock,2026-07-20
FUR-BO-10001073,Rotterdam Warehouse,63.0,12.0,In Stock,2026-07-20
FUR-TA-10002650,Rotterdam Warehouse,146.0,29.0,In Stock,2026-07-20
FUR-BO-10001585,Rotterdam Warehouse,85.0,17.0,In Stock,2026-07-20
OFF-AR-10001291,Singapore Warehouse ,380.0,,In Stock,2026-07-20
FUR-TA-10001100,,61.0,12.0,In Stock,2026-07-20
FUR-BO-10004773,Rotterdam Warehouse,93.0,18.0,In Stock,2026-07-20
OFF-BI-10002949,Singapore Warehouse,314.0,62.0,In Stock,2026-07-20
OFF-SU-10004848,Singapore Warehouse,422.0,84.0,In Stock,2026-07-20
OFF-PA-10003586,Singapore Warehouse,206.0,,In Stock,2026-07-20
OFF-LA-10004425,Singapore Warehouse,250.0,50.0,In Stock,2026-07-20
TEC-CIS-10002986,Chicago Warehouse,196.0,39.0,In Stock,2026-07-20
FUR-CH-10004746,Rotterdam Warehouse,141.0,28.0,In Stock,2026-07-20
OFF-AP-10000213,Singapore Warehouse,474.0,94.0,In Stock,2026-07-20
FUR-FU-10000256,Rotterdam Warehouse,109.0,21.0,In Stock,2026-07-20
OFF-ST-10004412,Singapore Warehouse,311.0,62.0,In Stock,2026-07-20
OFF-AR-10000110,Singapore Warehouse,209.0,41.0,In Stock,2026-07-20
OFF-SU-10003789,Singapore Warehouse,314.0,62.0,In Stock,2026-07-20
TEC-MA-10004535,Chicago Warehouse,148.0,29.0,In Stock,2026-07-20
OFF-BIC-10003575,Singapore Warehouse,257.0,51.0,In Stock,2026-07-20
OFF-EN-10000556,Singapore Warehouse,224.0,44.0,In Stock,2026-07-20
TEC-CO-10003568,Chicago Warehouse,,24.0,IN STOCK,2026-07-20
OFF-LA-10002805,Singapore Warehouse,329.0,65.0,In Stock,2026-07-20
TEC-MA-10001569,Chicago Warehouse,109.0,21.0,In Stock,2026-07-20
OFF-ST-10002011,Singapore Warehouse,367.0,73.0,In Stock,2026-07-20
OFF-LA-10004795,Singapore Warehouse,201.0,40.0,In Stock,2026-07-20
FUR-FU-10000368,Rotterdam Warehouse,64.0,12.0,In Stock,2026-07-20
TEC-AC-10001564,Chicago Warehouse,188.0,37.0,In Stock,2026-07-20
TEC-MA-10003868,Chicago Warehouse,146.0,29.0,In Stock,2026-07-20
OFF-PA-10003389,Singapore Warehouse,366.0,73.0,In Stock,2026-07-20
FUR-FU-10004888,Rotterdam Warehouse,104.0,20.0,In Stock,2026-07-20
OFF-FA-10004398,Singapore Warehouse,425.0,85.0,In Stock,2026-07-20
TEC-CO-10000666,Chicago Warehouse,249.0,49.0,IN STOCK,2026-07-20
OFF-AR-10000540,Singapore Warehouse,246.0,49.0,In Stock,2026-07-20
FUR-BO-10002824,Rotterdam Warehouse,52.0,10.0,In Stock,2026-07-20
FUR-NOV-10002939,Rotterdam Warehouse,96.0,19.0,In-Stock,2026-07-20
FUR-BO-10001811,Rotterdam Warehouse,128.0,25.0,In Stock,2026-07-20
TEC-AC-10000158,Chicago Warehouse,155.0,31.0,In Stock,20/07/2026
OFF-BI-10004308,Singapore Warehouse,480.0,96.0,In Stock,2026-07-20
TEC-AC-10000264,,159.0,31.0,In Stock,2026-07-20
TEC-AC-10001838,Chicago Warehouse,160.0,32.0,In Stock,2026-07-20
OFF-ST-10001357,Singapore Warehouse,274.0,54.0,In Stock,2026-07-20
OFF-PA-10002539,Singapore Warehouse,239.0,47.0,In Stock,2026-07-20
OFF-ST-10002233,Singapore Warehouse,452.0,90.0,In Stock,2026-07-20
OFF-AR-10001216,Singapore Warehouse,471.0,94.0,In Stock,2026-07-20
TEC-MA-10000559,Chicago Warehouse,173.0,34.0,In Stock,2026-07-20
OFF-AR-10000833,Singapore Warehouse,437.0,87.0,In Stock,2026-07-20
OFF-SU-10004091,Singapore Warehouse,222.0,44.0,In Stock,2026-07-20
OFF-PA-10001301,Singapore Warehouse,206.0,41.0,In Stock,2026-07-20
OFF-TEN-10000794,Singapore Warehouse,488.0,97.0,In Stock,2026-07-20
OFF-AP-10000358,Singapore Warehouse,,62.0,In Stock,2026-07-20
OFF-BI-10002607,Singapore Warehouse,208.0,41.0,In Stock,2026-07-20
TEC-MA-10003704,Chicago Warehouse,197.0,39.0,In Stock,2026-07-20
OFF-SME-10003305,Singapore Warehouse,235.0,47.0,In Stock,2026-07-20
OFF-EN-10002679,Singapore Warehouse,,96.0,In Stock,2026-07-20
FUR-TA-10001622,Rotterdam Warehouse,78.0,15.0,In Stock,2026-07-20
OFF-FA-10003977,Singapore Warehouse,294.0,58.0,In Stock,2026-07-20
TEC-CO-10000887,Chicago Warehouse,204.0,40.0,In Stock,2026-07-20
FUR-FU-10003664,Rotterdam Warehouse,116.0,23.0,In Stock,2026-07-20
FUR-TA-10003591,Rotterdam Warehouse,60.0,12.0,In Stock,2026-07-20
OFF-NOV-10004680,Singapore Warehouse,429.0,85.0,In Stock,2026-07-20
OFF-SU-10001125,Singapore Warehouse,475.0,95.0,In Stock,2026-07-20
OFF-EN-10002008,Singapore Warehouse,367.0,73.0,In Stock,2026-07-20
FUR-LES-10002613,Rotterdam Warehouse,55.0,11.0,In Stock,2026-07-20
OFF-LA-10002389,Singapore Warehouse,402.0,80.0,In Stock,2026-07-20
TEC-AC-10004520,Chicago Warehouse,205.0,41.0,In Stock,20/07/2026
OFF-FA-10003161,Singapore Warehouse,452.0,90.0,In Stock,2026-07-20
FUR-CH-10001797,Rotterdam Warehouse,123.0,24.0,In Stock,2026-07-20
OFF-AP-10001634,Singapore Warehouse,375.0,75.0,In Stock,2026-07-20
OFF-BI-10004965,Singapore Warehouse,341.0,68.0,In Stock,2026-07-20
OFF-STO-10000924,Singapore Warehouse,213.0,42.0,In Stock,2026-07-20
TEC-BEL-10002678,Chicago Warehouse,205.0,41.0,In Stock,2026-07-20
TEC-BEL-10002106,Chicago Warehouse,150.0,30.0,In Stock,2026-07-20
OFF-ST-10003414,Singapore Warehouse,226.0,45.0,In Stock,2026-07-20
OFF-PA-10003039,Singapore Warehouse,320.0,64.0,In Stock,2026-07-20
TEC-EPS-10004111,Chicago Warehouse,247.0,49.0,In Stock,2026-07-20
TEC-PH-10003774,Chicago Warehouse,196.0,39.0,In Stock,2026-07-20
OFF-ST-10003286,Singapore Warehouse,340.0,68.0,In Stock,2026-07-20
TEC-AC-10000763,Chicago Warehouse,221.0,,In Stock,2026-07-20
OFF-BI-10000201,Singapore Warehouse,247.0,49.0,In Stock,20/07/2026
FUR-FU-10001393,Rotterdam Warehouse ,80.0,16.0,In Stock,2026-07-20
